source_event_id,case_id,activity,from_ts,to_ts,resource,depot,area,equipment_id,equipment_type,cost_amount,priority
,WO-2026-00001,Fault Reported,2026-03-19 19:17:00,2026-03-19 21:49:00,T-202,South Depot,C-Workshop,EQ-1682,Pump,1145.51,Medium
,WO-2026-00001,Triaged,2026-03-19 19:37:00,2026-03-19 21:41:00,T-202,South Depot,C-Workshop,EQ-1682,Pump,1236.52,High
,WO-2026-00001,Parts Ordered,2026-03-22 20:37:00,2026-03-22 22:53:00,T-202,South Depot,C-Workshop,EQ-1682,Pump,,Low
,WO-2026-00001,Parts Received,2026-03-23 00:05:00,2026-03-23 01:06:00,T-202,South Depot,C-Workshop,EQ-1682,Pump,857.35,High
,WO-2026-00001,Repair Started,2026-03-23 08:05:00,2026-03-23 09:47:00,T-202,South Depot,C-Workshop,EQ-1682,Pump,1644.00,High
,WO-2026-00001,Repair Completed,2026-03-23 16:05:00,2026-03-23 17:03:00,T-202,South Depot,C-Workshop,EQ-1682,Pump,2160.75,Medium
EVT-0000007,WO-2026-00001,Tested,2026-03-23 19:17:00,2026-03-23 20:05:00,T-101,North Depot,C-Workshop,EQ-1682,Pump,,Low
EVT-0000008,WO-2026-00001,Returned to Service,2026-03-23 21:57:00,2026-03-23 23:18:00,T-101,North Depot,C-Workshop,EQ-1682,Pump,987.89,Low
EVT-0000009,WO-2026-00002,Fault Reported,2026-03-01 01:24:00,2026-03-01 02:23:00,T-102,North Depot,S-Field,EQ-1066,Valve Assembly,1215.95,
EVT-0000010,WO-2026-00002,Triaged,2026-03-01 03:33:00,2026-03-01 05:47:00,T-102,North Depot,S-Field,EQ-1066,Valve Assembly,1080.48,Low
EVT-0000011,WO-2026-00002,Escalated to Specialist,2026-03-01 04:37:00,2026-03-01 07:16:00,T-102,North Depot,S-Field,EQ-1066,Valve Assembly,1700.74,
EVT-0000012,WO-2026-00002,Parts Ordered,2026-03-02 16:37:00,2026-03-02 19:17:00,T-102,North Depot,S-Field,EQ-1066,Valve Assembly,550.81,Medium
EVT-0000013,WO-2026-00002,Parts Received,2026-03-02 17:22:00,2026-03-02 17:29:00,T-102,North Depot,S-Field,EQ-1066,Valve Assembly,,Low
EVT-0000014,WO-2026-00002,Repair Started,2026-03-03 01:22:00,2026-03-03 01:34:00,T-102,North Depot,S-Field,EQ-1066,Valve Assembly,,Low
EVT-0000015,WO-2026-00002,Repair Completed,2026-03-03 05:22:00,2026-03-03 07:05:00,T-102,North Depot,S-Field,EQ-1066,Valve Assembly,175.91,Low
,WO-2026-00002,Tested,2026-03-03 06:07:00,2026-03-03 06:49:00,T-302,South Depot,S-Field,EQ-1066,Valve Assembly,1306.68,
,WO-2026-00002,Returned to Service,2026-03-03 08:54:00,2026-03-03 11:47:00,T-302,South Depot,S-Field,EQ-1066,Valve Assembly,1045.57,Low
EVT-0000018,WO-2026-00003,Fault Reported,2026-05-03 19:36:00,2026-05-03 20:12:00,T-101,North Depot,N-Bay-2,EQ-1786,Compressor,,Medium
EVT-0000019,WO-2026-00003,Triaged,2026-05-03 22:45:00,2026-05-03 23:28:00,T-101,North Depot,N-Bay-2,EQ-1786,Compressor,1693.35,Medium
EVT-0000020,WO-2026-00003,Parts Ordered,2026-05-05 12:45:00,2026-05-05 14:36:00,T-101,North Depot,N-Bay-2,EQ-1786,Compressor,2164.96,Medium
EVT-0000021,WO-2026-00003,Parts Received,2026-05-05 15:11:00,2026-05-05 15:30:00,T-101,North Depot,N-Bay-2,EQ-1786,Compressor,,Medium
EVT-0000022,WO-2026-00003,Repair Started,2026-05-05 16:11:00,2026-05-05 17:24:00,T-302,Central Depot,N-Bay-2,EQ-1786,Compressor,888.29,High
EVT-0000023,WO-2026-00003,Repair Completed,2026-05-06 00:11:00,2026-05-06 00:38:00,T-302,Central Depot,N-Bay-2,EQ-1786,Compressor,1829.66,Low
EVT-0000024,WO-2026-00003,Tested,2026-05-06 02:26:00,2026-05-06 04:36:00,T-302,Central Depot,N-Bay-2,EQ-1786,Compressor,1334.97,High
EVT-0000025,WO-2026-00003,Returned to Service,2026-05-06 02:43:00,2026-05-06 02:58:00,T-302,Central Depot,N-Bay-2,EQ-1786,Compressor,845.57,
,WO-2026-00004,Fault Reported,2026-03-25 06:09:00,2026-03-25 08:28:00,T-202,South Depot,S-Bay-1,EQ-1934,Conveyor,1387.68,
,WO-2026-00004,Triaged,2026-03-25 09:22:00,2026-03-25 12:00:00,T-202,South Depot,S-Bay-1,EQ-1934,Conveyor,140.48,Medium
,WO-2026-00004,Parts Ordered,2026-03-27 14:22:00,2026-03-27 16:47:00,T-202,South Depot,S-Bay-1,EQ-1934,Conveyor,1505.50,Medium
,WO-2026-00004,Parts Received,2026-03-27 17:54:00,2026-03-27 18:20:00,T-202,South Depot,S-Bay-1,EQ-1934,Conveyor,1808.12,
,WO-2026-00004,Repair Started,2026-03-28 03:54:00,2026-03-28 04:53:00,T-202,South Depot,S-Bay-1,EQ-1934,Conveyor,421.92,High
,WO-2026-00004,Repair Completed,2026-03-28 05:54:00,2026-03-28 06:58:00,T-202,South Depot,S-Bay-1,EQ-1934,Conveyor,937.85,
,WO-2026-00004,Tested,2026-03-28 06:59:00,2026-03-28 09:20:00,T-202,South Depot,S-Bay-1,EQ-1934,Conveyor,2109.97,
,WO-2026-00004,Returned to Service,2026-03-28 07:59:00,2026-03-28 10:55:00,T-202,South Depot,S-Bay-1,EQ-1934,Conveyor,1207.08,High
EVT-0000034,WO-2026-00005,Fault Reported,2026-05-08 10:15:00,2026-05-08 12:05:00,T-302,Central Depot,N-Bay-2,EQ-1701,Compressor,2016.11,
EVT-0000035,WO-2026-00005,Triaged,2026-05-08 11:23:00,2026-05-08 11:34:00,T-302,Central Depot,N-Bay-2,EQ-1701,Compressor,718.14,Low
EVT-0000036,WO-2026-00005,Parts Ordered,2026-05-10 22:23:00,2026-05-10 23:17:00,T-302,Central Depot,N-Bay-2,EQ-1701,Compressor,1120.14,
EVT-0000037,WO-2026-00005,Parts Received,2026-05-10 23:48:00,2026-05-11 01:48:00,T-302,Central Depot,N-Bay-2,EQ-1701,Compressor,,High
EVT-0000038,WO-2026-00005,Repair Started,2026-05-11 04:48:00,2026-05-11 04:53:00,T-302,Central Depot,N-Bay-2,EQ-1701,Compressor,1584.14,Low
EVT-0000039,WO-2026-00005,Repair Completed,2026-05-11 07:48:00,2026-05-11 09:54:00,T-302,Central Depot,N-Bay-2,EQ-1701,Compressor,1654.44,Low
EVT-0000040,WO-2026-00005,Tested,2026-05-11 09:11:00,2026-05-11 11:45:00,T-102,North Depot,N-Bay-2,EQ-1701,Compressor,129.81,Low
EVT-0000041,WO-2026-00005,Returned to Service,2026-05-11 09:20:00,2026-05-11 12:08:00,T-201,Central Depot,N-Bay-2,EQ-1701,Compressor,705.64,
,WO-2026-00006,Fault Reported,2026-05-26 08:00:00,2026-05-26 08:05:00,T-202,South Depot,N-Bay-1,EQ-1170,Compressor,1576.88,High
,WO-2026-00006,Triaged,2026-05-26 11:18:00,2026-05-26 12:06:00,T-202,South Depot,N-Bay-1,EQ-1170,Compressor,1665.76,Medium
EVT-0000044,WO-2026-00007,Fault Reported,2026-05-02 23:02:00,2026-05-03 01:01:00,T-201,Central Depot,N-Bay-1,EQ-1768,Conveyor,,High
EVT-0000045,WO-2026-00007,Triaged,2026-05-03 01:36:00,2026-05-03 02:07:00,T-201,Central Depot,N-Bay-1,EQ-1768,Conveyor,771.20,Low
EVT-0000046,WO-2026-00007,Parts Ordered,2026-05-04 09:36:00,2026-05-04 11:17:00,T-201,Central Depot,N-Bay-1,EQ-1768,Conveyor,325.66,Low
EVT-0000047,WO-2026-00007,Parts Received,2026-05-04 12:51:00,2026-05-04 13:23:00,T-201,Central Depot,N-Bay-1,EQ-1768,Conveyor,,Medium
EVT-0000048,WO-2026-00007,Repair Started,2026-05-04 23:51:00,2026-05-05 01:40:00,T-201,Central Depot,N-Bay-1,EQ-1768,Conveyor,1624.50,Low
EVT-0000049,WO-2026-00007,Repair Completed,2026-05-05 05:51:00,2026-05-05 08:45:00,T-201,Central Depot,N-Bay-1,EQ-1768,Conveyor,254.32,Low
EVT-0000050,WO-2026-00007,Tested,2026-05-05 06:16:00,2026-05-05 06:34:00,T-201,Central Depot,N-Bay-1,EQ-1768,Conveyor,1817.50,
EVT-0000051,WO-2026-00007,Repair Started,2026-05-05 18:16:00,2026-05-05 19:00:00,T-201,Central Depot,N-Bay-1,EQ-1768,Conveyor,2099.42,Medium
EVT-0000052,WO-2026-00007,Repair Completed,2026-05-06 00:16:00,2026-05-06 01:59:00,T-201,Central Depot,N-Bay-1,EQ-1768,Conveyor,1239.46,Low
EVT-0000053,WO-2026-00007,Tested,2026-05-06 01:22:00,2026-05-06 03:40:00,T-201,Central Depot,N-Bay-1,EQ-1768,Conveyor,,Low
EVT-0000054,WO-2026-00007,Returned to Service,2026-05-06 03:04:00,2026-05-06 04:25:00,T-201,Central Depot,N-Bay-1,EQ-1768,Conveyor,,High
EVT-0000055,WO-2026-00008,Fault Reported,2026-02-26 17:16:00,2026-02-26 20:12:00,T-201,Central Depot,N-Bay-1,EQ-1311,Pump,2006.84,High
EVT-0000056,WO-2026-00008,Triaged,2026-02-26 19:23:00,2026-02-26 21:14:00,T-201,Central Depot,N-Bay-1,EQ-1311,Pump,264.96,High
,WO-2026-00008,Parts Ordered,2026-03-01 15:23:00,2026-03-01 16:02:00,T-301,South Depot,N-Bay-1,EQ-1311,Pump,,Low
,WO-2026-00008,Parts Received,2026-03-01 17:59:00,2026-03-01 19:51:00,T-302,South Depot,N-Bay-1,EQ-1311,Pump,,Medium
,WO-2026-00008,Repair Started,2026-03-01 23:59:00,2026-03-02 02:13:00,T-302,South Depot,N-Bay-1,EQ-1311,Pump,2162.79,High
,WO-2026-00008,Repair Completed,2026-03-02 09:59:00,2026-03-02 11:46:00,T-302,South Depot,N-Bay-1,EQ-1311,Pump,,Low
,WO-2026-00008,Tested,2026-03-02 10:43:00,2026-03-02 11:28:00,T-302,South Depot,N-Bay-1,EQ-1311,Pump,162.64,Low
,WO-2026-00008,Returned to Service,2026-03-02 13:16:00,2026-03-02 14:29:00,T-302,South Depot,N-Bay-1,EQ-1311,Pump,871.14,Low
EVT-0000063,WO-2026-00009,Fault Reported,2026-05-20 04:04:00,2026-05-20 05:20:00,T-101,North Depot,C-Workshop,EQ-1096,Generator,1323.73,Low
EVT-0000064,WO-2026-00009,Triaged,2026-05-20 04:33:00,2026-05-20 05:32:00,T-101,North Depot,C-Workshop,EQ-1096,Generator,,High
EVT-0000065,WO-2026-00009,Parts Ordered,2026-05-22 11:33:00,2026-05-22 12:47:00,T-101,North Depot,C-Workshop,EQ-1096,Generator,,
EVT-0000066,WO-2026-00009,Parts Received,2026-05-22 12:01:00,2026-05-22 12:41:00,T-101,North Depot,C-Workshop,EQ-1096,Generator,911.92,
EVT-0000067,WO-2026-00009,Repair Started,2026-05-22 19:01:00,2026-05-22 21:19:00,T-101,North Depot,C-Workshop,EQ-1096,Generator,686.34,
EVT-0000068,WO-2026-00009,Repair Completed,2026-05-23 06:01:00,2026-05-23 06:59:00,T-101,North Depot,C-Workshop,EQ-1096,Generator,2318.64,
EVT-0000069,WO-2026-00009,Tested,2026-05-23 07:16:00,2026-05-23 07:34:00,T-101,North Depot,C-Workshop,EQ-1096,Generator,1588.11,High
EVT-0000070,WO-2026-00009,Returned to Service,2026-05-23 09:16:00,2026-05-23 10:14:00,T-101,North Depot,C-Workshop,EQ-1096,Generator,280.65,Low
EVT-0000071,WO-2026-00010,Fault Reported,2026-04-29 20:41:00,2026-04-29 23:01:00,T-302,Central Depot,S-Field,EQ-1672,Compressor,1365.25,
EVT-0000072,WO-2026-00010,Triaged,2026-04-29 23:50:00,2026-04-30 02:46:00,T-302,Central Depot,S-Field,EQ-1672,Compressor,120.85,Medium
EVT-0000073,WO-2026-00010,Triaged,2026-04-30 03:45:00,2026-04-30 06:37:00,T-302,Central Depot,S-Field,EQ-1672,Compressor,837.74,High
EVT-0000074,WO-2026-00010,Parts Ordered,2026-05-02 07:45:00,2026-05-02 08:09:00,T-302,Central Depot,S-Field,EQ-1672,Compressor,,High
EVT-0000075,WO-2026-00010,Parts Received,2026-05-02 08:48:00,2026-05-02 11:39:00,T-302,Central Depot,S-Field,EQ-1672,Compressor,2005.45,Medium
EVT-0000076,WO-2026-00010,Repair Started,2026-05-02 12:48:00,2026-05-02 13:39:00,T-302,Central Depot,S-Field,EQ-1672,Compressor,1472.07,
EVT-0000077,WO-2026-00010,Repair Completed,2026-05-02 18:48:00,2026-05-02 19:01:00,T-302,Central Depot,S-Field,EQ-1672,Compressor,825.97,
EVT-0000078,WO-2026-00010,Tested,2026-05-02 19:40:00,2026-05-02 19:47:00,T-302,Central Depot,S-Field,EQ-1672,Compressor,2501.43,High
EVT-0000079,WO-2026-00010,Returned to Service,2026-05-02 20:51:00,2026-05-02 21:54:00,T-102,North Depot,S-Field,EQ-1672,Compressor,802.09,
EVT-0000080,WO-2026-00011,Fault Reported,2026-01-30 19:30:00,2026-01-30 22:13:00,T-102,North Depot,N-Bay-1,EQ-1623,Pump,1331.43,Low
EVT-0000081,WO-2026-00011,Triaged,2026-01-30 22:48:00,2026-01-30 22:57:00,T-102,North Depot,N-Bay-1,EQ-1623,Pump,,High
EVT-0000082,WO-2026-00011,Parts Ordered,2026-02-02 14:48:00,2026-02-02 15:11:00,T-102,North Depot,N-Bay-1,EQ-1623,Pump,711.66,High
EVT-0000083,WO-2026-00011,Parts Received,2026-02-02 15:57:00,2026-02-02 16:54:00,T-102,North Depot,N-Bay-1,EQ-1623,Pump,561.46,
EVT-0000084,WO-2026-00011,Repair Started,2026-02-03 01:57:00,2026-02-03 04:39:00,T-202,Central Depot,N-Bay-1,EQ-1623,Pump,967.38,
EVT-0000085,WO-2026-00011,Repair Completed,2026-02-03 10:57:00,2026-02-03 11:55:00,T-202,Central Depot,N-Bay-1,EQ-1623,Pump,,
,WO-2026-00011,Tested,2026-02-03 12:39:00,2026-02-03 15:02:00,T-302,South Depot,N-Bay-1,EQ-1623,Pump,487.11,
,WO-2026-00011,Returned to Service,2026-02-03 14:15:00,2026-02-03 17:03:00,T-302,South Depot,N-Bay-1,EQ-1623,Pump,1469.06,High
EVT-0000088,WO-2026-00012,Fault Reported,2026-04-29 06:38:00,2026-04-29 08:00:00,T-102,North Depot,N-Bay-2,EQ-1849,Conveyor,2498.92,High
EVT-0000089,WO-2026-00012,Triaged,2026-04-29 07:08:00,2026-04-29 09:05:00,T-102,North Depot,N-Bay-2,EQ-1849,Conveyor,2354.19,High
EVT-0000090,WO-2026-00012,Parts Ordered,2026-04-30 23:08:00,2026-04-30 23:30:00,T-102,North Depot,N-Bay-2,EQ-1849,Conveyor,,High
EVT-0000091,WO-2026-00012,Parts Received,2026-05-01 02:02:00,2026-05-01 04:37:00,T-102,North Depot,N-Bay-2,EQ-1849,Conveyor,2220.02,
EVT-0000092,WO-2026-00012,Repair Started,2026-05-01 12:02:00,2026-05-01 12:46:00,T-102,North Depot,N-Bay-2,EQ-1849,Conveyor,,High
,WO-2026-00012,Repair Completed,2026-05-02 00:02:00,2026-05-02 02:45:00,T-202,South Depot,N-Bay-2,EQ-1849,Conveyor,1693.60,Medium
EVT-0000094,WO-2026-00012,Tested,2026-05-02 01:30:00,2026-05-02 02:45:00,T-101,North Depot,N-Bay-2,EQ-1849,Conveyor,1898.51,Low
EVT-0000095,WO-2026-00012,Returned to Service,2026-05-02 03:34:00,2026-05-02 05:25:00,T-101,North Depot,N-Bay-2,EQ-1849,Conveyor,,Low
EVT-0000096,WO-2026-00013,Fault Reported,2026-04-26 23:37:00,2026-04-27 01:57:00,T-102,North Depot,N-Bay-2,EQ-1295,Compressor,1747.78,Medium
EVT-0000097,WO-2026-00013,Triaged,2026-04-27 01:29:00,2026-04-27 03:59:00,T-102,North Depot,N-Bay-2,EQ-1295,Compressor,839.75,Medium
EVT-0000098,WO-2026-00013,Parts Ordered,2026-04-28 23:29:00,2026-04-29 00:24:00,T-102,North Depot,N-Bay-2,EQ-1295,Compressor,127.24,
EVT-0000099,WO-2026-00013,Parts Received,2026-04-29 03:23:00,2026-04-29 05:43:00,T-102,North Depot,N-Bay-2,EQ-1295,Compressor,1582.37,Medium
EVT-0000100,WO-2026-00013,Repair Started,2026-04-29 14:23:00,2026-04-29 16:29:00,T-102,North Depot,N-Bay-2,EQ-1295,Compressor,1930.10,Low
EVT-0000101,WO-2026-00013,Repair Completed,2026-04-29 17:23:00,2026-04-29 20:20:00,T-102,North Depot,N-Bay-2,EQ-1295,Compressor,1446.67,Medium
EVT-0000102,WO-2026-00013,Tested,2026-04-29 18:46:00,2026-04-29 20:16:00,T-102,North Depot,N-Bay-2,EQ-1295,Compressor,932.35,Medium
EVT-0000103,WO-2026-00013,Returned to Service,2026-04-29 21:51:00,2026-04-30 00:30:00,T-102,North Depot,N-Bay-2,EQ-1295,Compressor,1803.22,High
EVT-0000104,WO-2026-00014,Fault Reported,2026-01-06 13:27:00,2026-01-06 13:43:00,T-102,North Depot,C-Bay-1,EQ-1474,Pump,588.18,Medium
EVT-0000105,WO-2026-00014,Triaged,2026-01-06 14:25:00,2026-01-06 15:59:00,T-102,North Depot,C-Bay-1,EQ-1474,Pump,645.73,High
EVT-0000106,WO-2026-00014,Parts Ordered,2026-01-07 10:25:00,2026-01-07 10:32:00,T-102,North Depot,C-Bay-1,EQ-1474,Pump,636.64,Low
EVT-0000107,WO-2026-00014,Parts Received,2026-01-07 13:32:00,2026-01-07 14:24:00,T-102,North Depot,C-Bay-1,EQ-1474,Pump,57.43,Low
EVT-0000108,WO-2026-00014,Repair Started,2026-01-07 16:32:00,2026-01-07 17:56:00,T-102,North Depot,C-Bay-1,EQ-1474,Pump,2108.42,High
EVT-0000109,WO-2026-00014,Repair Completed,2026-01-07 20:32:00,2026-01-07 21:57:00,T-102,North Depot,C-Bay-1,EQ-1474,Pump,280.73,
EVT-0000110,WO-2026-00014,Tested,2026-01-07 22:21:00,2026-01-07 23:16:00,T-102,North Depot,C-Bay-1,EQ-1474,Pump,1336.15,Low
EVT-0000111,WO-2026-00014,Returned to Service,2026-01-08 00:15:00,2026-01-08 01:42:00,T-102,North Depot,C-Bay-1,EQ-1474,Pump,2517.54,
,WO-2026-00015,Fault Reported,2026-04-18 17:14:00,2026-04-18 17:52:00,T-301,South Depot,N-Bay-1,EQ-1761,Generator,130.42,Low
,WO-2026-00015,Triaged,2026-04-18 17:36:00,2026-04-18 18:51:00,T-301,South Depot,N-Bay-1,EQ-1761,Generator,1624.38,
,WO-2026-00015,Parts Ordered,2026-04-21 20:36:00,2026-04-21 20:50:00,T-301,South Depot,N-Bay-1,EQ-1761,Generator,2369.06,Medium
,WO-2026-00015,Parts Received,2026-04-21 22:50:00,2026-04-22 00:42:00,T-301,South Depot,N-Bay-1,EQ-1761,Generator,1949.69,High
,WO-2026-00015,Repair Started,2026-04-22 06:50:00,2026-04-22 09:11:00,T-301,South Depot,N-Bay-1,EQ-1761,Generator,,Medium
,WO-2026-00015,Repair Completed,2026-04-22 15:50:00,2026-04-22 17:10:00,T-301,South Depot,N-Bay-1,EQ-1761,Generator,93.18,
,WO-2026-00015,Tested,2026-04-22 19:00:00,2026-04-22 20:18:00,T-301,South Depot,N-Bay-1,EQ-1761,Generator,982.33,High
,WO-2026-00015,Repair Started,2026-04-23 03:00:00,2026-04-23 03:59:00,T-301,South Depot,N-Bay-1,EQ-1761,Generator,2339.89,Medium
,WO-2026-00015,Repair Completed,2026-04-23 08:00:00,2026-04-23 08:57:00,T-301,South Depot,N-Bay-1,EQ-1761,Generator,1971.74,High
,WO-2026-00015,Tested,2026-04-23 10:28:00,2026-04-23 12:34:00,T-301,South Depot,N-Bay-1,EQ-1761,Generator,507.85,High
,WO-2026-00015,Returned to Service,2026-04-23 11:27:00,2026-04-23 12:27:00,T-301,South Depot,N-Bay-1,EQ-1761,Generator,785.39,High
EVT-0000123,WO-2026-00016,Fault Reported,2026-03-12 09:52:00,2026-03-12 12:29:00,T-102,North Depot,S-Field,EQ-1246,Valve Assembly,2254.40,High
,WO-2026-00016,Triaged,2026-03-12 11:56:00,2026-03-12 14:35:00,T-302,South Depot,S-Field,EQ-1246,Valve Assembly,1958.32,
,WO-2026-00016,Parts Ordered,2026-03-16 03:56:00,2026-03-16 06:03:00,T-302,South Depot,S-Field,EQ-1246,Valve Assembly,,Low
,WO-2026-00016,Parts Received,2026-03-16 07:09:00,2026-03-16 09:42:00,T-302,South Depot,S-Field,EQ-1246,Valve Assembly,1011.21,High
,WO-2026-00016,Repair Started,2026-03-16 09:09:00,2026-03-16 09:17:00,T-302,South Depot,S-Field,EQ-1246,Valve Assembly,1065.38,
,WO-2026-00016,Repair Completed,2026-03-16 17:09:00,2026-03-16 18:43:00,T-302,South Depot,S-Field,EQ-1246,Valve Assembly,849.58,High
,WO-2026-00016,Tested,2026-03-16 18:46:00,2026-03-16 21:15:00,T-302,South Depot,S-Field,EQ-1246,Valve Assembly,594.94,Medium
,WO-2026-00016,Repair Started,2026-03-17 04:46:00,2026-03-17 06:39:00,T-302,South Depot,S-Field,EQ-1246,Valve Assembly,,Low
EVT-0000131,WO-2026-00016,Repair Completed,2026-03-17 10:46:00,2026-03-17 11:58:00,T-102,North Depot,S-Field,EQ-1246,Valve Assembly,2506.09,
EVT-0000132,WO-2026-00016,Tested,2026-03-17 12:52:00,2026-03-17 13:54:00,T-102,North Depot,S-Field,EQ-1246,Valve Assembly,2104.74,Low
EVT-0000133,WO-2026-00016,Returned to Service,2026-03-17 13:46:00,2026-03-17 14:31:00,T-102,North Depot,S-Field,EQ-1246,Valve Assembly,,High
EVT-0000134,WO-2026-00017,Fault Reported,2026-04-12 10:40:00,2026-04-12 12:07:00,T-302,Central Depot,C-Bay-2,EQ-1527,Conveyor,,High
EVT-0000135,WO-2026-00017,Triaged,2026-04-12 14:22:00,2026-04-12 16:25:00,T-302,Central Depot,C-Bay-2,EQ-1527,Conveyor,2136.36,Medium
EVT-0000136,WO-2026-00017,Parts Ordered,2026-04-12 14:22:00,2026-04-12 14:46:00,T-302,Central Depot,C-Bay-2,EQ-1527,Conveyor,2134.32,Low
EVT-0000137,WO-2026-00017,Parts Received,2026-04-12 17:47:00,2026-04-12 20:12:00,T-302,Central Depot,C-Bay-2,EQ-1527,Conveyor,1442.76,
EVT-0000138,WO-2026-00017,Repair Started,2026-04-13 03:47:00,2026-04-13 05:15:00,T-302,Central Depot,C-Bay-2,EQ-1527,Conveyor,1473.84,
EVT-0000139,WO-2026-00017,Repair Completed,2026-04-13 09:47:00,2026-04-13 11:48:00,T-302,Central Depot,C-Bay-2,EQ-1527,Conveyor,1725.09,
EVT-0000140,WO-2026-00017,Tested,2026-04-13 12:02:00,2026-04-13 14:47:00,T-302,Central Depot,C-Bay-2,EQ-1527,Conveyor,,Low
EVT-0000141,WO-2026-00017,Returned to Service,2026-04-13 14:00:00,2026-04-13 15:01:00,T-302,Central Depot,C-Bay-2,EQ-1527,Conveyor,1925.04,Low
EVT-0000142,WO-2026-00018,Fault Reported,2026-03-06 14:14:00,2026-03-06 15:16:00,T-101,North Depot,C-Field,EQ-1349,Conveyor,105.50,Low
,WO-2026-00018,Triaged,2026-03-06 14:32:00,2026-03-06 16:02:00,T-301,South Depot,C-Field,EQ-1349,Conveyor,,Medium
,WO-2026-00018,Parts Ordered,2026-03-09 05:32:00,2026-03-09 06:35:00,T-301,South Depot,C-Field,EQ-1349,Conveyor,386.14,High
,WO-2026-00018,Parts Received,2026-03-09 07:30:00,2026-03-09 08:05:00,T-301,South Depot,C-Field,EQ-1349,Conveyor,,Low
,WO-2026-00018,Repair Started,2026-03-09 18:30:00,2026-03-09 19:58:00,T-302,South Depot,C-Field,EQ-1349,Conveyor,1734.31,Low
,WO-2026-00018,Repair Completed,2026-03-10 00:30:00,2026-03-10 02:17:00,T-302,South Depot,C-Field,EQ-1349,Conveyor,1585.93,Low
,WO-2026-00018,Tested,2026-03-10 03:39:00,2026-03-10 05:02:00,T-302,South Depot,C-Field,EQ-1349,Conveyor,,
,WO-2026-00018,Repair Started,2026-03-10 09:39:00,2026-03-10 10:47:00,T-302,South Depot,C-Field,EQ-1349,Conveyor,290.99,Medium
EVT-0000150,WO-2026-00018,Repair Completed,2026-03-10 10:39:00,2026-03-10 11:49:00,T-102,North Depot,C-Field,EQ-1349,Conveyor,2091.10,Low
EVT-0000151,WO-2026-00018,Tested,2026-03-10 11:25:00,2026-03-10 11:47:00,T-102,North Depot,C-Field,EQ-1349,Conveyor,308.55,Medium
EVT-0000152,WO-2026-00018,Returned to Service,2026-03-10 12:02:00,2026-03-10 14:32:00,T-102,North Depot,C-Field,EQ-1349,Conveyor,,Medium
,WO-2026-00019,Fault Reported,2026-03-25 01:12:00,2026-03-25 02:22:00,T-301,South Depot,C-Field,EQ-1459,Pump,,Medium
,WO-2026-00019,Triaged,2026-03-25 01:47:00,2026-03-25 03:11:00,T-301,South Depot,C-Field,EQ-1459,Pump,748.03,Medium
,WO-2026-00019,Parts Ordered,2026-03-26 20:47:00,2026-03-26 22:10:00,T-301,South Depot,C-Field,EQ-1459,Pump,2279.24,High
,WO-2026-00019,Parts Received,2026-03-26 23:58:00,2026-03-27 00:25:00,T-301,South Depot,C-Field,EQ-1459,Pump,,High
,WO-2026-00019,Repair Started,2026-03-27 02:58:00,2026-03-27 04:06:00,T-301,South Depot,C-Field,EQ-1459,Pump,1699.46,High
,WO-2026-00019,Repair Completed,2026-03-27 04:58:00,2026-03-27 06:04:00,T-301,South Depot,C-Field,EQ-1459,Pump,2288.34,
,WO-2026-00019,Tested,2026-03-27 08:26:00,2026-03-27 09:39:00,T-301,South Depot,C-Field,EQ-1459,Pump,241.94,Medium
,WO-2026-00019,Returned to Service,2026-03-27 10:56:00,2026-03-27 13:12:00,T-301,South Depot,C-Field,EQ-1459,Pump,2390.13,Low
EVT-0000161,WO-2026-00020,Fault Reported,2026-03-08 18:36:00,2026-03-08 19:12:00,T-101,North Depot,C-Bay-2,EQ-1673,Pump,2175.93,
EVT-0000162,WO-2026-00020,Triaged,2026-03-08 21:37:00,2026-03-08 23:24:00,T-101,North Depot,C-Bay-2,EQ-1673,Pump,836.48,
EVT-0000163,WO-2026-00020,Parts Ordered,2026-03-10 16:37:00,2026-03-10 18:06:00,T-101,North Depot,C-Bay-2,EQ-1673,Pump,1080.02,
EVT-0000164,WO-2026-00020,Parts Received,2026-03-10 18:14:00,2026-03-10 20:56:00,T-101,North Depot,C-Bay-2,EQ-1673,Pump,1063.68,
EVT-0000165,WO-2026-00020,Repair Started,2026-03-11 00:14:00,2026-03-11 01:12:00,T-101,North Depot,C-Bay-2,EQ-1673,Pump,1637.21,High
,WO-2026-00020,Repair Completed,2026-03-11 06:14:00,2026-03-11 06:31:00,T-302,South Depot,C-Bay-2,EQ-1673,Pump,834.28,
,WO-2026-00020,Tested,2026-03-11 08:35:00,2026-03-11 10:39:00,T-302,South Depot,C-Bay-2,EQ-1673,Pump,,
,WO-2026-00020,Returned to Service,2026-03-11 12:25:00,2026-03-11 13:08:00,T-302,South Depot,C-Bay-2,EQ-1673,Pump,532.89,Medium
EVT-0000169,WO-2026-00021,Fault Reported,2026-05-20 23:29:00,2026-05-21 00:35:00,T-101,North Depot,N-Bay-2,EQ-1631,Pump,602.28,
EVT-0000170,WO-2026-00021,Triaged,2026-05-21 01:08:00,2026-05-21 03:45:00,T-101,North Depot,N-Bay-2,EQ-1631,Pump,1691.07,Medium
EVT-0000171,WO-2026-00021,Parts Ordered,2026-05-24 10:08:00,2026-05-24 10:43:00,T-101,North Depot,N-Bay-2,EQ-1631,Pump,535.25,Low
EVT-0000172,WO-2026-00021,Parts Received,2026-05-24 12:33:00,2026-05-24 14:59:00,T-101,North Depot,N-Bay-2,EQ-1631,Pump,1669.18,High
EVT-0000173,WO-2026-00021,Parts Ordered,2026-05-26 11:33:00,2026-05-26 12:19:00,T-101,North Depot,N-Bay-2,EQ-1631,Pump,620.88,Medium
EVT-0000174,WO-2026-00021,Parts Received,2026-05-26 13:12:00,2026-05-26 14:59:00,T-101,North Depot,N-Bay-2,EQ-1631,Pump,1323.48,High
EVT-0000175,WO-2026-00021,Repair Started,2026-05-26 17:12:00,2026-05-26 17:39:00,T-101,North Depot,N-Bay-2,EQ-1631,Pump,1083.82,
EVT-0000176,WO-2026-00021,Repair Completed,2026-05-27 03:12:00,2026-05-27 04:40:00,T-302,Central Depot,N-Bay-2,EQ-1631,Pump,767.54,High
EVT-0000177,WO-2026-00021,Tested,2026-05-27 07:03:00,2026-05-27 09:51:00,T-302,Central Depot,N-Bay-2,EQ-1631,Pump,726.43,High
EVT-0000178,WO-2026-00021,Returned to Service,2026-05-27 10:21:00,2026-05-27 13:20:00,T-302,Central Depot,N-Bay-2,EQ-1631,Pump,491.67,
EVT-0000179,WO-2026-00022,Fault Reported,2026-05-05 04:41:00,2026-05-05 07:18:00,T-102,North Depot,S-Field,EQ-1941,Conveyor,2317.87,
EVT-0000180,WO-2026-00022,Triaged,2026-05-05 05:14:00,2026-05-05 05:33:00,T-102,North Depot,S-Field,EQ-1941,Conveyor,2111.32,High
EVT-0000181,WO-2026-00022,Parts Ordered,2026-05-07 07:14:00,2026-05-07 09:14:00,T-201,Central Depot,S-Field,EQ-1941,Conveyor,496.49,Medium
EVT-0000182,WO-2026-00022,Parts Received,2026-05-07 10:04:00,2026-05-07 10:48:00,T-201,Central Depot,S-Field,EQ-1941,Conveyor,,
EVT-0000183,WO-2026-00022,Parts Ordered,2026-05-09 23:04:00,2026-05-10 00:43:00,T-201,Central Depot,S-Field,EQ-1941,Conveyor,169.93,Medium
EVT-0000184,WO-2026-00022,Parts Received,2026-05-09 23:40:00,2026-05-10 00:53:00,T-302,Central Depot,S-Field,EQ-1941,Conveyor,,High
EVT-0000185,WO-2026-00022,Repair Started,2026-05-10 06:40:00,2026-05-10 09:10:00,T-302,Central Depot,S-Field,EQ-1941,Conveyor,2062.68,Medium
EVT-0000186,WO-2026-00022,Repair Completed,2026-05-10 15:40:00,2026-05-10 18:39:00,T-302,Central Depot,S-Field,EQ-1941,Conveyor,202.63,
EVT-0000187,WO-2026-00022,Tested,2026-05-10 18:23:00,2026-05-10 21:02:00,T-302,Central Depot,S-Field,EQ-1941,Conveyor,453.63,Medium
EVT-0000188,WO-2026-00022,Returned to Service,2026-05-10 19:03:00,2026-05-10 20:34:00,T-302,Central Depot,S-Field,EQ-1941,Conveyor,2026.81,Medium
EVT-0000189,WO-2026-00023,Fault Reported,2026-01-31 23:27:00,2026-02-01 00:52:00,T-102,North Depot,C-Field,EQ-1611,Generator,2296.58,Low
EVT-0000190,WO-2026-00023,Triaged,2026-02-01 01:58:00,2026-02-01 04:25:00,T-102,North Depot,C-Field,EQ-1611,Generator,398.68,High
EVT-0000191,WO-2026-00023,Parts Ordered,2026-02-02 07:58:00,2026-02-02 10:13:00,T-102,North Depot,C-Field,EQ-1611,Generator,1522.30,
EVT-0000192,WO-2026-00023,Parts Received,2026-02-02 09:30:00,2026-02-02 11:52:00,T-202,Central Depot,C-Field,EQ-1611,Generator,482.24,
EVT-0000193,WO-2026-00023,Repair Started,2026-02-02 13:30:00,2026-02-02 16:16:00,T-202,Central Depot,C-Field,EQ-1611,Generator,1554.61,High
EVT-0000194,WO-2026-00023,Repair Completed,2026-02-02 18:30:00,2026-02-02 20:48:00,T-202,Central Depot,C-Field,EQ-1611,Generator,,
EVT-0000195,WO-2026-00023,Tested,2026-02-02 21:09:00,2026-02-02 22:15:00,T-202,Central Depot,C-Field,EQ-1611,Generator,2367.81,Medium
EVT-0000196,WO-2026-00023,Returned to Service,2026-02-02 22:56:00,2026-02-02 23:42:00,T-202,Central Depot,C-Field,EQ-1611,Generator,2344.15,Low
,WO-2026-00024,Fault Reported,2026-03-17 18:44:00,2026-03-17 20:52:00,T-302,South Depot,C-Bay-2,EQ-1220,Pump,310.45,Low
,WO-2026-00024,Triaged,2026-03-17 22:37:00,2026-03-18 00:22:00,T-302,South Depot,C-Bay-2,EQ-1220,Pump,2334.38,Low
,WO-2026-00024,Parts Ordered,2026-03-21 19:37:00,2026-03-21 20:41:00,T-302,South Depot,C-Bay-2,EQ-1220,Pump,1169.61,Medium
,WO-2026-00024,Parts Received,2026-03-21 22:42:00,2026-03-22 01:12:00,T-302,South Depot,C-Bay-2,EQ-1220,Pump,537.54,Medium
,WO-2026-00024,Repair Started,2026-03-22 10:42:00,2026-03-22 10:59:00,T-302,South Depot,C-Bay-2,EQ-1220,Pump,255.41,Medium
,WO-2026-00024,Repair Completed,2026-03-22 20:42:00,2026-03-22 21:54:00,T-302,South Depot,C-Bay-2,EQ-1220,Pump,,Low
,WO-2026-00024,Tested,2026-03-22 22:07:00,2026-03-23 00:25:00,T-302,South Depot,C-Bay-2,EQ-1220,Pump,1175.68,High
,WO-2026-00024,Returned to Service,2026-03-23 01:32:00,2026-03-23 02:30:00,T-302,South Depot,C-Bay-2,EQ-1220,Pump,,
EVT-0000205,WO-2026-00025,Fault Reported,2026-05-04 01:05:00,2026-05-04 01:17:00,T-102,North Depot,C-Field,EQ-1971,Pump,886.34,Low
EVT-0000206,WO-2026-00025,Triaged,2026-05-04 03:31:00,2026-05-04 06:28:00,T-102,North Depot,C-Field,EQ-1971,Pump,1154.88,
EVT-0000207,WO-2026-00025,Parts Ordered,2026-05-05 10:31:00,2026-05-05 11:52:00,T-201,Central Depot,C-Field,EQ-1971,Pump,922.54,Low
EVT-0000208,WO-2026-00025,Parts Received,2026-05-05 11:54:00,2026-05-05 12:50:00,T-201,Central Depot,C-Field,EQ-1971,Pump,821.06,
EVT-0000209,WO-2026-00025,Repair Started,2026-05-05 12:54:00,2026-05-05 15:02:00,T-201,Central Depot,C-Field,EQ-1971,Pump,,High
,WO-2026-00025,Repair Completed,2026-05-05 16:54:00,2026-05-05 17:55:00,T-301,South Depot,C-Field,EQ-1971,Pump,,Medium
EVT-0000211,WO-2026-00025,Tested,2026-05-05 19:20:00,2026-05-05 20:54:00,T-302,Central Depot,C-Field,EQ-1971,Pump,2578.18,High
EVT-0000212,WO-2026-00025,Returned to Service,2026-05-05 22:41:00,2026-05-06 01:14:00,T-302,Central Depot,C-Field,EQ-1971,Pump,,High
EVT-0000213,WO-2026-00026,Fault Reported,2026-05-10 01:52:00,2026-05-10 04:26:00,T-102,North Depot,C-Bay-1,EQ-1212,Compressor,554.71,
EVT-0000214,WO-2026-00026,Triaged,2026-05-10 03:32:00,2026-05-10 06:01:00,T-102,North Depot,C-Bay-1,EQ-1212,Compressor,446.23,Medium
EVT-0000215,WO-2026-00026,Parts Ordered,2026-05-11 07:32:00,2026-05-11 08:38:00,T-102,North Depot,C-Bay-1,EQ-1212,Compressor,,Medium
EVT-0000216,WO-2026-00026,Parts Received,2026-05-11 09:54:00,2026-05-11 10:16:00,T-102,North Depot,C-Bay-1,EQ-1212,Compressor,431.31,Low
EVT-0000217,WO-2026-00026,Parts Ordered,2026-05-13 01:54:00,2026-05-13 03:59:00,T-102,North Depot,C-Bay-1,EQ-1212,Compressor,1216.61,
EVT-0000218,WO-2026-00026,Parts Received,2026-05-13 03:33:00,2026-05-13 03:59:00,T-102,North Depot,C-Bay-1,EQ-1212,Compressor,1152.39,Low
EVT-0000219,WO-2026-00026,Repair Started,2026-05-13 14:33:00,2026-05-13 15:02:00,T-302,Central Depot,C-Bay-1,EQ-1212,Compressor,2356.84,Medium
EVT-0000220,WO-2026-00026,Repair Completed,2026-05-14 01:33:00,2026-05-14 01:39:00,T-302,Central Depot,C-Bay-1,EQ-1212,Compressor,1950.58,High
EVT-0000221,WO-2026-00026,Tested,2026-05-14 03:48:00,2026-05-14 05:40:00,T-302,Central Depot,C-Bay-1,EQ-1212,Compressor,392.71,
EVT-0000222,WO-2026-00026,Returned to Service,2026-05-14 06:02:00,2026-05-14 08:36:00,T-201,Central Depot,C-Bay-1,EQ-1212,Compressor,1992.33,Low
EVT-0000223,WO-2026-00027,Fault Reported,2026-05-19 14:02:00,2026-05-19 16:41:00,T-201,Central Depot,N-Bay-2,EQ-1233,Pump,954.42,Low
EVT-0000224,WO-2026-00027,Triaged,2026-05-19 15:23:00,2026-05-19 18:19:00,T-201,Central Depot,N-Bay-2,EQ-1233,Pump,587.55,Medium
,WO-2026-00027,Parts Ordered,2026-05-22 05:23:00,2026-05-22 05:29:00,T-301,South Depot,N-Bay-2,EQ-1233,Pump,373.28,Medium
,WO-2026-00027,Parts Received,2026-05-22 08:31:00,2026-05-22 10:58:00,T-301,South Depot,N-Bay-2,EQ-1233,Pump,1450.73,High
,WO-2026-00027,Repair Started,2026-05-22 16:31:00,2026-05-22 19:10:00,T-301,South Depot,N-Bay-2,EQ-1233,Pump,691.96,Low
,WO-2026-00027,Repair Completed,2026-05-22 17:31:00,2026-05-22 18:26:00,T-301,South Depot,N-Bay-2,EQ-1233,Pump,1376.07,High
,WO-2026-00027,Tested,2026-05-22 19:53:00,2026-05-22 20:24:00,T-301,South Depot,N-Bay-2,EQ-1233,Pump,,Low
,WO-2026-00027,Repair Started,2026-05-23 02:53:00,2026-05-23 03:44:00,T-301,South Depot,N-Bay-2,EQ-1233,Pump,2006.69,Low
,WO-2026-00027,Repair Completed,2026-05-23 03:53:00,2026-05-23 04:14:00,T-301,South Depot,N-Bay-2,EQ-1233,Pump,2070.06,High
,WO-2026-00027,Tested,2026-05-23 07:38:00,2026-05-23 08:40:00,T-301,South Depot,N-Bay-2,EQ-1233,Pump,,Low
,WO-2026-00027,Returned to Service,2026-05-23 09:59:00,2026-05-23 10:10:00,T-301,South Depot,N-Bay-2,EQ-1233,Pump,880.80,High
,WO-2026-00028,Fault Reported,2026-02-10 16:33:00,2026-02-10 19:26:00,T-301,South Depot,C-Bay-1,EQ-1064,Conveyor,,
,WO-2026-00028,Triaged,2026-02-10 17:28:00,2026-02-10 17:49:00,T-301,South Depot,C-Bay-1,EQ-1064,Conveyor,,Low
,WO-2026-00028,Parts Ordered,2026-02-14 03:28:00,2026-02-14 04:22:00,T-301,South Depot,C-Bay-1,EQ-1064,Conveyor,1133.77,Low
,WO-2026-00028,Parts Received,2026-02-14 06:45:00,2026-02-14 07:28:00,T-301,South Depot,C-Bay-1,EQ-1064,Conveyor,608.62,High
,WO-2026-00028,Repair Started,2026-02-14 10:45:00,2026-02-14 12:43:00,T-301,South Depot,C-Bay-1,EQ-1064,Conveyor,161.49,Medium
,WO-2026-00028,Repair Completed,2026-02-14 14:45:00,2026-02-14 17:44:00,T-301,South Depot,C-Bay-1,EQ-1064,Conveyor,2457.39,
,WO-2026-00028,Tested,2026-02-14 17:26:00,2026-02-14 18:34:00,T-301,South Depot,C-Bay-1,EQ-1064,Conveyor,1426.26,Low
EVT-0000241,WO-2026-00028,Returned to Service,2026-02-14 19:19:00,2026-02-14 20:16:00,T-102,North Depot,C-Bay-1,EQ-1064,Conveyor,348.29,Low
,WO-2026-00029,Fault Reported,2026-02-04 03:37:00,2026-02-04 05:52:00,T-302,South Depot,C-Bay-1,EQ-1009,Generator,,Medium
EVT-0000243,WO-2026-00029,Triaged,2026-02-04 05:11:00,2026-02-04 06:44:00,T-201,Central Depot,C-Bay-1,EQ-1009,Generator,121.41,Medium
EVT-0000244,WO-2026-00029,Parts Ordered,2026-02-06 02:11:00,2026-02-06 03:40:00,T-102,North Depot,C-Bay-1,EQ-1009,Generator,1201.43,Medium
EVT-0000245,WO-2026-00029,Parts Received,2026-02-06 05:59:00,2026-02-06 06:04:00,T-102,North Depot,C-Bay-1,EQ-1009,Generator,1029.69,Medium
EVT-0000246,WO-2026-00029,Repair Started,2026-02-06 08:59:00,2026-02-06 09:28:00,T-102,North Depot,C-Bay-1,EQ-1009,Generator,,Medium
EVT-0000247,WO-2026-00029,Repair Completed,2026-02-06 20:59:00,2026-02-06 21:31:00,T-102,North Depot,C-Bay-1,EQ-1009,Generator,291.90,High
EVT-0000248,WO-2026-00029,Tested,2026-02-07 00:06:00,2026-02-07 01:57:00,T-102,North Depot,C-Bay-1,EQ-1009,Generator,,Low
EVT-0000249,WO-2026-00029,Returned to Service,2026-02-07 04:02:00,2026-02-07 05:33:00,T-102,North Depot,C-Bay-1,EQ-1009,Generator,611.59,Medium
,WO-2026-00030,Fault Reported,2026-03-17 13:50:00,2026-03-17 14:34:00,T-301,South Depot,S-Field,EQ-1226,Pump,,
,WO-2026-00030,Triaged,2026-03-17 16:26:00,2026-03-17 17:48:00,T-301,South Depot,S-Field,EQ-1226,Pump,2049.95,
,WO-2026-00030,Parts Ordered,2026-03-20 21:26:00,2026-03-20 22:54:00,T-301,South Depot,S-Field,EQ-1226,Pump,2127.42,High
,WO-2026-00030,Parts Received,2026-03-20 22:22:00,2026-03-20 23:05:00,T-301,South Depot,S-Field,EQ-1226,Pump,165.12,
,WO-2026-00030,Repair Started,2026-03-21 02:22:00,2026-03-21 04:56:00,T-301,South Depot,S-Field,EQ-1226,Pump,,High
,WO-2026-00030,Repair Completed,2026-03-21 07:22:00,2026-03-21 08:14:00,T-301,South Depot,S-Field,EQ-1226,Pump,2554.69,Low
,WO-2026-00030,Tested,2026-03-21 09:55:00,2026-03-21 11:18:00,T-301,South Depot,S-Field,EQ-1226,Pump,160.83,Medium
,WO-2026-00030,Returned to Service,2026-03-21 10:17:00,2026-03-21 11:10:00,T-301,South Depot,S-Field,EQ-1226,Pump,558.82,Low
,WO-2026-00031,Fault Reported,2026-04-20 11:46:00,2026-04-20 12:26:00,T-301,South Depot,S-Field,EQ-1904,Pump,1983.83,High
EVT-0000259,WO-2026-00031,Triaged,2026-04-20 14:27:00,2026-04-20 16:51:00,T-302,Central Depot,S-Field,EQ-1904,Pump,229.71,Low
EVT-0000260,WO-2026-00031,Parts Ordered,2026-04-21 11:27:00,2026-04-21 14:09:00,T-302,Central Depot,S-Field,EQ-1904,Pump,1491.61,Medium
EVT-0000261,WO-2026-00031,Parts Received,2026-04-21 11:56:00,2026-04-21 13:42:00,T-302,Central Depot,S-Field,EQ-1904,Pump,2141.76,High
EVT-0000262,WO-2026-00031,Repair Started,2026-04-21 23:56:00,2026-04-22 01:20:00,T-302,Central Depot,S-Field,EQ-1904,Pump,,High
EVT-0000263,WO-2026-00031,Repair Completed,2026-04-22 08:56:00,2026-04-22 10:40:00,T-302,Central Depot,S-Field,EQ-1904,Pump,845.83,
EVT-0000264,WO-2026-00031,Tested,2026-04-22 11:11:00,2026-04-22 12:46:00,T-302,Central Depot,S-Field,EQ-1904,Pump,982.53,Low
EVT-0000265,WO-2026-00031,Repair Started,2026-04-22 23:11:00,2026-04-22 23:35:00,T-302,Central Depot,S-Field,EQ-1904,Pump,2031.85,High
EVT-0000266,WO-2026-00031,Repair Completed,2026-04-23 10:11:00,2026-04-23 11:28:00,T-302,Central Depot,S-Field,EQ-1904,Pump,,Medium
EVT-0000267,WO-2026-00031,Tested,2026-04-23 13:29:00,2026-04-23 14:08:00,T-302,Central Depot,S-Field,EQ-1904,Pump,1574.49,Low
EVT-0000268,WO-2026-00031,Returned to Service,2026-04-23 13:57:00,2026-04-23 14:32:00,T-302,Central Depot,S-Field,EQ-1904,Pump,1844.50,
EVT-0000269,WO-2026-00032,Fault Reported,2026-03-01 13:30:00,2026-03-01 15:47:00,T-201,Central Depot,C-Workshop,EQ-1471,Pump,1651.57,
EVT-0000270,WO-2026-00032,Triaged,2026-03-01 16:01:00,2026-03-01 17:42:00,T-201,Central Depot,C-Workshop,EQ-1471,Pump,1517.38,Medium
EVT-0000271,WO-2026-00032,Parts Ordered,2026-03-04 18:01:00,2026-03-04 18:17:00,T-201,Central Depot,C-Workshop,EQ-1471,Pump,1954.71,High
EVT-0000272,WO-2026-00032,Parts Received,2026-03-04 21:51:00,2026-03-04 22:48:00,T-201,Central Depot,C-Workshop,EQ-1471,Pump,591.95,High
EVT-0000273,WO-2026-00032,Repair Started,2026-03-05 01:51:00,2026-03-05 02:19:00,T-201,Central Depot,C-Workshop,EQ-1471,Pump,2283.00,High
EVT-0000274,WO-2026-00032,Repair Completed,2026-03-05 09:51:00,2026-03-05 12:23:00,T-101,North Depot,C-Workshop,EQ-1471,Pump,626.26,Low
EVT-0000275,WO-2026-00032,Tested,2026-03-05 13:08:00,2026-03-05 15:36:00,T-101,North Depot,C-Workshop,EQ-1471,Pump,2299.96,High
EVT-0000276,WO-2026-00032,Returned to Service,2026-03-05 15:46:00,2026-03-05 16:41:00,T-101,North Depot,C-Workshop,EQ-1471,Pump,274.27,Medium
EVT-0000277,WO-2026-00033,Fault Reported,2026-04-10 16:06:00,2026-04-10 18:38:00,T-302,Central Depot,N-Field,EQ-1441,Conveyor,,High
EVT-0000278,WO-2026-00033,Triaged,2026-04-10 18:35:00,2026-04-10 19:37:00,T-302,Central Depot,N-Field,EQ-1441,Conveyor,,Low
EVT-0000279,WO-2026-00033,Parts Ordered,2026-04-14 04:35:00,2026-04-14 07:28:00,T-302,Central Depot,N-Field,EQ-1441,Conveyor,913.88,
EVT-0000280,WO-2026-00033,Parts Received,2026-04-14 06:54:00,2026-04-14 09:46:00,T-302,Central Depot,N-Field,EQ-1441,Conveyor,,
EVT-0000281,WO-2026-00033,Repair Started,2026-04-14 12:54:00,2026-04-14 15:10:00,T-302,Central Depot,N-Field,EQ-1441,Conveyor,,High
EVT-0000282,WO-2026-00033,Repair Completed,2026-04-14 15:54:00,2026-04-14 17:06:00,T-302,Central Depot,N-Field,EQ-1441,Conveyor,1602.09,
EVT-0000283,WO-2026-00033,Tested,2026-04-14 18:11:00,2026-04-14 18:22:00,T-302,Central Depot,N-Field,EQ-1441,Conveyor,299.32,High
EVT-0000284,WO-2026-00033,Returned to Service,2026-04-14 21:28:00,2026-04-14 22:48:00,T-302,Central Depot,N-Field,EQ-1441,Conveyor,845.79,Low
EVT-0000285,WO-2026-00034,Fault Reported,2026-01-31 00:03:00,2026-01-31 00:39:00,T-101,North Depot,S-Field,EQ-1619,Generator,692.31,
EVT-0000286,WO-2026-00034,Triaged,2026-01-31 01:36:00,2026-01-31 02:48:00,T-101,North Depot,S-Field,EQ-1619,Generator,798.11,
EVT-0000287,WO-2026-00034,Repair Started,2026-01-31 01:36:00,2026-01-31 03:17:00,T-101,North Depot,S-Field,EQ-1619,Generator,1040.42,Medium
EVT-0000288,WO-2026-00034,Repair Completed,2026-01-31 13:36:00,2026-01-31 15:34:00,T-101,North Depot,S-Field,EQ-1619,Generator,1446.17,
EVT-0000289,WO-2026-00034,Tested,2026-01-31 15:38:00,2026-01-31 15:48:00,T-101,North Depot,S-Field,EQ-1619,Generator,2522.57,Medium
EVT-0000290,WO-2026-00034,Returned to Service,2026-01-31 18:56:00,2026-01-31 19:21:00,T-101,North Depot,S-Field,EQ-1619,Generator,523.71,Low
EVT-0000291,WO-2026-00035,Fault Reported,2026-05-06 21:10:00,2026-05-06 23:16:00,T-102,North Depot,S-Field,EQ-1886,Generator,1747.07,Low
EVT-0000292,WO-2026-00035,Triaged,2026-05-06 21:50:00,2026-05-06 23:19:00,T-102,North Depot,S-Field,EQ-1886,Generator,2292.14,
EVT-0000293,WO-2026-00035,Parts Ordered,2026-05-07 23:50:00,2026-05-08 02:30:00,T-102,North Depot,S-Field,EQ-1886,Generator,,Medium
EVT-0000294,WO-2026-00035,Parts Received,2026-05-08 03:12:00,2026-05-08 03:25:00,T-201,Central Depot,S-Field,EQ-1886,Generator,2437.66,Low
EVT-0000295,WO-2026-00035,Parts Ordered,2026-05-11 09:12:00,2026-05-11 09:50:00,T-201,Central Depot,S-Field,EQ-1886,Generator,2061.53,Low
EVT-0000296,WO-2026-00035,Parts Received,2026-05-11 13:09:00,2026-05-11 13:40:00,T-201,Central Depot,S-Field,EQ-1886,Generator,532.01,
EVT-0000297,WO-2026-00035,Repair Started,2026-05-11 18:09:00,2026-05-11 19:04:00,T-201,Central Depot,S-Field,EQ-1886,Generator,1626.64,Low
EVT-0000298,WO-2026-00035,Repair Completed,2026-05-11 23:09:00,2026-05-12 01:05:00,T-201,Central Depot,S-Field,EQ-1886,Generator,1109.21,
EVT-0000299,WO-2026-00035,Tested,2026-05-12 01:41:00,2026-05-12 02:33:00,T-201,Central Depot,S-Field,EQ-1886,Generator,1192.82,
,WO-2026-00035,Returned to Service,2026-05-12 04:24:00,2026-05-12 06:13:00,T-202,South Depot,S-Field,EQ-1886,Generator,1872.70,Medium
,WO-2026-00036,Fault Reported,2026-02-27 11:30:00,2026-02-27 13:43:00,T-302,South Depot,N-Bay-1,EQ-1678,Generator,717.55,
,WO-2026-00036,Triaged,2026-02-27 13:02:00,2026-02-27 13:39:00,T-302,South Depot,N-Bay-1,EQ-1678,Generator,1342.94,Low
,WO-2026-00036,Parts Ordered,2026-02-28 14:02:00,2026-02-28 15:40:00,T-302,South Depot,N-Bay-1,EQ-1678,Generator,,Low
EVT-0000304,WO-2026-00036,Parts Received,2026-02-28 14:47:00,2026-02-28 15:56:00,T-202,Central Depot,N-Bay-1,EQ-1678,Generator,473.56,High
EVT-0000305,WO-2026-00036,Repair Started,2026-02-28 23:47:00,2026-03-01 01:14:00,T-202,Central Depot,N-Bay-1,EQ-1678,Generator,1097.84,Low
EVT-0000306,WO-2026-00036,Repair Completed,2026-03-01 11:47:00,2026-03-01 13:31:00,T-202,Central Depot,N-Bay-1,EQ-1678,Generator,2016.49,Low
EVT-0000307,WO-2026-00036,Tested,2026-03-01 15:11:00,2026-03-01 17:14:00,T-202,Central Depot,N-Bay-1,EQ-1678,Generator,,Low
EVT-0000308,WO-2026-00036,Returned to Service,2026-03-01 17:32:00,2026-03-01 18:55:00,T-202,Central Depot,N-Bay-1,EQ-1678,Generator,1379.91,Low
EVT-0000309,WO-2026-00037,Fault Reported,2026-01-08 18:37:00,2026-01-08 20:55:00,T-102,North Depot,S-Bay-1,EQ-1122,Pump,1230.58,Low
EVT-0000310,WO-2026-00037,Triaged,2026-01-08 19:52:00,2026-01-08 21:44:00,T-102,North Depot,S-Bay-1,EQ-1122,Pump,160.61,
EVT-0000311,WO-2026-00037,Parts Ordered,2026-01-11 23:52:00,2026-01-12 01:22:00,T-102,North Depot,S-Bay-1,EQ-1122,Pump,1467.35,High
EVT-0000312,WO-2026-00037,Parts Received,2026-01-12 03:40:00,2026-01-12 04:20:00,T-201,Central Depot,S-Bay-1,EQ-1122,Pump,1801.34,High
EVT-0000313,WO-2026-00037,Repair Started,2026-01-12 05:40:00,2026-01-12 06:59:00,T-201,Central Depot,S-Bay-1,EQ-1122,Pump,,Low
EVT-0000314,WO-2026-00037,Repair Completed,2026-01-12 14:40:00,2026-01-12 15:14:00,T-201,Central Depot,S-Bay-1,EQ-1122,Pump,602.71,
EVT-0000315,WO-2026-00037,Tested,2026-01-12 17:23:00,2026-01-12 17:28:00,T-202,Central Depot,S-Bay-1,EQ-1122,Pump,,Low
EVT-0000316,WO-2026-00037,Repair Started,2026-01-12 18:23:00,2026-01-12 19:58:00,T-202,Central Depot,S-Bay-1,EQ-1122,Pump,641.50,
EVT-0000317,WO-2026-00037,Repair Completed,2026-01-12 19:23:00,2026-01-12 20:01:00,T-202,Central Depot,S-Bay-1,EQ-1122,Pump,1307.77,
EVT-0000318,WO-2026-00037,Tested,2026-01-12 20:45:00,2026-01-12 22:18:00,T-202,Central Depot,S-Bay-1,EQ-1122,Pump,925.35,High
EVT-0000319,WO-2026-00037,Returned to Service,2026-01-12 20:52:00,2026-01-12 22:15:00,T-202,Central Depot,S-Bay-1,EQ-1122,Pump,138.26,High
EVT-0000320,WO-2026-00038,Fault Reported,2026-04-13 20:08:00,2026-04-13 22:00:00,T-201,Central Depot,S-Bay-1,EQ-1038,Compressor,,
EVT-0000321,WO-2026-00038,Triaged,2026-04-13 20:31:00,2026-04-13 22:51:00,T-201,Central Depot,S-Bay-1,EQ-1038,Compressor,174.14,
EVT-0000322,WO-2026-00038,Parts Ordered,2026-04-15 02:31:00,2026-04-15 05:11:00,T-201,Central Depot,S-Bay-1,EQ-1038,Compressor,1788.13,Medium
EVT-0000323,WO-2026-00038,Parts Received,2026-04-15 05:50:00,2026-04-15 08:19:00,T-201,Central Depot,S-Bay-1,EQ-1038,Compressor,1320.03,Low
EVT-0000324,WO-2026-00038,Repair Started,2026-04-15 10:50:00,2026-04-15 11:11:00,T-101,North Depot,S-Bay-1,EQ-1038,Compressor,,Medium
EVT-0000325,WO-2026-00038,Repair Completed,2026-04-15 16:50:00,2026-04-15 17:15:00,T-101,North Depot,S-Bay-1,EQ-1038,Compressor,,Low
EVT-0000326,WO-2026-00038,Tested,2026-04-15 16:55:00,2026-04-15 17:31:00,T-101,North Depot,S-Bay-1,EQ-1038,Compressor,1944.61,Medium
EVT-0000327,WO-2026-00038,Repair Started,2026-04-16 04:55:00,2026-04-16 06:55:00,T-101,North Depot,S-Bay-1,EQ-1038,Compressor,,Medium
EVT-0000328,WO-2026-00038,Repair Completed,2026-04-16 12:55:00,2026-04-16 14:16:00,T-101,North Depot,S-Bay-1,EQ-1038,Compressor,1947.20,Medium
EVT-0000329,WO-2026-00038,Tested,2026-04-16 15:34:00,2026-04-16 16:06:00,T-101,North Depot,S-Bay-1,EQ-1038,Compressor,1343.29,
EVT-0000330,WO-2026-00038,Returned to Service,2026-04-16 16:34:00,2026-04-16 16:44:00,T-101,North Depot,S-Bay-1,EQ-1038,Compressor,2019.71,Medium
EVT-0000331,WO-2026-00039,Fault Reported,2026-02-17 14:25:00,2026-02-17 16:34:00,T-202,Central Depot,C-Field,EQ-1528,Valve Assembly,2594.43,
EVT-0000332,WO-2026-00039,Triaged,2026-02-17 15:05:00,2026-02-17 16:11:00,T-202,Central Depot,C-Field,EQ-1528,Valve Assembly,376.07,High
EVT-0000333,WO-2026-00039,Parts Ordered,2026-02-20 14:05:00,2026-02-20 16:29:00,T-202,Central Depot,C-Field,EQ-1528,Valve Assembly,1986.76,High
EVT-0000334,WO-2026-00039,Parts Received,2026-02-20 16:56:00,2026-02-20 18:48:00,T-202,Central Depot,C-Field,EQ-1528,Valve Assembly,407.57,Low
EVT-0000335,WO-2026-00039,Repair Started,2026-02-20 20:56:00,2026-02-20 21:09:00,T-202,Central Depot,C-Field,EQ-1528,Valve Assembly,,Medium
EVT-0000336,WO-2026-00039,Repair Completed,2026-02-21 01:56:00,2026-02-21 03:32:00,T-202,Central Depot,C-Field,EQ-1528,Valve Assembly,2032.68,Medium
EVT-0000337,WO-2026-00039,Tested,2026-02-21 04:27:00,2026-02-21 06:55:00,T-202,Central Depot,C-Field,EQ-1528,Valve Assembly,,Low
EVT-0000338,WO-2026-00039,Repair Started,2026-02-21 07:27:00,2026-02-21 09:25:00,T-202,Central Depot,C-Field,EQ-1528,Valve Assembly,240.08,
EVT-0000339,WO-2026-00039,Repair Completed,2026-02-21 08:27:00,2026-02-21 10:22:00,T-202,Central Depot,C-Field,EQ-1528,Valve Assembly,1542.45,High
EVT-0000340,WO-2026-00039,Tested,2026-02-21 08:51:00,2026-02-21 10:52:00,T-202,Central Depot,C-Field,EQ-1528,Valve Assembly,552.85,Low
EVT-0000341,WO-2026-00039,Returned to Service,2026-02-21 10:28:00,2026-02-21 11:07:00,T-202,Central Depot,C-Field,EQ-1528,Valve Assembly,1418.95,Low
,WO-2026-00040,Fault Reported,2026-05-13 16:18:00,2026-05-13 17:49:00,T-202,South Depot,N-Bay-1,EQ-1386,Conveyor,,
,WO-2026-00040,Triaged,2026-05-13 19:07:00,2026-05-13 19:32:00,T-202,South Depot,N-Bay-1,EQ-1386,Conveyor,,Medium
,WO-2026-00040,Parts Ordered,2026-05-17 06:07:00,2026-05-17 08:27:00,T-202,South Depot,N-Bay-1,EQ-1386,Conveyor,1172.32,High
,WO-2026-00040,Parts Received,2026-05-17 09:20:00,2026-05-17 10:13:00,T-202,South Depot,N-Bay-1,EQ-1386,Conveyor,,High
,WO-2026-00040,Repair Started,2026-05-17 21:20:00,2026-05-17 23:01:00,T-202,South Depot,N-Bay-1,EQ-1386,Conveyor,1034.65,High
,WO-2026-00040,Repair Completed,2026-05-18 08:20:00,2026-05-18 08:34:00,T-202,South Depot,N-Bay-1,EQ-1386,Conveyor,2360.19,Medium
,WO-2026-00040,Tested,2026-05-18 11:14:00,2026-05-18 13:48:00,T-202,South Depot,N-Bay-1,EQ-1386,Conveyor,62.94,Low
,WO-2026-00040,Repair Started,2026-05-18 22:14:00,2026-05-19 00:11:00,T-202,South Depot,N-Bay-1,EQ-1386,Conveyor,285.66,Low
,WO-2026-00040,Repair Completed,2026-05-19 08:14:00,2026-05-19 09:00:00,T-202,South Depot,N-Bay-1,EQ-1386,Conveyor,859.78,Medium
,WO-2026-00040,Tested,2026-05-19 11:40:00,2026-05-19 12:33:00,T-202,South Depot,N-Bay-1,EQ-1386,Conveyor,2010.28,
,WO-2026-00040,Returned to Service,2026-05-19 13:01:00,2026-05-19 14:19:00,T-202,South Depot,N-Bay-1,EQ-1386,Conveyor,,Medium
,WO-2026-00041,Fault Reported,2026-02-11 16:07:00,2026-02-11 18:23:00,T-302,South Depot,N-Bay-2,EQ-1526,Pump,795.47,Medium
,WO-2026-00041,Triaged,2026-02-11 17:15:00,2026-02-11 17:43:00,T-302,South Depot,N-Bay-2,EQ-1526,Pump,1534.12,High
,WO-2026-00041,Parts Ordered,2026-02-13 15:15:00,2026-02-13 17:50:00,T-302,South Depot,N-Bay-2,EQ-1526,Pump,178.09,
,WO-2026-00041,Parts Received,2026-02-13 18:43:00,2026-02-13 19:54:00,T-302,South Depot,N-Bay-2,EQ-1526,Pump,907.68,Low
,WO-2026-00041,Repair Started,2026-02-14 03:43:00,2026-02-14 05:14:00,T-302,South Depot,N-Bay-2,EQ-1526,Pump,,Medium
,WO-2026-00041,Repair Completed,2026-02-14 13:43:00,2026-02-14 15:33:00,T-302,South Depot,N-Bay-2,EQ-1526,Pump,1298.79,High
EVT-0000359,WO-2026-00041,Tested,2026-02-14 16:40:00,2026-02-14 18:36:00,T-102,North Depot,N-Bay-2,EQ-1526,Pump,1649.72,
EVT-0000360,WO-2026-00041,Returned to Service,2026-02-14 19:53:00,2026-02-14 21:19:00,T-102,North Depot,N-Bay-2,EQ-1526,Pump,2435.19,High
EVT-0000361,WO-2026-00042,Fault Reported,2026-02-22 19:36:00,2026-02-22 19:45:00,T-102,North Depot,C-Field,EQ-1405,Conveyor,347.78,Low
EVT-0000362,WO-2026-00042,Triaged,2026-02-22 21:59:00,2026-02-23 00:23:00,T-102,North Depot,C-Field,EQ-1405,Conveyor,877.02,Low
EVT-0000363,WO-2026-00042,Parts Ordered,2026-02-26 08:59:00,2026-02-26 11:49:00,T-102,North Depot,C-Field,EQ-1405,Conveyor,840.36,Medium
EVT-0000364,WO-2026-00042,Parts Received,2026-02-26 11:38:00,2026-02-26 13:56:00,T-102,North Depot,C-Field,EQ-1405,Conveyor,1549.83,
EVT-0000365,WO-2026-00042,Repair Started,2026-02-26 21:38:00,2026-02-26 21:48:00,T-102,North Depot,C-Field,EQ-1405,Conveyor,2250.06,Low
,WO-2026-00042,Repair Completed,2026-02-27 08:38:00,2026-02-27 10:08:00,T-301,South Depot,C-Field,EQ-1405,Conveyor,,High
EVT-0000367,WO-2026-00042,Tested,2026-02-27 10:29:00,2026-02-27 11:45:00,T-101,North Depot,C-Field,EQ-1405,Conveyor,1629.70,High
EVT-0000368,WO-2026-00042,Returned to Service,2026-02-27 13:30:00,2026-02-27 14:28:00,T-101,North Depot,C-Field,EQ-1405,Conveyor,1502.28,Medium
,WO-2026-00043,Fault Reported,2026-05-07 01:30:00,2026-05-07 04:05:00,T-301,South Depot,S-Bay-1,EQ-1978,Generator,144.25,High
,WO-2026-00043,Triaged,2026-05-07 02:44:00,2026-05-07 03:35:00,T-301,South Depot,S-Bay-1,EQ-1978,Generator,667.77,
EVT-0000371,WO-2026-00043,Parts Ordered,2026-05-09 12:44:00,2026-05-09 14:03:00,T-102,North Depot,S-Bay-1,EQ-1978,Generator,,
EVT-0000372,WO-2026-00043,Parts Received,2026-05-09 14:45:00,2026-05-09 17:18:00,T-102,North Depot,S-Bay-1,EQ-1978,Generator,2119.40,Low
EVT-0000373,WO-2026-00043,Parts Ordered,2026-05-10 14:45:00,2026-05-10 15:19:00,T-102,North Depot,S-Bay-1,EQ-1978,Generator,,High
EVT-0000374,WO-2026-00043,Parts Received,2026-05-10 18:37:00,2026-05-10 20:51:00,T-102,North Depot,S-Bay-1,EQ-1978,Generator,1946.25,High
EVT-0000375,WO-2026-00043,Repair Started,2026-05-11 04:37:00,2026-05-11 07:03:00,T-102,North Depot,S-Bay-1,EQ-1978,Generator,2034.38,High
EVT-0000376,WO-2026-00043,Repair Completed,2026-05-11 06:37:00,2026-05-11 07:26:00,T-102,North Depot,S-Bay-1,EQ-1978,Generator,1562.02,Low
EVT-0000377,WO-2026-00043,Tested,2026-05-11 07:28:00,2026-05-11 09:56:00,T-102,North Depot,S-Bay-1,EQ-1978,Generator,627.71,Low
EVT-0000378,WO-2026-00043,Returned to Service,2026-05-11 08:18:00,2026-05-11 08:54:00,T-102,North Depot,S-Bay-1,EQ-1978,Generator,157.81,
EVT-0000379,WO-2026-00044,Fault Reported,2026-04-13 19:02:00,2026-04-13 21:38:00,T-201,Central Depot,S-Bay-1,EQ-1380,Conveyor,813.80,
EVT-0000380,WO-2026-00044,Triaged,2026-04-13 22:49:00,2026-04-14 01:44:00,T-102,North Depot,S-Bay-1,EQ-1380,Conveyor,1066.55,High
,WO-2026-00044,Parts Ordered,2026-04-15 15:49:00,2026-04-15 16:39:00,T-301,South Depot,S-Bay-1,EQ-1380,Conveyor,1525.09,
,WO-2026-00044,Parts Received,2026-04-15 16:44:00,2026-04-15 17:38:00,T-301,South Depot,S-Bay-1,EQ-1380,Conveyor,907.01,High
,WO-2026-00044,Repair Started,2026-04-16 00:44:00,2026-04-16 01:07:00,T-301,South Depot,S-Bay-1,EQ-1380,Conveyor,,Medium
,WO-2026-00044,Repair Completed,2026-04-16 03:44:00,2026-04-16 04:50:00,T-301,South Depot,S-Bay-1,EQ-1380,Conveyor,894.97,High
,WO-2026-00044,Tested,2026-04-16 06:07:00,2026-04-16 06:35:00,T-301,South Depot,S-Bay-1,EQ-1380,Conveyor,140.69,Low
,WO-2026-00044,Returned to Service,2026-04-16 06:25:00,2026-04-16 07:12:00,T-301,South Depot,S-Bay-1,EQ-1380,Conveyor,1774.21,
EVT-0000387,WO-2026-00045,Fault Reported,2026-03-10 06:01:00,2026-03-10 06:32:00,T-201,Central Depot,N-Bay-1,EQ-1774,Conveyor,1187.61,Low
,WO-2026-00045,Triaged,2026-03-10 09:45:00,2026-03-10 10:20:00,T-302,South Depot,N-Bay-1,EQ-1774,Conveyor,470.39,High
,WO-2026-00045,Parts Ordered,2026-03-12 16:45:00,2026-03-12 17:05:00,T-302,South Depot,N-Bay-1,EQ-1774,Conveyor,1744.55,High
,WO-2026-00045,Parts Received,2026-03-12 20:41:00,2026-03-12 20:48:00,T-302,South Depot,N-Bay-1,EQ-1774,Conveyor,2210.69,Low
,WO-2026-00045,Repair Started,2026-03-12 21:41:00,2026-03-12 22:50:00,T-302,South Depot,N-Bay-1,EQ-1774,Conveyor,2069.71,Low
,WO-2026-00045,Repair Completed,2026-03-13 09:41:00,2026-03-13 11:01:00,T-302,South Depot,N-Bay-1,EQ-1774,Conveyor,340.00,Medium
,WO-2026-00045,Tested,2026-03-13 11:21:00,2026-03-13 14:09:00,T-302,South Depot,N-Bay-1,EQ-1774,Conveyor,1426.71,Low
,WO-2026-00045,Returned to Service,2026-03-13 12:08:00,2026-03-13 13:04:00,T-302,South Depot,N-Bay-1,EQ-1774,Conveyor,,High
EVT-0000395,WO-2026-00046,Fault Reported,2026-04-16 11:05:00,2026-04-16 11:43:00,T-102,North Depot,S-Bay-1,EQ-1492,Conveyor,,Low
EVT-0000396,WO-2026-00046,Triaged,2026-04-16 11:50:00,2026-04-16 14:33:00,T-102,North Depot,S-Bay-1,EQ-1492,Conveyor,1290.59,
EVT-0000397,WO-2026-00046,Parts Ordered,2026-04-18 15:50:00,2026-04-18 16:56:00,T-102,North Depot,S-Bay-1,EQ-1492,Conveyor,675.62,Low
EVT-0000398,WO-2026-00046,Parts Received,2026-04-18 19:06:00,2026-04-18 19:28:00,T-102,North Depot,S-Bay-1,EQ-1492,Conveyor,1930.70,
,WO-2026-00046,Repair Started,2026-04-18 21:06:00,2026-04-18 22:11:00,T-202,South Depot,S-Bay-1,EQ-1492,Conveyor,1153.46,High
,WO-2026-00046,Repair Completed,2026-04-19 09:06:00,2026-04-19 09:13:00,T-202,South Depot,S-Bay-1,EQ-1492,Conveyor,1401.78,
,WO-2026-00046,Tested,2026-04-19 10:59:00,2026-04-19 13:58:00,T-202,South Depot,S-Bay-1,EQ-1492,Conveyor,2108.37,
,WO-2026-00046,Returned to Service,2026-04-19 11:39:00,2026-04-19 14:18:00,T-202,South Depot,S-Bay-1,EQ-1492,Conveyor,1626.53,High
EVT-0000403,WO-2026-00047,Fault Reported,2026-04-17 15:12:00,2026-04-17 17:36:00,T-102,North Depot,N-Bay-2,EQ-1903,Valve Assembly,2155.34,
EVT-0000404,WO-2026-00047,Triaged,2026-04-17 19:05:00,2026-04-17 20:34:00,T-102,North Depot,N-Bay-2,EQ-1903,Valve Assembly,2088.81,High
EVT-0000405,WO-2026-00047,Parts Ordered,2026-04-20 10:05:00,2026-04-20 10:38:00,T-102,North Depot,N-Bay-2,EQ-1903,Valve Assembly,468.52,High
EVT-0000406,WO-2026-00047,Parts Received,2026-04-20 12:30:00,2026-04-20 13:09:00,T-102,North Depot,N-Bay-2,EQ-1903,Valve Assembly,,High
EVT-0000407,WO-2026-00047,Parts Ordered,2026-04-22 11:30:00,2026-04-22 14:15:00,T-102,North Depot,N-Bay-2,EQ-1903,Valve Assembly,1729.48,High
EVT-0000408,WO-2026-00047,Parts Received,2026-04-22 12:24:00,2026-04-22 13:32:00,T-102,North Depot,N-Bay-2,EQ-1903,Valve Assembly,2385.82,Medium
EVT-0000409,WO-2026-00047,Repair Started,2026-04-22 18:24:00,2026-04-22 19:04:00,T-102,North Depot,N-Bay-2,EQ-1903,Valve Assembly,1735.85,
EVT-0000410,WO-2026-00047,Repair Completed,2026-04-22 19:24:00,2026-04-22 19:41:00,T-102,North Depot,N-Bay-2,EQ-1903,Valve Assembly,1245.56,Medium
EVT-0000411,WO-2026-00047,Tested,2026-04-22 20:43:00,2026-04-22 21:39:00,T-302,Central Depot,N-Bay-2,EQ-1903,Valve Assembly,1450.46,Low
EVT-0000412,WO-2026-00047,Returned to Service,2026-04-22 21:49:00,2026-04-22 22:15:00,T-302,Central Depot,N-Bay-2,EQ-1903,Valve Assembly,,Medium
,WO-2026-00048,Fault Reported,2026-03-28 05:57:00,2026-03-28 06:04:00,T-301,South Depot,S-Field,EQ-1333,Compressor,,High
,WO-2026-00048,Triaged,2026-03-28 09:53:00,2026-03-28 11:21:00,T-301,South Depot,S-Field,EQ-1333,Compressor,2418.12,Medium
,WO-2026-00048,Parts Ordered,2026-03-31 08:53:00,2026-03-31 09:51:00,T-301,South Depot,S-Field,EQ-1333,Compressor,1664.47,High
,WO-2026-00048,Parts Received,2026-03-31 11:01:00,2026-03-31 11:06:00,T-301,South Depot,S-Field,EQ-1333,Compressor,,High
,WO-2026-00048,Repair Started,2026-03-31 23:01:00,2026-04-01 01:27:00,T-301,South Depot,S-Field,EQ-1333,Compressor,2090.40,Low
,WO-2026-00048,Repair Completed,2026-04-01 11:01:00,2026-04-01 13:41:00,T-301,South Depot,S-Field,EQ-1333,Compressor,843.41,Low
,WO-2026-00048,Tested,2026-04-01 11:11:00,2026-04-01 12:12:00,T-301,South Depot,S-Field,EQ-1333,Compressor,1951.45,Medium
,WO-2026-00048,Returned to Service,2026-04-01 14:20:00,2026-04-01 16:38:00,T-301,South Depot,S-Field,EQ-1333,Compressor,2238.07,Low
EVT-0000421,WO-2026-00049,Fault Reported,2026-05-18 11:09:00,2026-05-18 13:03:00,T-302,Central Depot,S-Bay-1,EQ-1945,Valve Assembly,2077.05,Medium
EVT-0000422,WO-2026-00049,Triaged,2026-05-18 13:51:00,2026-05-18 15:45:00,T-302,Central Depot,S-Bay-1,EQ-1945,Valve Assembly,1006.28,High
EVT-0000423,WO-2026-00049,Parts Ordered,2026-05-21 17:51:00,2026-05-21 20:10:00,T-302,Central Depot,S-Bay-1,EQ-1945,Valve Assembly,,
EVT-0000424,WO-2026-00049,Parts Received,2026-05-21 20:57:00,2026-05-21 22:05:00,T-302,Central Depot,S-Bay-1,EQ-1945,Valve Assembly,2316.11,High
EVT-0000425,WO-2026-00049,Repair Started,2026-05-22 05:57:00,2026-05-22 08:46:00,T-302,Central Depot,S-Bay-1,EQ-1945,Valve Assembly,,Medium
EVT-0000426,WO-2026-00049,Repair Completed,2026-05-22 07:57:00,2026-05-22 09:33:00,T-302,Central Depot,S-Bay-1,EQ-1945,Valve Assembly,1689.82,Low
EVT-0000427,WO-2026-00049,Tested,2026-05-22 11:30:00,2026-05-22 12:36:00,T-302,Central Depot,S-Bay-1,EQ-1945,Valve Assembly,2082.61,
EVT-0000428,WO-2026-00049,Returned to Service,2026-05-22 15:27:00,2026-05-22 16:51:00,T-302,Central Depot,S-Bay-1,EQ-1945,Valve Assembly,249.90,Medium
EVT-0000429,WO-2026-00050,Fault Reported,2026-05-18 16:40:00,2026-05-18 17:49:00,T-102,North Depot,S-Field,EQ-1319,Valve Assembly,65.28,High
EVT-0000430,WO-2026-00050,Triaged,2026-05-18 18:35:00,2026-05-18 19:20:00,T-102,North Depot,S-Field,EQ-1319,Valve Assembly,1706.84,Low
,WO-2026-00050,Parts Ordered,2026-05-19 18:35:00,2026-05-19 19:40:00,T-202,South Depot,S-Field,EQ-1319,Valve Assembly,1222.40,High
,WO-2026-00050,Parts Received,2026-05-19 20:01:00,2026-05-19 22:52:00,T-202,South Depot,S-Field,EQ-1319,Valve Assembly,910.29,Low
,WO-2026-00050,Repair Started,2026-05-20 05:01:00,2026-05-20 07:06:00,T-301,South Depot,S-Field,EQ-1319,Valve Assembly,2125.20,Medium
,WO-2026-00050,Repair Completed,2026-05-20 15:01:00,2026-05-20 17:59:00,T-301,South Depot,S-Field,EQ-1319,Valve Assembly,1692.90,Low
,WO-2026-00050,Tested,2026-05-20 16:32:00,2026-05-20 17:25:00,T-301,South Depot,S-Field,EQ-1319,Valve Assembly,1378.66,Medium
,WO-2026-00050,Repair Started,2026-05-20 22:32:00,2026-05-20 23:46:00,T-301,South Depot,S-Field,EQ-1319,Valve Assembly,1589.72,Low
,WO-2026-00050,Repair Completed,2026-05-21 05:32:00,2026-05-21 07:54:00,T-301,South Depot,S-Field,EQ-1319,Valve Assembly,2186.56,
,WO-2026-00050,Tested,2026-05-21 06:23:00,2026-05-21 08:24:00,T-301,South Depot,S-Field,EQ-1319,Valve Assembly,829.49,High
,WO-2026-00050,Returned to Service,2026-05-21 10:19:00,2026-05-21 11:53:00,T-301,South Depot,S-Field,EQ-1319,Valve Assembly,1216.04,
EVT-0000440,WO-2026-00051,Fault Reported,2026-04-22 05:35:00,2026-04-22 08:23:00,T-201,Central Depot,C-Bay-2,EQ-1477,Generator,1610.19,Low
EVT-0000441,WO-2026-00051,Triaged,2026-04-22 07:07:00,2026-04-22 07:13:00,T-201,Central Depot,C-Bay-2,EQ-1477,Generator,819.99,Low
EVT-0000442,WO-2026-00051,Parts Ordered,2026-04-22 07:07:00,2026-04-22 08:01:00,T-201,Central Depot,C-Bay-2,EQ-1477,Generator,754.60,Medium
EVT-0000443,WO-2026-00051,Parts Received,2026-04-22 10:35:00,2026-04-22 13:07:00,T-201,Central Depot,C-Bay-2,EQ-1477,Generator,1373.61,Low
EVT-0000444,WO-2026-00051,Repair Started,2026-04-22 22:35:00,2026-04-23 01:04:00,T-201,Central Depot,C-Bay-2,EQ-1477,Generator,236.23,High
EVT-0000445,WO-2026-00051,Repair Completed,2026-04-23 07:35:00,2026-04-23 08:11:00,T-201,Central Depot,C-Bay-2,EQ-1477,Generator,2244.11,Medium
EVT-0000446,WO-2026-00051,Tested,2026-04-23 09:50:00,2026-04-23 10:13:00,T-201,Central Depot,C-Bay-2,EQ-1477,Generator,198.33,High
EVT-0000447,WO-2026-00051,Returned to Service,2026-04-23 11:06:00,2026-04-23 11:33:00,T-201,Central Depot,C-Bay-2,EQ-1477,Generator,2552.40,Low
,WO-2026-00052,Fault Reported,2026-01-23 20:54:00,2026-01-23 21:51:00,T-301,South Depot,C-Bay-2,EQ-1692,Pump,2569.01,High
,WO-2026-00052,Triaged,2026-01-23 21:27:00,2026-01-23 23:59:00,T-301,South Depot,C-Bay-2,EQ-1692,Pump,,Medium
,WO-2026-00052,Parts Ordered,2026-01-26 09:27:00,2026-01-26 10:18:00,T-301,South Depot,C-Bay-2,EQ-1692,Pump,68.69,Medium
,WO-2026-00052,Parts Received,2026-01-26 10:31:00,2026-01-26 11:01:00,T-301,South Depot,C-Bay-2,EQ-1692,Pump,1738.63,Medium
,WO-2026-00052,Repair Started,2026-01-26 18:31:00,2026-01-26 20:54:00,T-301,South Depot,C-Bay-2,EQ-1692,Pump,112.21,Low
,WO-2026-00052,Repair Completed,2026-01-27 03:31:00,2026-01-27 03:47:00,T-301,South Depot,C-Bay-2,EQ-1692,Pump,,Medium
EVT-0000454,WO-2026-00052,Tested,2026-01-27 05:11:00,2026-01-27 06:46:00,T-202,Central Depot,C-Bay-2,EQ-1692,Pump,2119.27,
EVT-0000455,WO-2026-00052,Returned to Service,2026-01-27 09:10:00,2026-01-27 10:41:00,T-202,Central Depot,C-Bay-2,EQ-1692,Pump,69.15,Low
EVT-0000456,WO-2026-00053,Fault Reported,2026-04-06 18:01:00,2026-04-06 19:00:00,T-302,Central Depot,N-Bay-2,EQ-1605,Valve Assembly,372.19,High
EVT-0000457,WO-2026-00053,Triaged,2026-04-06 19:21:00,2026-04-06 20:11:00,T-302,Central Depot,N-Bay-2,EQ-1605,Valve Assembly,2118.10,
EVT-0000458,WO-2026-00053,Parts Ordered,2026-04-10 10:21:00,2026-04-10 11:12:00,T-302,Central Depot,N-Bay-2,EQ-1605,Valve Assembly,1020.05,High
EVT-0000459,WO-2026-00053,Parts Received,2026-04-10 10:32:00,2026-04-10 12:14:00,T-302,Central Depot,N-Bay-2,EQ-1605,Valve Assembly,562.57,Medium
EVT-0000460,WO-2026-00053,Repair Started,2026-04-10 11:32:00,2026-04-10 12:03:00,T-102,North Depot,N-Bay-2,EQ-1605,Valve Assembly,2467.13,High
EVT-0000461,WO-2026-00053,Repair Completed,2026-04-10 21:32:00,2026-04-11 00:31:00,T-102,North Depot,N-Bay-2,EQ-1605,Valve Assembly,835.11,
EVT-0000462,WO-2026-00053,Tested,2026-04-11 00:45:00,2026-04-11 01:24:00,T-102,North Depot,N-Bay-2,EQ-1605,Valve Assembly,1565.99,High
EVT-0000463,WO-2026-00053,Returned to Service,2026-04-11 02:40:00,2026-04-11 05:11:00,T-102,North Depot,N-Bay-2,EQ-1605,Valve Assembly,1413.86,High
,WO-2026-00054,Fault Reported,2026-02-17 00:51:00,2026-02-17 02:46:00,T-302,South Depot,S-Bay-1,EQ-1953,Valve Assembly,2453.48,Medium
,WO-2026-00054,Triaged,2026-02-17 04:04:00,2026-02-17 06:00:00,T-302,South Depot,S-Bay-1,EQ-1953,Valve Assembly,2051.88,Low
,WO-2026-00054,Parts Ordered,2026-02-20 17:04:00,2026-02-20 19:57:00,T-302,South Depot,S-Bay-1,EQ-1953,Valve Assembly,238.31,High
,WO-2026-00054,Parts Received,2026-02-20 18:57:00,2026-02-20 20:29:00,T-302,South Depot,S-Bay-1,EQ-1953,Valve Assembly,,Medium
,WO-2026-00054,Parts Ordered,2026-02-24 05:57:00,2026-02-24 06:09:00,T-302,South Depot,S-Bay-1,EQ-1953,Valve Assembly,1726.31,Low
,WO-2026-00054,Parts Received,2026-02-24 09:45:00,2026-02-24 11:24:00,T-302,South Depot,S-Bay-1,EQ-1953,Valve Assembly,105.84,
,WO-2026-00054,Repair Started,2026-02-24 19:45:00,2026-02-24 21:11:00,T-302,South Depot,S-Bay-1,EQ-1953,Valve Assembly,875.91,
,WO-2026-00054,Repair Completed,2026-02-25 06:45:00,2026-02-25 08:28:00,T-302,South Depot,S-Bay-1,EQ-1953,Valve Assembly,95.25,Low
,WO-2026-00054,Tested,2026-02-25 09:48:00,2026-02-25 11:19:00,T-302,South Depot,S-Bay-1,EQ-1953,Valve Assembly,738.24,High
,WO-2026-00054,Returned to Service,2026-02-25 11:44:00,2026-02-25 14:28:00,T-302,South Depot,S-Bay-1,EQ-1953,Valve Assembly,1771.46,
EVT-0000474,WO-2026-00055,Fault Reported,2026-03-29 05:23:00,2026-03-29 08:17:00,T-102,North Depot,N-Field,EQ-1438,Pump,393.46,Low
EVT-0000475,WO-2026-00055,Triaged,2026-03-29 06:09:00,2026-03-29 07:09:00,T-102,North Depot,N-Field,EQ-1438,Pump,453.23,Medium
EVT-0000476,WO-2026-00055,Parts Ordered,2026-04-01 06:09:00,2026-04-01 08:41:00,T-102,North Depot,N-Field,EQ-1438,Pump,386.19,Medium
EVT-0000477,WO-2026-00055,Parts Received,2026-04-01 09:42:00,2026-04-01 11:08:00,T-102,North Depot,N-Field,EQ-1438,Pump,2588.01,High
,WO-2026-00055,Repair Started,2026-04-01 18:42:00,2026-04-01 18:57:00,T-202,South Depot,N-Field,EQ-1438,Pump,473.22,
EVT-0000479,WO-2026-00055,Repair Completed,2026-04-02 01:42:00,2026-04-02 02:15:00,T-101,North Depot,N-Field,EQ-1438,Pump,2023.07,High
EVT-0000480,WO-2026-00055,Tested,2026-04-02 05:15:00,2026-04-02 06:41:00,T-101,North Depot,N-Field,EQ-1438,Pump,650.88,Medium
EVT-0000481,WO-2026-00055,Returned to Service,2026-04-02 08:33:00,2026-04-02 11:21:00,T-101,North Depot,N-Field,EQ-1438,Pump,139.17,
EVT-0000482,WO-2026-00056,Fault Reported,2026-05-22 02:32:00,2026-05-22 02:49:00,T-101,North Depot,C-Field,EQ-1298,Generator,2045.87,
EVT-0000483,WO-2026-00056,Triaged,2026-05-22 05:57:00,2026-05-22 07:44:00,T-101,North Depot,C-Field,EQ-1298,Generator,1160.32,Low
EVT-0000484,WO-2026-00056,Parts Ordered,2026-05-23 17:57:00,2026-05-23 19:45:00,T-101,North Depot,C-Field,EQ-1298,Generator,747.53,
EVT-0000485,WO-2026-00056,Parts Received,2026-05-23 19:16:00,2026-05-23 20:21:00,T-101,North Depot,C-Field,EQ-1298,Generator,122.68,Medium
EVT-0000486,WO-2026-00056,Repair Started,2026-05-23 20:16:00,2026-05-23 20:53:00,T-101,North Depot,C-Field,EQ-1298,Generator,,High
EVT-0000487,WO-2026-00056,Repair Completed,2026-05-24 01:16:00,2026-05-24 03:47:00,T-101,North Depot,C-Field,EQ-1298,Generator,2567.27,Low
EVT-0000488,WO-2026-00056,Tested,2026-05-24 04:46:00,2026-05-24 06:05:00,T-101,North Depot,C-Field,EQ-1298,Generator,1408.69,Low
EVT-0000489,WO-2026-00056,Returned to Service,2026-05-24 05:27:00,2026-05-24 08:27:00,T-101,North Depot,C-Field,EQ-1298,Generator,1367.99,High
,WO-2026-00057,Fault Reported,2026-05-03 14:33:00,2026-05-03 15:11:00,T-301,South Depot,S-Bay-1,EQ-1547,Generator,1280.12,Medium
,WO-2026-00057,Triaged,2026-05-03 16:42:00,2026-05-03 16:57:00,T-301,South Depot,S-Bay-1,EQ-1547,Generator,,
,WO-2026-00057,Parts Ordered,2026-05-07 05:42:00,2026-05-07 07:06:00,T-301,South Depot,S-Bay-1,EQ-1547,Generator,2177.05,High
,WO-2026-00057,Parts Received,2026-05-07 07:54:00,2026-05-07 08:16:00,T-301,South Depot,S-Bay-1,EQ-1547,Generator,,Medium
,WO-2026-00057,Repair Started,2026-05-07 15:54:00,2026-05-07 17:23:00,T-301,South Depot,S-Bay-1,EQ-1547,Generator,1746.47,
,WO-2026-00057,Repair Completed,2026-05-07 20:54:00,2026-05-07 21:25:00,T-301,South Depot,S-Bay-1,EQ-1547,Generator,2453.27,Medium
,WO-2026-00057,Tested,2026-05-07 21:26:00,2026-05-07 23:51:00,T-301,South Depot,S-Bay-1,EQ-1547,Generator,2452.09,
,WO-2026-00057,Repair Started,2026-05-08 06:26:00,2026-05-08 07:28:00,T-301,South Depot,S-Bay-1,EQ-1547,Generator,1986.51,Medium
,WO-2026-00057,Repair Completed,2026-05-08 13:26:00,2026-05-08 14:16:00,T-301,South Depot,S-Bay-1,EQ-1547,Generator,2565.63,High
,WO-2026-00057,Tested,2026-05-08 16:59:00,2026-05-08 18:29:00,T-301,South Depot,S-Bay-1,EQ-1547,Generator,1741.40,
,WO-2026-00057,Returned to Service,2026-05-08 20:16:00,2026-05-08 22:14:00,T-301,South Depot,S-Bay-1,EQ-1547,Generator,2245.88,Low
,WO-2026-00058,Fault Reported,2026-02-19 03:18:00,2026-02-19 05:39:00,T-302,South Depot,N-Bay-1,EQ-1335,Generator,143.42,Low
,WO-2026-00058,Triaged,2026-02-19 06:20:00,2026-02-19 07:27:00,T-302,South Depot,N-Bay-1,EQ-1335,Generator,1196.65,Medium
,WO-2026-00058,Parts Ordered,2026-02-22 06:20:00,2026-02-22 07:41:00,T-302,South Depot,N-Bay-1,EQ-1335,Generator,,High
,WO-2026-00058,Parts Received,2026-02-22 08:51:00,2026-02-22 08:58:00,T-302,South Depot,N-Bay-1,EQ-1335,Generator,170.94,Medium
,WO-2026-00058,Repair Started,2026-02-22 13:51:00,2026-02-22 16:22:00,T-302,South Depot,N-Bay-1,EQ-1335,Generator,2528.91,Medium
,WO-2026-00058,Repair Completed,2026-02-22 23:51:00,2026-02-23 01:09:00,T-302,South Depot,N-Bay-1,EQ-1335,Generator,,Medium
,WO-2026-00058,Tested,2026-02-23 03:44:00,2026-02-23 05:10:00,T-302,South Depot,N-Bay-1,EQ-1335,Generator,850.83,Medium
,WO-2026-00058,Returned to Service,2026-02-23 06:31:00,2026-02-23 07:45:00,T-302,South Depot,N-Bay-1,EQ-1335,Generator,2331.00,Medium
,WO-2026-00059,Fault Reported,2026-03-24 17:49:00,2026-03-24 18:13:00,T-202,South Depot,N-Bay-1,EQ-1138,Pump,2466.05,
,WO-2026-00059,Triaged,2026-03-24 21:44:00,2026-03-24 23:10:00,T-202,South Depot,N-Bay-1,EQ-1138,Pump,944.38,Medium
,WO-2026-00059,Escalated to Specialist,2026-03-24 22:11:00,2026-03-24 22:30:00,T-202,South Depot,N-Bay-1,EQ-1138,Pump,,Medium
,WO-2026-00059,Parts Ordered,2026-03-27 22:11:00,2026-03-28 00:53:00,T-202,South Depot,N-Bay-1,EQ-1138,Pump,2176.77,Medium
EVT-0000513,WO-2026-00059,Parts Received,2026-03-27 23:12:00,2026-03-27 23:42:00,T-101,North Depot,N-Bay-1,EQ-1138,Pump,140.97,High
EVT-0000514,WO-2026-00059,Repair Started,2026-03-28 08:12:00,2026-03-28 09:48:00,T-101,North Depot,N-Bay-1,EQ-1138,Pump,,High
EVT-0000515,WO-2026-00059,Repair Completed,2026-03-28 13:12:00,2026-03-28 13:38:00,T-101,North Depot,N-Bay-1,EQ-1138,Pump,1790.28,High
EVT-0000516,WO-2026-00059,Tested,2026-03-28 15:51:00,2026-03-28 18:47:00,T-101,North Depot,N-Bay-1,EQ-1138,Pump,279.63,High
EVT-0000517,WO-2026-00059,Returned to Service,2026-03-28 19:23:00,2026-03-28 19:41:00,T-101,North Depot,N-Bay-1,EQ-1138,Pump,773.75,High
EVT-0000518,WO-2026-00060,Fault Reported,2026-02-27 08:11:00,2026-02-27 08:22:00,T-201,Central Depot,C-Bay-2,EQ-1274,Pump,2163.19,Medium
EVT-0000519,WO-2026-00060,Triaged,2026-02-27 09:08:00,2026-02-27 10:55:00,T-201,Central Depot,C-Bay-2,EQ-1274,Pump,2261.42,Low
EVT-0000520,WO-2026-00060,Parts Ordered,2026-03-02 16:08:00,2026-03-02 17:52:00,T-201,Central Depot,C-Bay-2,EQ-1274,Pump,,
EVT-0000521,WO-2026-00060,Parts Received,2026-03-02 17:16:00,2026-03-02 20:03:00,T-201,Central Depot,C-Bay-2,EQ-1274,Pump,1912.10,
EVT-0000522,WO-2026-00060,Parts Ordered,2026-03-04 18:16:00,2026-03-04 21:08:00,T-201,Central Depot,C-Bay-2,EQ-1274,Pump,1067.21,High
EVT-0000523,WO-2026-00060,Parts Received,2026-03-04 21:14:00,2026-03-05 00:09:00,T-201,Central Depot,C-Bay-2,EQ-1274,Pump,,
EVT-0000524,WO-2026-00060,Repair Started,2026-03-05 06:14:00,2026-03-05 08:08:00,T-201,Central Depot,C-Bay-2,EQ-1274,Pump,424.34,High
,WO-2026-00060,Repair Completed,2026-03-05 09:14:00,2026-03-05 09:41:00,T-302,South Depot,C-Bay-2,EQ-1274,Pump,,Low
,WO-2026-00060,Tested,2026-03-05 11:33:00,2026-03-05 13:01:00,T-302,South Depot,C-Bay-2,EQ-1274,Pump,1765.91,
,WO-2026-00060,Returned to Service,2026-03-05 12:56:00,2026-03-05 14:41:00,T-302,South Depot,C-Bay-2,EQ-1274,Pump,2104.17,High
,WO-2026-00061,Fault Reported,2026-05-01 09:33:00,2026-05-01 11:38:00,T-301,South Depot,S-Field,EQ-1098,Generator,1552.00,
,WO-2026-00061,Triaged,2026-05-01 11:21:00,2026-05-01 13:00:00,T-301,South Depot,S-Field,EQ-1098,Generator,,
,WO-2026-00061,Triaged,2026-05-01 14:06:00,2026-05-01 15:09:00,T-301,South Depot,S-Field,EQ-1098,Generator,1686.98,High
,WO-2026-00061,Parts Ordered,2026-05-03 20:06:00,2026-05-03 23:00:00,T-301,South Depot,S-Field,EQ-1098,Generator,240.30,Low
,WO-2026-00061,Parts Received,2026-05-03 22:28:00,2026-05-03 23:54:00,T-301,South Depot,S-Field,EQ-1098,Generator,720.46,High
EVT-0000533,WO-2026-00061,Repair Started,2026-05-04 09:28:00,2026-05-04 12:17:00,T-302,Central Depot,S-Field,EQ-1098,Generator,,
EVT-0000534,WO-2026-00061,Repair Completed,2026-05-04 16:28:00,2026-05-04 16:50:00,T-101,North Depot,S-Field,EQ-1098,Generator,999.77,Medium
EVT-0000535,WO-2026-00061,Tested,2026-05-04 17:58:00,2026-05-04 18:19:00,T-101,North Depot,S-Field,EQ-1098,Generator,2376.67,
EVT-0000536,WO-2026-00061,Returned to Service,2026-05-04 21:55:00,2026-05-05 00:06:00,T-101,North Depot,S-Field,EQ-1098,Generator,881.97,Medium
EVT-0000537,WO-2026-00062,Fault Reported,2026-03-26 12:04:00,2026-03-26 13:52:00,T-102,North Depot,C-Field,EQ-1214,Compressor,545.07,Medium
EVT-0000538,WO-2026-00062,Triaged,2026-03-26 12:45:00,2026-03-26 13:20:00,T-102,North Depot,C-Field,EQ-1214,Compressor,2577.49,High
EVT-0000539,WO-2026-00062,Parts Ordered,2026-03-28 00:45:00,2026-03-28 02:14:00,T-102,North Depot,C-Field,EQ-1214,Compressor,1486.32,
EVT-0000540,WO-2026-00062,Parts Received,2026-03-28 01:50:00,2026-03-28 02:27:00,T-102,North Depot,C-Field,EQ-1214,Compressor,,High
EVT-0000541,WO-2026-00062,Repair Started,2026-03-28 04:50:00,2026-03-28 05:22:00,T-102,North Depot,C-Field,EQ-1214,Compressor,1319.99,High
EVT-0000542,WO-2026-00062,Repair Completed,2026-03-28 07:50:00,2026-03-28 08:17:00,T-102,North Depot,C-Field,EQ-1214,Compressor,2417.56,Medium
,WO-2026-00062,Tested,2026-03-28 08:49:00,2026-03-28 10:30:00,T-202,South Depot,C-Field,EQ-1214,Compressor,499.93,Medium
,WO-2026-00062,Returned to Service,2026-03-28 11:10:00,2026-03-28 12:59:00,T-202,South Depot,C-Field,EQ-1214,Compressor,988.31,High
EVT-0000545,WO-2026-00063,Fault Reported,2026-01-12 21:22:00,2026-01-12 21:39:00,T-201,Central Depot,C-Bay-1,EQ-1115,Valve Assembly,1546.77,Medium
EVT-0000546,WO-2026-00063,Triaged,2026-01-12 22:52:00,2026-01-13 01:23:00,T-102,North Depot,C-Bay-1,EQ-1115,Valve Assembly,1436.53,High
EVT-0000547,WO-2026-00063,Parts Ordered,2026-01-16 05:52:00,2026-01-16 08:18:00,T-102,North Depot,C-Bay-1,EQ-1115,Valve Assembly,1820.74,High
EVT-0000548,WO-2026-00063,Parts Received,2026-01-16 06:04:00,2026-01-16 08:37:00,T-102,North Depot,C-Bay-1,EQ-1115,Valve Assembly,1723.21,Medium
EVT-0000549,WO-2026-00063,Repair Started,2026-01-16 18:04:00,2026-01-16 18:37:00,T-102,North Depot,C-Bay-1,EQ-1115,Valve Assembly,496.41,
EVT-0000550,WO-2026-00063,Repair Completed,2026-01-16 20:04:00,2026-01-16 22:25:00,T-102,North Depot,C-Bay-1,EQ-1115,Valve Assembly,918.11,High
EVT-0000551,WO-2026-00063,Tested,2026-01-16 21:38:00,2026-01-16 23:48:00,T-102,North Depot,C-Bay-1,EQ-1115,Valve Assembly,,
EVT-0000552,WO-2026-00063,Returned to Service,2026-01-17 01:05:00,2026-01-17 04:05:00,T-102,North Depot,C-Bay-1,EQ-1115,Valve Assembly,763.65,Low
EVT-0000553,WO-2026-00064,Fault Reported,2026-01-21 09:50:00,2026-01-21 11:22:00,T-101,North Depot,N-Field,EQ-1539,Valve Assembly,187.60,
EVT-0000554,WO-2026-00064,Triaged,2026-01-21 10:29:00,2026-01-21 10:49:00,T-101,North Depot,N-Field,EQ-1539,Valve Assembly,,Medium
EVT-0000555,WO-2026-00064,Parts Ordered,2026-01-23 12:29:00,2026-01-23 14:04:00,T-102,North Depot,N-Field,EQ-1539,Valve Assembly,300.91,
EVT-0000556,WO-2026-00064,Parts Received,2026-01-23 14:56:00,2026-01-23 15:37:00,T-102,North Depot,N-Field,EQ-1539,Valve Assembly,,Low
EVT-0000557,WO-2026-00064,Repair Started,2026-01-23 15:56:00,2026-01-23 17:38:00,T-102,North Depot,N-Field,EQ-1539,Valve Assembly,2255.78,
EVT-0000558,WO-2026-00064,Repair Completed,2026-01-24 03:56:00,2026-01-24 06:03:00,T-102,North Depot,N-Field,EQ-1539,Valve Assembly,243.90,Low
EVT-0000559,WO-2026-00064,Tested,2026-01-24 05:40:00,2026-01-24 06:15:00,T-102,North Depot,N-Field,EQ-1539,Valve Assembly,1546.36,Medium
EVT-0000560,WO-2026-00064,Returned to Service,2026-01-24 08:03:00,2026-01-24 08:49:00,T-102,North Depot,N-Field,EQ-1539,Valve Assembly,704.96,Low
EVT-0000561,WO-2026-00065,Fault Reported,2026-01-10 13:52:00,2026-01-10 15:04:00,T-201,Central Depot,N-Bay-1,EQ-1714,Pump,2450.81,
EVT-0000562,WO-2026-00065,Triaged,2026-01-10 17:08:00,2026-01-10 18:51:00,T-201,Central Depot,N-Bay-1,EQ-1714,Pump,,
EVT-0000563,WO-2026-00065,Parts Ordered,2026-01-12 06:08:00,2026-01-12 07:06:00,T-101,North Depot,N-Bay-1,EQ-1714,Pump,,
EVT-0000564,WO-2026-00065,Parts Received,2026-01-12 09:59:00,2026-01-12 10:04:00,T-101,North Depot,N-Bay-1,EQ-1714,Pump,693.29,Low
EVT-0000565,WO-2026-00065,Repair Started,2026-01-12 17:59:00,2026-01-12 19:27:00,T-101,North Depot,N-Bay-1,EQ-1714,Pump,1802.91,
EVT-0000566,WO-2026-00065,Repair Completed,2026-01-12 19:59:00,2026-01-12 22:33:00,T-101,North Depot,N-Bay-1,EQ-1714,Pump,,
EVT-0000567,WO-2026-00065,Tested,2026-01-12 20:10:00,2026-01-12 22:57:00,T-101,North Depot,N-Bay-1,EQ-1714,Pump,126.54,
EVT-0000568,WO-2026-00065,Repair Started,2026-01-12 22:10:00,2026-01-12 22:20:00,T-101,North Depot,N-Bay-1,EQ-1714,Pump,1682.20,
EVT-0000569,WO-2026-00065,Repair Completed,2026-01-13 04:10:00,2026-01-13 06:06:00,T-101,North Depot,N-Bay-1,EQ-1714,Pump,878.23,Low
EVT-0000570,WO-2026-00065,Tested,2026-01-13 06:50:00,2026-01-13 07:28:00,T-101,North Depot,N-Bay-1,EQ-1714,Pump,402.60,Medium
EVT-0000571,WO-2026-00065,Returned to Service,2026-01-13 08:11:00,2026-01-13 09:15:00,T-101,North Depot,N-Bay-1,EQ-1714,Pump,153.22,
EVT-0000572,WO-2026-00066,Fault Reported,2026-01-30 23:51:00,2026-01-31 00:33:00,T-102,North Depot,C-Workshop,EQ-1538,Valve Assembly,2516.75,
EVT-0000573,WO-2026-00066,Triaged,2026-01-31 03:11:00,2026-01-31 06:04:00,T-101,North Depot,C-Workshop,EQ-1538,Valve Assembly,1747.08,Low
EVT-0000574,WO-2026-00066,Parts Ordered,2026-02-02 04:11:00,2026-02-02 05:15:00,T-101,North Depot,C-Workshop,EQ-1538,Valve Assembly,1663.30,Low
EVT-0000575,WO-2026-00066,Parts Received,2026-02-02 06:30:00,2026-02-02 07:37:00,T-101,North Depot,C-Workshop,EQ-1538,Valve Assembly,1201.44,Medium
EVT-0000576,WO-2026-00066,Repair Started,2026-02-02 15:30:00,2026-02-02 15:47:00,T-101,North Depot,C-Workshop,EQ-1538,Valve Assembly,2013.83,
EVT-0000577,WO-2026-00066,Repair Completed,2026-02-03 00:30:00,2026-02-03 03:24:00,T-101,North Depot,C-Workshop,EQ-1538,Valve Assembly,2153.90,
EVT-0000578,WO-2026-00066,Tested,2026-02-03 04:18:00,2026-02-03 05:59:00,T-101,North Depot,C-Workshop,EQ-1538,Valve Assembly,434.70,
EVT-0000579,WO-2026-00066,Returned to Service,2026-02-03 08:04:00,2026-02-03 10:09:00,T-101,North Depot,C-Workshop,EQ-1538,Valve Assembly,,
EVT-0000580,WO-2026-00067,Fault Reported,2026-02-22 06:14:00,2026-02-22 07:29:00,T-101,North Depot,C-Workshop,EQ-1682,Compressor,1945.60,High
EVT-0000581,WO-2026-00067,Triaged,2026-02-22 08:13:00,2026-02-22 10:32:00,T-101,North Depot,C-Workshop,EQ-1682,Compressor,243.26,Low
EVT-0000582,WO-2026-00067,Triaged,2026-02-22 11:09:00,2026-02-22 12:35:00,T-101,North Depot,C-Workshop,EQ-1682,Compressor,163.01,Medium
EVT-0000583,WO-2026-00067,Parts Ordered,2026-02-23 15:09:00,2026-02-23 17:15:00,T-101,North Depot,C-Workshop,EQ-1682,Compressor,1049.35,
EVT-0000584,WO-2026-00067,Parts Received,2026-02-23 18:33:00,2026-02-23 19:34:00,T-101,North Depot,C-Workshop,EQ-1682,Compressor,263.20,High
EVT-0000585,WO-2026-00067,Repair Started,2026-02-23 19:33:00,2026-02-23 19:45:00,T-101,North Depot,C-Workshop,EQ-1682,Compressor,,High
EVT-0000586,WO-2026-00067,Repair Completed,2026-02-24 05:33:00,2026-02-24 06:06:00,T-101,North Depot,C-Workshop,EQ-1682,Compressor,456.22,Medium
EVT-0000587,WO-2026-00067,Tested,2026-02-24 08:08:00,2026-02-24 09:36:00,T-102,North Depot,C-Workshop,EQ-1682,Compressor,773.20,High
,WO-2026-00067,Returned to Service,2026-02-24 09:32:00,2026-02-24 11:58:00,T-302,South Depot,C-Workshop,EQ-1682,Compressor,,High
,WO-2026-00068,Fault Reported,2026-03-15 15:33:00,2026-03-15 17:27:00,T-302,South Depot,C-Field,EQ-1844,Pump,291.27,High
,WO-2026-00068,Triaged,2026-03-15 19:20:00,2026-03-15 21:13:00,T-302,South Depot,C-Field,EQ-1844,Pump,1495.56,
,WO-2026-00068,Parts Ordered,2026-03-15 19:20:00,2026-03-15 20:45:00,T-302,South Depot,C-Field,EQ-1844,Pump,,
,WO-2026-00068,Parts Received,2026-03-15 23:11:00,2026-03-15 23:28:00,T-302,South Depot,C-Field,EQ-1844,Pump,1632.48,Low
,WO-2026-00068,Repair Started,2026-03-16 03:11:00,2026-03-16 04:24:00,T-302,South Depot,C-Field,EQ-1844,Pump,,Low
,WO-2026-00068,Repair Completed,2026-03-16 11:11:00,2026-03-16 11:30:00,T-302,South Depot,C-Field,EQ-1844,Pump,2418.08,High
,WO-2026-00068,Tested,2026-03-16 12:27:00,2026-03-16 14:09:00,T-302,South Depot,C-Field,EQ-1844,Pump,2304.73,Medium
,WO-2026-00068,Returned to Service,2026-03-16 14:44:00,2026-03-16 16:31:00,T-302,South Depot,C-Field,EQ-1844,Pump,2245.50,Low
EVT-0000597,WO-2026-00069,Fault Reported,2026-01-31 23:49:00,2026-02-01 01:25:00,T-102,North Depot,N-Field,EQ-1949,Valve Assembly,1955.13,Medium
EVT-0000598,WO-2026-00069,Triaged,2026-02-01 00:30:00,2026-02-01 01:40:00,T-102,North Depot,N-Field,EQ-1949,Valve Assembly,2159.87,
EVT-0000599,WO-2026-00069,Parts Ordered,2026-02-03 03:30:00,2026-02-03 04:59:00,T-102,North Depot,N-Field,EQ-1949,Valve Assembly,489.36,
,WO-2026-00069,Parts Received,2026-02-03 06:46:00,2026-02-03 07:40:00,T-301,South Depot,N-Field,EQ-1949,Valve Assembly,,
,WO-2026-00069,Repair Started,2026-02-03 15:46:00,2026-02-03 17:21:00,T-301,South Depot,N-Field,EQ-1949,Valve Assembly,883.90,Medium
EVT-0000602,WO-2026-00069,Repair Completed,2026-02-03 23:46:00,2026-02-04 02:14:00,T-101,North Depot,N-Field,EQ-1949,Valve Assembly,1535.90,Medium
EVT-0000603,WO-2026-00069,Tested,2026-02-04 02:32:00,2026-02-04 05:02:00,T-101,North Depot,N-Field,EQ-1949,Valve Assembly,2142.13,Medium
EVT-0000604,WO-2026-00069,Returned to Service,2026-02-04 03:47:00,2026-02-04 04:49:00,T-101,North Depot,N-Field,EQ-1949,Valve Assembly,301.67,Low
EVT-0000605,WO-2026-00070,Fault Reported,2026-04-02 18:41:00,2026-04-02 20:18:00,T-302,Central Depot,S-Field,EQ-1110,Compressor,2168.13,Medium
EVT-0000606,WO-2026-00070,Triaged,2026-04-02 19:09:00,2026-04-02 21:44:00,T-302,Central Depot,S-Field,EQ-1110,Compressor,833.67,Low
EVT-0000607,WO-2026-00070,Parts Ordered,2026-04-03 23:09:00,2026-04-04 02:02:00,T-302,Central Depot,S-Field,EQ-1110,Compressor,2315.94,High
EVT-0000608,WO-2026-00070,Parts Received,2026-04-04 02:52:00,2026-04-04 04:19:00,T-302,Central Depot,S-Field,EQ-1110,Compressor,756.59,
EVT-0000609,WO-2026-00070,Repair Started,2026-04-04 06:52:00,2026-04-04 07:50:00,T-302,Central Depot,S-Field,EQ-1110,Compressor,62.34,Medium
EVT-0000610,WO-2026-00070,Repair Completed,2026-04-04 15:52:00,2026-04-04 16:59:00,T-102,North Depot,S-Field,EQ-1110,Compressor,,High
EVT-0000611,WO-2026-00070,Tested,2026-04-04 18:17:00,2026-04-04 19:33:00,T-102,North Depot,S-Field,EQ-1110,Compressor,1760.89,
EVT-0000612,WO-2026-00070,Returned to Service,2026-04-04 18:22:00,2026-04-04 19:54:00,T-102,North Depot,S-Field,EQ-1110,Compressor,1359.59,
,WO-2026-00071,Fault Reported,2026-01-23 05:44:00,2026-01-23 06:14:00,T-301,South Depot,S-Bay-1,EQ-1560,Pump,2211.05,
,WO-2026-00071,Triaged,2026-01-23 07:10:00,2026-01-23 08:19:00,T-301,South Depot,S-Bay-1,EQ-1560,Pump,,High
,WO-2026-00071,Escalated to Specialist,2026-01-23 09:38:00,2026-01-23 11:19:00,T-301,South Depot,S-Bay-1,EQ-1560,Pump,2399.08,High
,WO-2026-00071,Parts Ordered,2026-01-25 11:38:00,2026-01-25 14:18:00,T-301,South Depot,S-Bay-1,EQ-1560,Pump,325.87,Low
,WO-2026-00071,Parts Received,2026-01-25 14:46:00,2026-01-25 17:07:00,T-301,South Depot,S-Bay-1,EQ-1560,Pump,,Low
,WO-2026-00071,Repair Started,2026-01-25 22:46:00,2026-01-25 23:18:00,T-301,South Depot,S-Bay-1,EQ-1560,Pump,,High
,WO-2026-00071,Repair Completed,2026-01-26 09:46:00,2026-01-26 11:47:00,T-301,South Depot,S-Bay-1,EQ-1560,Pump,1741.73,Medium
,WO-2026-00071,Tested,2026-01-26 11:12:00,2026-01-26 13:53:00,T-301,South Depot,S-Bay-1,EQ-1560,Pump,1713.62,
,WO-2026-00071,Returned to Service,2026-01-26 11:36:00,2026-01-26 14:22:00,T-301,South Depot,S-Bay-1,EQ-1560,Pump,701.62,
EVT-0000622,WO-2026-00072,Fault Reported,2026-04-21 22:24:00,2026-04-22 01:06:00,T-302,Central Depot,C-Workshop,EQ-1238,Generator,1488.60,Low
EVT-0000623,WO-2026-00072,Triaged,2026-04-22 01:12:00,2026-04-22 03:22:00,T-302,Central Depot,C-Workshop,EQ-1238,Generator,555.67,
EVT-0000624,WO-2026-00072,Parts Ordered,2026-04-24 19:12:00,2026-04-24 21:20:00,T-201,Central Depot,C-Workshop,EQ-1238,Generator,1496.56,Medium
EVT-0000625,WO-2026-00072,Parts Received,2026-04-24 22:30:00,2026-04-25 01:26:00,T-201,Central Depot,C-Workshop,EQ-1238,Generator,2426.27,Medium
EVT-0000626,WO-2026-00072,Repair Started,2026-04-25 03:30:00,2026-04-25 05:01:00,T-201,Central Depot,C-Workshop,EQ-1238,Generator,1707.63,
EVT-0000627,WO-2026-00072,Repair Completed,2026-04-25 14:30:00,2026-04-25 15:07:00,T-201,Central Depot,C-Workshop,EQ-1238,Generator,1359.24,Low
EVT-0000628,WO-2026-00072,Tested,2026-04-25 16:44:00,2026-04-25 17:10:00,T-201,Central Depot,C-Workshop,EQ-1238,Generator,2292.66,Medium
EVT-0000629,WO-2026-00072,Returned to Service,2026-04-25 19:03:00,2026-04-25 19:55:00,T-201,Central Depot,C-Workshop,EQ-1238,Generator,776.12,
EVT-0000630,WO-2026-00073,Fault Reported,2026-04-27 09:57:00,2026-04-27 12:51:00,T-102,North Depot,N-Bay-2,EQ-1998,Conveyor,706.73,Low
EVT-0000631,WO-2026-00073,Triaged,2026-04-27 12:48:00,2026-04-27 15:07:00,T-102,North Depot,N-Bay-2,EQ-1998,Conveyor,,Medium
EVT-0000632,WO-2026-00073,Parts Ordered,2026-04-30 02:48:00,2026-04-30 04:44:00,T-102,North Depot,N-Bay-2,EQ-1998,Conveyor,1302.67,
EVT-0000633,WO-2026-00073,Parts Received,2026-04-30 05:59:00,2026-04-30 07:37:00,T-102,North Depot,N-Bay-2,EQ-1998,Conveyor,1293.98,Low
EVT-0000634,WO-2026-00073,Repair Started,2026-04-30 08:59:00,2026-04-30 11:22:00,T-102,North Depot,N-Bay-2,EQ-1998,Conveyor,325.45,
EVT-0000635,WO-2026-00073,Repair Completed,2026-04-30 19:59:00,2026-04-30 21:32:00,T-102,North Depot,N-Bay-2,EQ-1998,Conveyor,737.60,Medium
EVT-0000636,WO-2026-00073,Tested,2026-04-30 23:10:00,2026-04-30 23:37:00,T-102,North Depot,N-Bay-2,EQ-1998,Conveyor,2032.60,Medium
EVT-0000637,WO-2026-00073,Returned to Service,2026-04-30 23:22:00,2026-05-01 00:15:00,T-102,North Depot,N-Bay-2,EQ-1998,Conveyor,50.51,Medium
EVT-0000638,WO-2026-00074,Fault Reported,2026-04-14 07:06:00,2026-04-14 09:55:00,T-201,Central Depot,S-Bay-1,EQ-1528,Compressor,,
EVT-0000639,WO-2026-00074,Triaged,2026-04-14 09:30:00,2026-04-14 11:37:00,T-201,Central Depot,S-Bay-1,EQ-1528,Compressor,2402.87,Low
EVT-0000640,WO-2026-00074,Parts Ordered,2026-04-15 17:30:00,2026-04-15 19:37:00,T-201,Central Depot,S-Bay-1,EQ-1528,Compressor,771.75,Medium
EVT-0000641,WO-2026-00074,Parts Received,2026-04-15 21:16:00,2026-04-16 00:15:00,T-201,Central Depot,S-Bay-1,EQ-1528,Compressor,691.04,Low
EVT-0000642,WO-2026-00074,Repair Started,2026-04-16 02:16:00,2026-04-16 05:10:00,T-201,Central Depot,S-Bay-1,EQ-1528,Compressor,725.38,
EVT-0000643,WO-2026-00074,Repair Completed,2026-04-16 13:16:00,2026-04-16 15:03:00,T-201,Central Depot,S-Bay-1,EQ-1528,Compressor,477.62,Low
EVT-0000644,WO-2026-00074,Tested,2026-04-16 14:22:00,2026-04-16 15:56:00,T-201,Central Depot,S-Bay-1,EQ-1528,Compressor,1768.29,Medium
EVT-0000645,WO-2026-00074,Returned to Service,2026-04-16 16:04:00,2026-04-16 17:45:00,T-201,Central Depot,S-Bay-1,EQ-1528,Compressor,2107.35,Low
EVT-0000646,WO-2026-00075,Fault Reported,2026-05-13 04:44:00,2026-05-13 05:37:00,T-201,Central Depot,N-Bay-2,EQ-1458,Compressor,679.18,
EVT-0000647,WO-2026-00075,Triaged,2026-05-13 07:31:00,2026-05-13 08:33:00,T-201,Central Depot,N-Bay-2,EQ-1458,Compressor,,
EVT-0000648,WO-2026-00075,Parts Ordered,2026-05-14 16:31:00,2026-05-14 19:29:00,T-201,Central Depot,N-Bay-2,EQ-1458,Compressor,682.78,Medium
EVT-0000649,WO-2026-00075,Parts Received,2026-05-14 17:25:00,2026-05-14 20:17:00,T-201,Central Depot,N-Bay-2,EQ-1458,Compressor,2566.37,High
EVT-0000650,WO-2026-00075,Repair Started,2026-05-14 19:25:00,2026-05-14 22:12:00,T-302,Central Depot,N-Bay-2,EQ-1458,Compressor,,Low
EVT-0000651,WO-2026-00075,Repair Completed,2026-05-15 04:25:00,2026-05-15 06:06:00,T-302,Central Depot,N-Bay-2,EQ-1458,Compressor,1901.97,
EVT-0000652,WO-2026-00075,Tested,2026-05-15 07:27:00,2026-05-15 08:58:00,T-302,Central Depot,N-Bay-2,EQ-1458,Compressor,546.88,Low
EVT-0000653,WO-2026-00075,Returned to Service,2026-05-15 10:54:00,2026-05-15 13:22:00,T-201,Central Depot,N-Bay-2,EQ-1458,Compressor,2428.94,High
EVT-0000654,WO-2026-00076,Fault Reported,2026-02-06 22:13:00,2026-02-07 00:06:00,T-201,Central Depot,C-Workshop,EQ-1655,Compressor,2220.42,Medium
EVT-0000655,WO-2026-00076,Triaged,2026-02-07 01:47:00,2026-02-07 01:52:00,T-201,Central Depot,C-Workshop,EQ-1655,Compressor,,
EVT-0000656,WO-2026-00076,Parts Ordered,2026-02-10 02:47:00,2026-02-10 03:10:00,T-201,Central Depot,C-Workshop,EQ-1655,Compressor,1938.95,High
EVT-0000657,WO-2026-00076,Parts Received,2026-02-10 05:42:00,2026-02-10 08:01:00,T-201,Central Depot,C-Workshop,EQ-1655,Compressor,645.50,Medium
EVT-0000658,WO-2026-00076,Parts Ordered,2026-02-13 14:42:00,2026-02-13 17:06:00,T-201,Central Depot,C-Workshop,EQ-1655,Compressor,1572.20,
EVT-0000659,WO-2026-00076,Parts Received,2026-02-13 18:23:00,2026-02-13 19:42:00,T-201,Central Depot,C-Workshop,EQ-1655,Compressor,680.08,High
EVT-0000660,WO-2026-00076,Repair Started,2026-02-14 06:23:00,2026-02-14 06:31:00,T-201,Central Depot,C-Workshop,EQ-1655,Compressor,125.51,Medium
EVT-0000661,WO-2026-00076,Repair Completed,2026-02-14 11:23:00,2026-02-14 11:52:00,T-201,Central Depot,C-Workshop,EQ-1655,Compressor,963.04,High
EVT-0000662,WO-2026-00076,Tested,2026-02-14 12:17:00,2026-02-14 12:44:00,T-201,Central Depot,C-Workshop,EQ-1655,Compressor,1758.80,Low
EVT-0000663,WO-2026-00076,Returned to Service,2026-02-14 14:40:00,2026-02-14 16:16:00,T-201,Central Depot,C-Workshop,EQ-1655,Compressor,181.98,Low
,WO-2026-00077,Fault Reported,2026-02-26 03:38:00,2026-02-26 03:48:00,T-302,South Depot,N-Field,EQ-1578,Pump,404.78,High
,WO-2026-00077,Triaged,2026-02-26 06:47:00,2026-02-26 07:56:00,T-302,South Depot,N-Field,EQ-1578,Pump,439.37,High
,WO-2026-00077,Parts Ordered,2026-02-27 06:47:00,2026-02-27 09:28:00,T-302,South Depot,N-Field,EQ-1578,Pump,648.52,Medium
,WO-2026-00077,Parts Received,2026-02-27 08:26:00,2026-02-27 09:04:00,T-302,South Depot,N-Field,EQ-1578,Pump,2218.65,Low
,WO-2026-00077,Repair Started,2026-02-27 18:26:00,2026-02-27 21:01:00,T-302,South Depot,N-Field,EQ-1578,Pump,2071.71,
,WO-2026-00077,Repair Completed,2026-02-28 03:26:00,2026-02-28 06:23:00,T-302,South Depot,N-Field,EQ-1578,Pump,,
,WO-2026-00077,Tested,2026-02-28 05:58:00,2026-02-28 07:53:00,T-302,South Depot,N-Field,EQ-1578,Pump,1813.93,
,WO-2026-00077,Repair Started,2026-02-28 11:58:00,2026-02-28 14:16:00,T-302,South Depot,N-Field,EQ-1578,Pump,,Low
,WO-2026-00077,Repair Completed,2026-02-28 18:58:00,2026-02-28 20:16:00,T-302,South Depot,N-Field,EQ-1578,Pump,1339.02,Medium
,WO-2026-00077,Tested,2026-02-28 20:52:00,2026-02-28 21:42:00,T-302,South Depot,N-Field,EQ-1578,Pump,1991.67,Medium
,WO-2026-00077,Returned to Service,2026-02-28 21:03:00,2026-02-28 23:32:00,T-302,South Depot,N-Field,EQ-1578,Pump,981.14,
EVT-0000675,WO-2026-00078,Fault Reported,2026-02-17 21:51:00,2026-02-17 23:10:00,T-202,Central Depot,C-Workshop,EQ-1453,Conveyor,468.99,
EVT-0000676,WO-2026-00078,Triaged,2026-02-18 01:43:00,2026-02-18 02:16:00,T-202,Central Depot,C-Workshop,EQ-1453,Conveyor,861.60,Low
EVT-0000677,WO-2026-00078,Parts Ordered,2026-02-21 09:43:00,2026-02-21 10:22:00,T-202,Central Depot,C-Workshop,EQ-1453,Conveyor,1905.71,
EVT-0000678,WO-2026-00078,Parts Received,2026-02-21 12:11:00,2026-02-21 14:44:00,T-202,Central Depot,C-Workshop,EQ-1453,Conveyor,,Low
EVT-0000679,WO-2026-00078,Repair Started,2026-02-21 18:11:00,2026-02-21 20:22:00,T-202,Central Depot,C-Workshop,EQ-1453,Conveyor,1186.12,Medium
EVT-0000680,WO-2026-00078,Repair Completed,2026-02-21 21:11:00,2026-02-21 22:54:00,T-202,Central Depot,C-Workshop,EQ-1453,Conveyor,,Medium
EVT-0000681,WO-2026-00078,Tested,2026-02-21 23:57:00,2026-02-22 02:44:00,T-202,Central Depot,C-Workshop,EQ-1453,Conveyor,2550.76,Medium
EVT-0000682,WO-2026-00078,Returned to Service,2026-02-22 00:49:00,2026-02-22 01:05:00,T-202,Central Depot,C-Workshop,EQ-1453,Conveyor,840.74,Medium
,WO-2026-00079,Fault Reported,2026-04-22 13:12:00,2026-04-22 13:26:00,T-301,South Depot,C-Bay-1,EQ-1618,Compressor,,Medium
,WO-2026-00079,Triaged,2026-04-22 15:22:00,2026-04-22 17:56:00,T-301,South Depot,C-Bay-1,EQ-1618,Compressor,,High
,WO-2026-00079,Parts Ordered,2026-04-25 17:22:00,2026-04-25 19:49:00,T-301,South Depot,C-Bay-1,EQ-1618,Compressor,45.81,
,WO-2026-00079,Parts Received,2026-04-25 20:33:00,2026-04-25 20:38:00,T-301,South Depot,C-Bay-1,EQ-1618,Compressor,,
,WO-2026-00079,Parts Ordered,2026-04-28 15:33:00,2026-04-28 17:24:00,T-301,South Depot,C-Bay-1,EQ-1618,Compressor,1778.16,High
EVT-0000688,WO-2026-00079,Parts Received,2026-04-28 17:52:00,2026-04-28 20:00:00,T-102,North Depot,C-Bay-1,EQ-1618,Compressor,651.85,Low
EVT-0000689,WO-2026-00079,Repair Started,2026-04-28 23:52:00,2026-04-29 00:32:00,T-102,North Depot,C-Bay-1,EQ-1618,Compressor,1119.98,Medium
EVT-0000690,WO-2026-00079,Repair Completed,2026-04-29 04:52:00,2026-04-29 07:36:00,T-102,North Depot,C-Bay-1,EQ-1618,Compressor,1001.20,Low
EVT-0000691,WO-2026-00079,Tested,2026-04-29 05:54:00,2026-04-29 08:19:00,T-102,North Depot,C-Bay-1,EQ-1618,Compressor,635.01,Medium
EVT-0000692,WO-2026-00079,Returned to Service,2026-04-29 09:36:00,2026-04-29 10:40:00,T-102,North Depot,C-Bay-1,EQ-1618,Compressor,1188.66,Low
EVT-0000693,WO-2026-00080,Fault Reported,2026-02-13 21:53:00,2026-02-14 00:08:00,T-201,Central Depot,S-Bay-1,EQ-1917,Compressor,113.17,Low
EVT-0000694,WO-2026-00080,Triaged,2026-02-13 23:12:00,2026-02-14 01:49:00,T-201,Central Depot,S-Bay-1,EQ-1917,Compressor,2467.13,
EVT-0000695,WO-2026-00080,Parts Ordered,2026-02-17 08:12:00,2026-02-17 10:03:00,T-201,Central Depot,S-Bay-1,EQ-1917,Compressor,1590.80,Medium
EVT-0000696,WO-2026-00080,Parts Received,2026-02-17 10:29:00,2026-02-17 10:55:00,T-201,Central Depot,S-Bay-1,EQ-1917,Compressor,,Low
,WO-2026-00080,Repair Started,2026-02-17 14:29:00,2026-02-17 14:38:00,T-301,South Depot,S-Bay-1,EQ-1917,Compressor,1893.08,Low
,WO-2026-00080,Repair Completed,2026-02-17 22:29:00,2026-02-18 00:28:00,T-301,South Depot,S-Bay-1,EQ-1917,Compressor,,Medium
EVT-0000699,WO-2026-00080,Tested,2026-02-17 23:41:00,2026-02-18 01:32:00,T-201,Central Depot,S-Bay-1,EQ-1917,Compressor,2039.87,Medium
EVT-0000700,WO-2026-00080,Repair Started,2026-02-18 03:41:00,2026-02-18 05:44:00,T-201,Central Depot,S-Bay-1,EQ-1917,Compressor,1629.25,Medium
EVT-0000701,WO-2026-00080,Repair Completed,2026-02-18 09:41:00,2026-02-18 10:15:00,T-101,North Depot,S-Bay-1,EQ-1917,Compressor,,Medium
,WO-2026-00080,Tested,2026-02-18 11:55:00,2026-02-18 12:06:00,T-301,South Depot,S-Bay-1,EQ-1917,Compressor,1944.51,High
,WO-2026-00080,Returned to Service,2026-02-18 13:32:00,2026-02-18 15:32:00,T-301,South Depot,S-Bay-1,EQ-1917,Compressor,78.47,Low
EVT-0000704,WO-2026-00081,Fault Reported,2026-02-28 06:11:00,2026-02-28 07:40:00,T-101,North Depot,N-Bay-1,EQ-1280,Generator,,High
EVT-0000705,WO-2026-00081,Triaged,2026-02-28 06:48:00,2026-02-28 07:49:00,T-101,North Depot,N-Bay-1,EQ-1280,Generator,1685.60,Medium
EVT-0000706,WO-2026-00081,Parts Ordered,2026-03-02 03:48:00,2026-03-02 05:02:00,T-101,North Depot,N-Bay-1,EQ-1280,Generator,,High
EVT-0000707,WO-2026-00081,Parts Received,2026-03-02 03:54:00,2026-03-02 04:31:00,T-101,North Depot,N-Bay-1,EQ-1280,Generator,2560.15,High
EVT-0000708,WO-2026-00081,Repair Started,2026-03-02 13:54:00,2026-03-02 14:19:00,T-101,North Depot,N-Bay-1,EQ-1280,Generator,375.75,High
EVT-0000709,WO-2026-00081,Repair Completed,2026-03-02 15:54:00,2026-03-02 18:47:00,T-202,Central Depot,N-Bay-1,EQ-1280,Generator,1197.59,
EVT-0000710,WO-2026-00081,Tested,2026-03-02 18:50:00,2026-03-02 20:25:00,T-202,Central Depot,N-Bay-1,EQ-1280,Generator,317.60,Low
EVT-0000711,WO-2026-00081,Repair Started,2026-03-03 05:50:00,2026-03-03 08:27:00,T-202,Central Depot,N-Bay-1,EQ-1280,Generator,481.65,High
EVT-0000712,WO-2026-00081,Repair Completed,2026-03-03 12:50:00,2026-03-03 15:35:00,T-202,Central Depot,N-Bay-1,EQ-1280,Generator,,
EVT-0000713,WO-2026-00081,Tested,2026-03-03 13:48:00,2026-03-03 15:40:00,T-202,Central Depot,N-Bay-1,EQ-1280,Generator,340.88,Low
EVT-0000714,WO-2026-00081,Returned to Service,2026-03-03 14:26:00,2026-03-03 14:40:00,T-202,Central Depot,N-Bay-1,EQ-1280,Generator,2593.81,
EVT-0000715,WO-2026-00082,Fault Reported,2026-05-12 07:18:00,2026-05-12 09:20:00,T-101,North Depot,N-Field,EQ-1307,Compressor,411.96,High
EVT-0000716,WO-2026-00082,Triaged,2026-05-12 10:27:00,2026-05-12 12:32:00,T-101,North Depot,N-Field,EQ-1307,Compressor,951.16,
EVT-0000717,WO-2026-00082,Parts Ordered,2026-05-15 10:27:00,2026-05-15 11:46:00,T-102,North Depot,N-Field,EQ-1307,Compressor,,Low
EVT-0000718,WO-2026-00082,Parts Received,2026-05-15 12:36:00,2026-05-15 13:09:00,T-102,North Depot,N-Field,EQ-1307,Compressor,1537.26,High
EVT-0000719,WO-2026-00082,Repair Started,2026-05-15 13:36:00,2026-05-15 16:33:00,T-102,North Depot,N-Field,EQ-1307,Compressor,2077.23,
EVT-0000720,WO-2026-00082,Repair Completed,2026-05-15 18:36:00,2026-05-15 20:02:00,T-102,North Depot,N-Field,EQ-1307,Compressor,,Low
EVT-0000721,WO-2026-00082,Tested,2026-05-15 20:47:00,2026-05-15 22:21:00,T-102,North Depot,N-Field,EQ-1307,Compressor,509.12,
EVT-0000722,WO-2026-00082,Returned to Service,2026-05-15 20:58:00,2026-05-15 23:53:00,T-102,North Depot,N-Field,EQ-1307,Compressor,,Low
EVT-0000723,WO-2026-00083,Fault Reported,2026-01-23 20:37:00,2026-01-23 23:25:00,T-102,North Depot,C-Workshop,EQ-1631,Valve Assembly,1202.89,Medium
EVT-0000724,WO-2026-00083,Triaged,2026-01-24 00:04:00,2026-01-24 01:46:00,T-102,North Depot,C-Workshop,EQ-1631,Valve Assembly,1482.60,
EVT-0000725,WO-2026-00083,Parts Ordered,2026-01-27 14:04:00,2026-01-27 16:27:00,T-102,North Depot,C-Workshop,EQ-1631,Valve Assembly,,Medium
EVT-0000726,WO-2026-00083,Parts Received,2026-01-27 16:00:00,2026-01-27 18:15:00,T-102,North Depot,C-Workshop,EQ-1631,Valve Assembly,1269.54,
EVT-0000727,WO-2026-00083,Repair Started,2026-01-27 22:00:00,2026-01-28 01:00:00,T-102,North Depot,C-Workshop,EQ-1631,Valve Assembly,2073.24,High
EVT-0000728,WO-2026-00083,Repair Completed,2026-01-28 01:00:00,2026-01-28 03:29:00,T-102,North Depot,C-Workshop,EQ-1631,Valve Assembly,355.92,Medium
EVT-0000729,WO-2026-00083,Tested,2026-01-28 01:57:00,2026-01-28 03:52:00,T-102,North Depot,C-Workshop,EQ-1631,Valve Assembly,,
EVT-0000730,WO-2026-00083,Returned to Service,2026-01-28 03:10:00,2026-01-28 03:27:00,T-202,Central Depot,C-Workshop,EQ-1631,Valve Assembly,,High
EVT-0000731,WO-2026-00084,Fault Reported,2026-05-05 03:45:00,2026-05-05 04:40:00,T-302,Central Depot,S-Bay-1,EQ-1935,Generator,2151.42,High
EVT-0000732,WO-2026-00084,Triaged,2026-05-05 06:42:00,2026-05-05 09:05:00,T-302,Central Depot,S-Bay-1,EQ-1935,Generator,,
EVT-0000733,WO-2026-00084,Parts Ordered,2026-05-06 15:42:00,2026-05-06 16:28:00,T-302,Central Depot,S-Bay-1,EQ-1935,Generator,1136.00,High
EVT-0000734,WO-2026-00084,Parts Received,2026-05-06 16:46:00,2026-05-06 18:20:00,T-302,Central Depot,S-Bay-1,EQ-1935,Generator,850.33,
EVT-0000735,WO-2026-00084,Repair Started,2026-05-06 17:46:00,2026-05-06 20:06:00,T-302,Central Depot,S-Bay-1,EQ-1935,Generator,996.73,Medium
EVT-0000736,WO-2026-00084,Repair Completed,2026-05-07 05:46:00,2026-05-07 06:57:00,T-101,North Depot,S-Bay-1,EQ-1935,Generator,349.59,Low
EVT-0000737,WO-2026-00084,Tested,2026-05-07 08:37:00,2026-05-07 11:10:00,T-101,North Depot,S-Bay-1,EQ-1935,Generator,506.87,High
EVT-0000738,WO-2026-00084,Returned to Service,2026-05-07 10:33:00,2026-05-07 11:51:00,T-101,North Depot,S-Bay-1,EQ-1935,Generator,2551.75,
,WO-2026-00085,Fault Reported,2026-02-15 03:21:00,2026-02-15 04:36:00,T-301,South Depot,C-Bay-1,EQ-1520,Compressor,2049.79,High
,WO-2026-00085,Triaged,2026-02-15 05:49:00,2026-02-15 06:14:00,T-301,South Depot,C-Bay-1,EQ-1520,Compressor,1194.28,Low
,WO-2026-00085,Repair Started,2026-02-15 05:49:00,2026-02-15 06:04:00,T-301,South Depot,C-Bay-1,EQ-1520,Compressor,1680.07,Low
,WO-2026-00085,Repair Completed,2026-02-15 13:49:00,2026-02-15 13:58:00,T-301,South Depot,C-Bay-1,EQ-1520,Compressor,121.47,Low
,WO-2026-00085,Tested,2026-02-15 15:50:00,2026-02-15 18:45:00,T-301,South Depot,C-Bay-1,EQ-1520,Compressor,1705.37,Medium
,WO-2026-00085,Returned to Service,2026-02-15 16:41:00,2026-02-15 17:36:00,T-301,South Depot,C-Bay-1,EQ-1520,Compressor,2587.40,High
EVT-0000745,WO-2026-00086,Fault Reported,2026-01-12 00:27:00,2026-01-12 01:54:00,T-202,Central Depot,N-Bay-1,EQ-1824,Pump,895.83,Medium
EVT-0000746,WO-2026-00086,Triaged,2026-01-12 02:40:00,2026-01-12 03:13:00,T-202,Central Depot,N-Bay-1,EQ-1824,Pump,1277.25,Medium
EVT-0000747,WO-2026-00086,Parts Ordered,2026-01-15 17:40:00,2026-01-15 19:18:00,T-202,Central Depot,N-Bay-1,EQ-1824,Pump,,High
EVT-0000748,WO-2026-00086,Parts Received,2026-01-15 19:54:00,2026-01-15 20:31:00,T-202,Central Depot,N-Bay-1,EQ-1824,Pump,,High
EVT-0000749,WO-2026-00086,Repair Started,2026-01-15 21:54:00,2026-01-15 23:40:00,T-202,Central Depot,N-Bay-1,EQ-1824,Pump,1611.70,
EVT-0000750,WO-2026-00086,Repair Completed,2026-01-16 04:54:00,2026-01-16 07:37:00,T-202,Central Depot,N-Bay-1,EQ-1824,Pump,1409.91,
EVT-0000751,WO-2026-00086,Tested,2026-01-16 05:20:00,2026-01-16 06:31:00,T-202,Central Depot,N-Bay-1,EQ-1824,Pump,1905.58,
EVT-0000752,WO-2026-00086,Returned to Service,2026-01-16 07:37:00,2026-01-16 07:56:00,T-202,Central Depot,N-Bay-1,EQ-1824,Pump,1685.21,High
,WO-2026-00087,Fault Reported,2026-01-23 01:53:00,2026-01-23 03:02:00,T-302,South Depot,S-Bay-1,EQ-1056,Pump,212.68,Low
,WO-2026-00087,Triaged,2026-01-23 03:57:00,2026-01-23 05:48:00,T-302,South Depot,S-Bay-1,EQ-1056,Pump,331.09,Medium
,WO-2026-00087,Parts Ordered,2026-01-24 02:57:00,2026-01-24 05:47:00,T-302,South Depot,S-Bay-1,EQ-1056,Pump,2399.28,Low
,WO-2026-00087,Parts Received,2026-01-24 06:30:00,2026-01-24 08:27:00,T-301,South Depot,S-Bay-1,EQ-1056,Pump,1140.49,Low
,WO-2026-00087,Repair Started,2026-01-24 14:30:00,2026-01-24 16:22:00,T-301,South Depot,S-Bay-1,EQ-1056,Pump,1928.15,
,WO-2026-00087,Repair Completed,2026-01-25 02:30:00,2026-01-25 02:41:00,T-301,South Depot,S-Bay-1,EQ-1056,Pump,228.70,High
,WO-2026-00087,Tested,2026-01-25 02:43:00,2026-01-25 05:07:00,T-301,South Depot,S-Bay-1,EQ-1056,Pump,,Medium
,WO-2026-00087,Repair Started,2026-01-25 08:43:00,2026-01-25 09:01:00,T-301,South Depot,S-Bay-1,EQ-1056,Pump,,
,WO-2026-00087,Repair Completed,2026-01-25 12:43:00,2026-01-25 14:48:00,T-301,South Depot,S-Bay-1,EQ-1056,Pump,173.87,
,WO-2026-00087,Tested,2026-01-25 16:38:00,2026-01-25 18:01:00,T-301,South Depot,S-Bay-1,EQ-1056,Pump,2255.70,High
,WO-2026-00087,Returned to Service,2026-01-25 17:03:00,2026-01-25 17:55:00,T-302,South Depot,S-Bay-1,EQ-1056,Pump,54.64,Medium
EVT-0000764,WO-2026-00088,Fault Reported,2026-02-02 16:33:00,2026-02-02 17:23:00,T-101,North Depot,N-Field,EQ-1786,Pump,903.98,Medium
EVT-0000765,WO-2026-00088,Triaged,2026-02-02 16:48:00,2026-02-02 17:08:00,T-101,North Depot,N-Field,EQ-1786,Pump,428.40,Medium
EVT-0000766,WO-2026-00088,Triaged,2026-02-02 18:48:00,2026-02-02 19:11:00,T-101,North Depot,N-Field,EQ-1786,Pump,1201.70,Medium
EVT-0000767,WO-2026-00088,Parts Ordered,2026-02-05 16:48:00,2026-02-05 17:47:00,T-202,Central Depot,N-Field,EQ-1786,Pump,334.70,High
EVT-0000768,WO-2026-00088,Parts Received,2026-02-05 17:26:00,2026-02-05 17:31:00,T-202,Central Depot,N-Field,EQ-1786,Pump,1047.97,
,WO-2026-00088,Repair Started,2026-02-06 00:26:00,2026-02-06 01:59:00,T-302,South Depot,N-Field,EQ-1786,Pump,1912.01,High
,WO-2026-00088,Repair Completed,2026-02-06 10:26:00,2026-02-06 11:04:00,T-302,South Depot,N-Field,EQ-1786,Pump,671.92,Medium
,WO-2026-00088,Tested,2026-02-06 13:38:00,2026-02-06 16:27:00,T-302,South Depot,N-Field,EQ-1786,Pump,264.75,Medium
,WO-2026-00088,Returned to Service,2026-02-06 14:01:00,2026-02-06 15:14:00,T-302,South Depot,N-Field,EQ-1786,Pump,1289.01,
EVT-0000773,WO-2026-00089,Fault Reported,2026-03-01 12:01:00,2026-03-01 12:39:00,T-102,North Depot,S-Field,EQ-1147,Pump,2408.79,
EVT-0000774,WO-2026-00089,Triaged,2026-03-01 14:05:00,2026-03-01 16:37:00,T-102,North Depot,S-Field,EQ-1147,Pump,,Low
EVT-0000775,WO-2026-00089,Parts Ordered,2026-03-05 11:05:00,2026-03-05 13:44:00,T-102,North Depot,S-Field,EQ-1147,Pump,2494.23,Medium
EVT-0000776,WO-2026-00089,Parts Received,2026-03-05 11:30:00,2026-03-05 11:43:00,T-102,North Depot,S-Field,EQ-1147,Pump,1626.75,Low
EVT-0000777,WO-2026-00089,Repair Started,2026-03-05 18:30:00,2026-03-05 18:48:00,T-102,North Depot,S-Field,EQ-1147,Pump,,Low
EVT-0000778,WO-2026-00089,Repair Completed,2026-03-05 20:30:00,2026-03-05 21:35:00,T-102,North Depot,S-Field,EQ-1147,Pump,541.47,
EVT-0000779,WO-2026-00089,Tested,2026-03-06 00:22:00,2026-03-06 01:48:00,T-102,North Depot,S-Field,EQ-1147,Pump,2566.95,High
EVT-0000780,WO-2026-00089,Returned to Service,2026-03-06 01:08:00,2026-03-06 03:46:00,T-102,North Depot,S-Field,EQ-1147,Pump,474.67,Low
EVT-0000781,WO-2026-00090,Fault Reported,2026-01-30 22:01:00,2026-01-31 00:08:00,T-201,Central Depot,C-Bay-1,EQ-1946,Conveyor,961.66,Low
EVT-0000782,WO-2026-00090,Triaged,2026-01-31 01:30:00,2026-01-31 03:23:00,T-201,Central Depot,C-Bay-1,EQ-1946,Conveyor,870.34,Low
EVT-0000783,WO-2026-00090,Escalated to Specialist,2026-01-31 02:12:00,2026-01-31 04:47:00,T-201,Central Depot,C-Bay-1,EQ-1946,Conveyor,2312.68,Medium
EVT-0000784,WO-2026-00090,Parts Ordered,2026-02-01 12:12:00,2026-02-01 13:01:00,T-201,Central Depot,C-Bay-1,EQ-1946,Conveyor,2431.07,Low
EVT-0000785,WO-2026-00090,Parts Received,2026-02-01 13:47:00,2026-02-01 14:21:00,T-201,Central Depot,C-Bay-1,EQ-1946,Conveyor,1426.14,Low
EVT-0000786,WO-2026-00090,Repair Started,2026-02-01 20:47:00,2026-02-01 22:21:00,T-201,Central Depot,C-Bay-1,EQ-1946,Conveyor,2557.58,
EVT-0000787,WO-2026-00090,Repair Completed,2026-02-02 06:47:00,2026-02-02 08:15:00,T-201,Central Depot,C-Bay-1,EQ-1946,Conveyor,1983.17,
,WO-2026-00090,Tested,2026-02-02 08:37:00,2026-02-02 10:42:00,T-301,South Depot,C-Bay-1,EQ-1946,Conveyor,2273.83,High
EVT-0000789,WO-2026-00090,Returned to Service,2026-02-02 11:58:00,2026-02-02 13:36:00,T-101,North Depot,C-Bay-1,EQ-1946,Conveyor,1508.12,Medium
EVT-0000790,WO-2026-00091,Fault Reported,2026-05-19 09:45:00,2026-05-19 10:51:00,T-302,Central Depot,C-Bay-2,EQ-1387,Conveyor,1932.22,Medium
EVT-0000791,WO-2026-00091,Triaged,2026-05-19 10:36:00,2026-05-19 13:19:00,T-302,Central Depot,C-Bay-2,EQ-1387,Conveyor,738.96,
EVT-0000792,WO-2026-00091,Parts Ordered,2026-05-21 08:36:00,2026-05-21 08:42:00,T-302,Central Depot,C-Bay-2,EQ-1387,Conveyor,,High
EVT-0000793,WO-2026-00091,Parts Received,2026-05-21 09:06:00,2026-05-21 09:32:00,T-302,Central Depot,C-Bay-2,EQ-1387,Conveyor,2192.69,Medium
EVT-0000794,WO-2026-00091,Repair Started,2026-05-21 16:06:00,2026-05-21 18:19:00,T-302,Central Depot,C-Bay-2,EQ-1387,Conveyor,1190.32,Low
EVT-0000795,WO-2026-00091,Repair Completed,2026-05-21 21:06:00,2026-05-21 21:24:00,T-302,Central Depot,C-Bay-2,EQ-1387,Conveyor,2401.67,
EVT-0000796,WO-2026-00091,Tested,2026-05-21 21:55:00,2026-05-21 23:06:00,T-302,Central Depot,C-Bay-2,EQ-1387,Conveyor,1697.47,Medium
EVT-0000797,WO-2026-00091,Repair Started,2026-05-22 08:55:00,2026-05-22 09:35:00,T-302,Central Depot,C-Bay-2,EQ-1387,Conveyor,545.68,High
EVT-0000798,WO-2026-00091,Repair Completed,2026-05-22 10:55:00,2026-05-22 13:00:00,T-302,Central Depot,C-Bay-2,EQ-1387,Conveyor,330.67,Low
EVT-0000799,WO-2026-00091,Tested,2026-05-22 12:46:00,2026-05-22 13:08:00,T-302,Central Depot,C-Bay-2,EQ-1387,Conveyor,1740.30,Medium
EVT-0000800,WO-2026-00091,Returned to Service,2026-05-22 15:39:00,2026-05-22 17:19:00,T-302,Central Depot,C-Bay-2,EQ-1387,Conveyor,875.03,Medium
EVT-0000801,WO-2026-00092,Fault Reported,2026-03-11 11:05:00,2026-03-11 12:06:00,T-202,Central Depot,N-Bay-2,EQ-1116,Compressor,2451.66,Medium
EVT-0000802,WO-2026-00092,Triaged,2026-03-11 13:12:00,2026-03-11 14:37:00,T-202,Central Depot,N-Bay-2,EQ-1116,Compressor,2532.57,High
,WO-2026-00092,Parts Ordered,2026-03-15 07:12:00,2026-03-15 09:32:00,T-202,South Depot,N-Bay-2,EQ-1116,Compressor,,Medium
,WO-2026-00092,Parts Received,2026-03-15 08:06:00,2026-03-15 09:05:00,T-202,South Depot,N-Bay-2,EQ-1116,Compressor,1541.37,
EVT-0000805,WO-2026-00092,Repair Started,2026-03-15 19:06:00,2026-03-15 20:50:00,T-201,Central Depot,N-Bay-2,EQ-1116,Compressor,1179.93,Medium
EVT-0000806,WO-2026-00092,Repair Completed,2026-03-16 03:06:00,2026-03-16 04:26:00,T-102,North Depot,N-Bay-2,EQ-1116,Compressor,,Medium
EVT-0000807,WO-2026-00092,Tested,2026-03-16 06:40:00,2026-03-16 07:24:00,T-201,Central Depot,N-Bay-2,EQ-1116,Compressor,1369.09,
EVT-0000808,WO-2026-00092,Returned to Service,2026-03-16 07:48:00,2026-03-16 10:24:00,T-201,Central Depot,N-Bay-2,EQ-1116,Compressor,966.21,
,WO-2026-00093,Fault Reported,2026-03-24 22:33:00,2026-03-24 22:54:00,T-301,South Depot,C-Field,EQ-1351,Valve Assembly,1098.16,High
,WO-2026-00093,Triaged,2026-03-24 23:56:00,2026-03-25 01:54:00,T-301,South Depot,C-Field,EQ-1351,Valve Assembly,2596.58,Low
,WO-2026-00093,Escalated to Specialist,2026-03-25 01:20:00,2026-03-25 04:08:00,T-302,South Depot,C-Field,EQ-1351,Valve Assembly,2229.53,Low
,WO-2026-00093,Parts Ordered,2026-03-27 05:20:00,2026-03-27 07:11:00,T-302,South Depot,C-Field,EQ-1351,Valve Assembly,,
,WO-2026-00093,Parts Received,2026-03-27 06:15:00,2026-03-27 07:46:00,T-302,South Depot,C-Field,EQ-1351,Valve Assembly,,Low
,WO-2026-00093,Repair Started,2026-03-27 12:15:00,2026-03-27 12:56:00,T-302,South Depot,C-Field,EQ-1351,Valve Assembly,,Medium
,WO-2026-00093,Repair Completed,2026-03-28 00:15:00,2026-03-28 03:13:00,T-302,South Depot,C-Field,EQ-1351,Valve Assembly,,Medium
,WO-2026-00093,Tested,2026-03-28 00:23:00,2026-03-28 03:21:00,T-302,South Depot,C-Field,EQ-1351,Valve Assembly,709.66,Low
,WO-2026-00093,Returned to Service,2026-03-28 03:00:00,2026-03-28 03:54:00,T-302,South Depot,C-Field,EQ-1351,Valve Assembly,2589.85,Low
EVT-0000818,WO-2026-00094,Fault Reported,2026-04-27 06:10:00,2026-04-27 06:43:00,T-302,Central Depot,S-Bay-1,EQ-1233,Conveyor,656.35,Medium
EVT-0000819,WO-2026-00094,Triaged,2026-04-27 08:25:00,2026-04-27 09:40:00,T-302,Central Depot,S-Bay-1,EQ-1233,Conveyor,1288.35,Low
EVT-0000820,WO-2026-00094,Parts Ordered,2026-04-28 21:25:00,2026-04-28 21:35:00,T-102,North Depot,S-Bay-1,EQ-1233,Conveyor,1087.39,Low
EVT-0000821,WO-2026-00094,Parts Received,2026-04-28 23:27:00,2026-04-29 02:01:00,T-102,North Depot,S-Bay-1,EQ-1233,Conveyor,1569.51,Medium
EVT-0000822,WO-2026-00094,Repair Started,2026-04-29 11:27:00,2026-04-29 11:45:00,T-102,North Depot,S-Bay-1,EQ-1233,Conveyor,1338.22,High
EVT-0000823,WO-2026-00094,Repair Completed,2026-04-29 20:27:00,2026-04-29 20:32:00,T-102,North Depot,S-Bay-1,EQ-1233,Conveyor,2076.72,Medium
EVT-0000824,WO-2026-00094,Tested,2026-04-30 00:05:00,2026-04-30 01:49:00,T-102,North Depot,S-Bay-1,EQ-1233,Conveyor,2086.68,Medium
EVT-0000825,WO-2026-00094,Returned to Service,2026-04-30 03:17:00,2026-04-30 04:42:00,T-102,North Depot,S-Bay-1,EQ-1233,Conveyor,1838.99,Medium
EVT-0000826,WO-2026-00095,Fault Reported,2026-04-30 19:32:00,2026-04-30 21:42:00,T-201,Central Depot,N-Bay-1,EQ-1249,Conveyor,1720.18,Medium
EVT-0000827,WO-2026-00095,Triaged,2026-04-30 22:49:00,2026-05-01 01:33:00,T-201,Central Depot,N-Bay-1,EQ-1249,Conveyor,2328.10,High
EVT-0000828,WO-2026-00095,Repair Started,2026-05-01 01:49:00,2026-05-01 04:25:00,T-201,Central Depot,N-Bay-1,EQ-1249,Conveyor,,Medium
EVT-0000829,WO-2026-00095,Repair Completed,2026-05-01 04:49:00,2026-05-01 05:08:00,T-201,Central Depot,N-Bay-1,EQ-1249,Conveyor,255.00,High
EVT-0000830,WO-2026-00095,Tested,2026-05-01 05:52:00,2026-05-01 07:29:00,T-201,Central Depot,N-Bay-1,EQ-1249,Conveyor,621.66,High
EVT-0000831,WO-2026-00095,Returned to Service,2026-05-01 09:37:00,2026-05-01 09:43:00,T-302,Central Depot,N-Bay-1,EQ-1249,Conveyor,1882.47,Medium
,WO-2026-00096,Fault Reported,2026-01-14 12:03:00,2026-01-14 14:07:00,T-301,South Depot,C-Bay-2,EQ-1389,Generator,146.30,High
,WO-2026-00096,Triaged,2026-01-14 12:10:00,2026-01-14 12:44:00,T-301,South Depot,C-Bay-2,EQ-1389,Generator,,
,WO-2026-00096,Parts Ordered,2026-01-17 06:10:00,2026-01-17 08:50:00,T-301,South Depot,C-Bay-2,EQ-1389,Generator,850.75,High
,WO-2026-00096,Parts Received,2026-01-17 08:44:00,2026-01-17 10:32:00,T-301,South Depot,C-Bay-2,EQ-1389,Generator,523.79,
,WO-2026-00096,Repair Started,2026-01-17 13:44:00,2026-01-17 16:21:00,T-301,South Depot,C-Bay-2,EQ-1389,Generator,,High
,WO-2026-00096,Repair Completed,2026-01-17 18:44:00,2026-01-17 20:07:00,T-301,South Depot,C-Bay-2,EQ-1389,Generator,2417.92,Low
,WO-2026-00096,Tested,2026-01-17 19:28:00,2026-01-17 21:18:00,T-301,South Depot,C-Bay-2,EQ-1389,Generator,2177.83,Low
,WO-2026-00096,Repair Started,2026-01-18 06:28:00,2026-01-18 08:26:00,T-301,South Depot,C-Bay-2,EQ-1389,Generator,2507.64,High
,WO-2026-00096,Repair Completed,2026-01-18 14:28:00,2026-01-18 16:32:00,T-301,South Depot,C-Bay-2,EQ-1389,Generator,2465.66,Medium
,WO-2026-00096,Tested,2026-01-18 17:09:00,2026-01-18 18:08:00,T-301,South Depot,C-Bay-2,EQ-1389,Generator,,Medium
,WO-2026-00096,Returned to Service,2026-01-18 18:14:00,2026-01-18 21:14:00,T-301,South Depot,C-Bay-2,EQ-1389,Generator,,
EVT-0000843,WO-2026-00097,Fault Reported,2026-05-21 16:52:00,2026-05-21 18:48:00,T-302,Central Depot,C-Field,EQ-1267,Valve Assembly,1659.06,Low
EVT-0000844,WO-2026-00097,Triaged,2026-05-21 17:59:00,2026-05-21 19:04:00,T-302,Central Depot,C-Field,EQ-1267,Valve Assembly,850.22,High
EVT-0000845,WO-2026-00097,Parts Ordered,2026-05-24 08:59:00,2026-05-24 11:50:00,T-302,Central Depot,C-Field,EQ-1267,Valve Assembly,,Low
EVT-0000846,WO-2026-00097,Parts Received,2026-05-24 10:07:00,2026-05-24 12:49:00,T-302,Central Depot,C-Field,EQ-1267,Valve Assembly,2288.02,
EVT-0000847,WO-2026-00097,Repair Started,2026-05-24 13:07:00,2026-05-24 15:27:00,T-302,Central Depot,C-Field,EQ-1267,Valve Assembly,1681.96,High
EVT-0000848,WO-2026-00097,Repair Completed,2026-05-24 23:07:00,2026-05-25 01:40:00,T-302,Central Depot,C-Field,EQ-1267,Valve Assembly,1349.77,Low
EVT-0000849,WO-2026-00097,Tested,2026-05-25 02:43:00,2026-05-25 04:34:00,T-302,Central Depot,C-Field,EQ-1267,Valve Assembly,926.04,Low
EVT-0000850,WO-2026-00097,Returned to Service,2026-05-25 02:57:00,2026-05-25 03:35:00,T-302,Central Depot,C-Field,EQ-1267,Valve Assembly,271.09,Medium
EVT-0000851,WO-2026-00098,Fault Reported,2026-03-30 07:56:00,2026-03-30 09:38:00,T-102,North Depot,N-Bay-1,EQ-1458,Compressor,2549.66,Medium
EVT-0000852,WO-2026-00098,Triaged,2026-03-30 08:56:00,2026-03-30 10:32:00,T-102,North Depot,N-Bay-1,EQ-1458,Compressor,2257.99,Medium
EVT-0000853,WO-2026-00098,Parts Ordered,2026-04-01 06:56:00,2026-04-01 07:49:00,T-102,North Depot,N-Bay-1,EQ-1458,Compressor,406.74,High
,WO-2026-00098,Parts Received,2026-04-01 08:53:00,2026-04-01 10:58:00,T-202,South Depot,N-Bay-1,EQ-1458,Compressor,1263.64,
,WO-2026-00098,Repair Started,2026-04-01 16:53:00,2026-04-01 19:18:00,T-202,South Depot,N-Bay-1,EQ-1458,Compressor,2333.12,Low
,WO-2026-00098,Repair Completed,2026-04-02 00:53:00,2026-04-02 01:32:00,T-301,South Depot,N-Bay-1,EQ-1458,Compressor,1223.91,Low
,WO-2026-00098,Tested,2026-04-02 01:44:00,2026-04-02 01:50:00,T-301,South Depot,N-Bay-1,EQ-1458,Compressor,371.97,High
,WO-2026-00098,Repair Started,2026-04-02 11:44:00,2026-04-02 12:30:00,T-301,South Depot,N-Bay-1,EQ-1458,Compressor,,
,WO-2026-00098,Repair Completed,2026-04-02 14:44:00,2026-04-02 15:01:00,T-301,South Depot,N-Bay-1,EQ-1458,Compressor,2404.42,High
,WO-2026-00098,Tested,2026-04-02 17:59:00,2026-04-02 18:25:00,T-301,South Depot,N-Bay-1,EQ-1458,Compressor,1892.51,
,WO-2026-00098,Returned to Service,2026-04-02 18:52:00,2026-04-02 21:33:00,T-301,South Depot,N-Bay-1,EQ-1458,Compressor,97.35,High
EVT-0000862,WO-2026-00099,Fault Reported,2026-04-13 07:46:00,2026-04-13 08:22:00,T-302,Central Depot,N-Bay-2,EQ-1397,Valve Assembly,1326.04,
EVT-0000863,WO-2026-00099,Triaged,2026-04-13 11:08:00,2026-04-13 13:52:00,T-302,Central Depot,N-Bay-2,EQ-1397,Valve Assembly,161.38,Medium
EVT-0000864,WO-2026-00099,Parts Ordered,2026-04-14 12:08:00,2026-04-14 13:04:00,T-302,Central Depot,N-Bay-2,EQ-1397,Valve Assembly,2357.32,Medium
EVT-0000865,WO-2026-00099,Parts Received,2026-04-14 14:20:00,2026-04-14 15:49:00,T-302,Central Depot,N-Bay-2,EQ-1397,Valve Assembly,797.36,Medium
EVT-0000866,WO-2026-00099,Repair Started,2026-04-14 20:20:00,2026-04-14 21:20:00,T-302,Central Depot,N-Bay-2,EQ-1397,Valve Assembly,2365.49,Medium
,WO-2026-00099,Repair Completed,2026-04-15 00:20:00,2026-04-15 02:28:00,T-301,South Depot,N-Bay-2,EQ-1397,Valve Assembly,,
,WO-2026-00099,Tested,2026-04-15 03:54:00,2026-04-15 06:16:00,T-301,South Depot,N-Bay-2,EQ-1397,Valve Assembly,2391.06,High
,WO-2026-00099,Returned to Service,2026-04-15 06:34:00,2026-04-15 07:14:00,T-301,South Depot,N-Bay-2,EQ-1397,Valve Assembly,1998.31,Low
,WO-2026-00100,Fault Reported,2026-01-19 23:51:00,2026-01-20 01:47:00,T-301,South Depot,C-Workshop,EQ-1956,Pump,2342.23,
,WO-2026-00100,Triaged,2026-01-20 00:56:00,2026-01-20 03:38:00,T-301,South Depot,C-Workshop,EQ-1956,Pump,1089.68,Low
,WO-2026-00100,Parts Ordered,2026-01-23 15:56:00,2026-01-23 18:24:00,T-301,South Depot,C-Workshop,EQ-1956,Pump,2371.04,
,WO-2026-00100,Parts Received,2026-01-23 19:46:00,2026-01-23 20:53:00,T-301,South Depot,C-Workshop,EQ-1956,Pump,,Low
,WO-2026-00100,Parts Ordered,2026-01-25 02:46:00,2026-01-25 04:38:00,T-301,South Depot,C-Workshop,EQ-1956,Pump,721.38,Medium
,WO-2026-00100,Parts Received,2026-01-25 05:06:00,2026-01-25 05:41:00,T-301,South Depot,C-Workshop,EQ-1956,Pump,709.94,
,WO-2026-00100,Repair Started,2026-01-25 06:06:00,2026-01-25 08:36:00,T-301,South Depot,C-Workshop,EQ-1956,Pump,2198.86,High
,WO-2026-00100,Repair Completed,2026-01-25 14:06:00,2026-01-25 16:22:00,T-301,South Depot,C-Workshop,EQ-1956,Pump,,Low
,WO-2026-00100,Tested,2026-01-25 15:24:00,2026-01-25 16:26:00,T-301,South Depot,C-Workshop,EQ-1956,Pump,,Medium
,WO-2026-00100,Returned to Service,2026-01-25 17:04:00,2026-01-25 19:00:00,T-301,South Depot,C-Workshop,EQ-1956,Pump,1315.16,High
EVT-0000880,WO-2026-00101,Fault Reported,2026-04-05 07:06:00,2026-04-05 09:39:00,T-302,Central Depot,C-Field,EQ-1787,Valve Assembly,98.79,Medium
EVT-0000881,WO-2026-00101,Triaged,2026-04-05 09:28:00,2026-04-05 10:19:00,T-302,Central Depot,C-Field,EQ-1787,Valve Assembly,1404.19,High
EVT-0000882,WO-2026-00101,Parts Ordered,2026-04-06 03:28:00,2026-04-06 04:28:00,T-302,Central Depot,C-Field,EQ-1787,Valve Assembly,296.44,High
EVT-0000883,WO-2026-00101,Parts Received,2026-04-06 04:03:00,2026-04-06 05:16:00,T-302,Central Depot,C-Field,EQ-1787,Valve Assembly,1293.64,
EVT-0000884,WO-2026-00101,Parts Ordered,2026-04-07 11:03:00,2026-04-07 11:11:00,T-302,Central Depot,C-Field,EQ-1787,Valve Assembly,2013.25,High
EVT-0000885,WO-2026-00101,Parts Received,2026-04-07 14:03:00,2026-04-07 15:32:00,T-302,Central Depot,C-Field,EQ-1787,Valve Assembly,211.15,High
EVT-0000886,WO-2026-00101,Repair Started,2026-04-07 21:03:00,2026-04-07 21:47:00,T-302,Central Depot,C-Field,EQ-1787,Valve Assembly,832.18,Low
EVT-0000887,WO-2026-00101,Repair Completed,2026-04-08 08:03:00,2026-04-08 09:35:00,T-302,Central Depot,C-Field,EQ-1787,Valve Assembly,962.83,High
EVT-0000888,WO-2026-00101,Tested,2026-04-08 08:26:00,2026-04-08 09:14:00,T-302,Central Depot,C-Field,EQ-1787,Valve Assembly,,High
EVT-0000889,WO-2026-00101,Returned to Service,2026-04-08 10:18:00,2026-04-08 11:12:00,T-302,Central Depot,C-Field,EQ-1787,Valve Assembly,2215.43,Medium
EVT-0000890,WO-2026-00102,Fault Reported,2026-03-14 17:29:00,2026-03-14 17:55:00,T-202,Central Depot,N-Field,EQ-1562,Pump,,
EVT-0000891,WO-2026-00102,Triaged,2026-03-14 18:26:00,2026-03-14 19:40:00,T-202,Central Depot,N-Field,EQ-1562,Pump,1676.37,Low
EVT-0000892,WO-2026-00102,Parts Ordered,2026-03-14 18:26:00,2026-03-14 20:32:00,T-202,Central Depot,N-Field,EQ-1562,Pump,2553.57,
EVT-0000893,WO-2026-00102,Parts Received,2026-03-14 21:37:00,2026-03-14 21:49:00,T-202,Central Depot,N-Field,EQ-1562,Pump,867.05,Low
EVT-0000894,WO-2026-00102,Parts Ordered,2026-03-18 14:37:00,2026-03-18 17:19:00,T-101,North Depot,N-Field,EQ-1562,Pump,2226.69,Medium
EVT-0000895,WO-2026-00102,Parts Received,2026-03-18 18:09:00,2026-03-18 19:29:00,T-101,North Depot,N-Field,EQ-1562,Pump,2212.27,Medium
EVT-0000896,WO-2026-00102,Repair Started,2026-03-19 02:09:00,2026-03-19 03:59:00,T-101,North Depot,N-Field,EQ-1562,Pump,401.69,Medium
EVT-0000897,WO-2026-00102,Repair Completed,2026-03-19 05:09:00,2026-03-19 07:29:00,T-101,North Depot,N-Field,EQ-1562,Pump,239.10,Low
,WO-2026-00102,Tested,2026-03-19 05:59:00,2026-03-19 06:24:00,T-302,South Depot,N-Field,EQ-1562,Pump,1779.33,High
,WO-2026-00102,Returned to Service,2026-03-19 09:24:00,2026-03-19 11:01:00,T-302,South Depot,N-Field,EQ-1562,Pump,,
EVT-0000900,WO-2026-00103,Fault Reported,2026-05-06 00:40:00,2026-05-06 01:11:00,T-101,North Depot,C-Bay-2,EQ-1688,Valve Assembly,,
EVT-0000901,WO-2026-00103,Triaged,2026-05-06 02:31:00,2026-05-06 04:36:00,T-101,North Depot,C-Bay-2,EQ-1688,Valve Assembly,121.61,
EVT-0000902,WO-2026-00103,Parts Ordered,2026-05-09 02:31:00,2026-05-09 04:25:00,T-101,North Depot,C-Bay-2,EQ-1688,Valve Assembly,1400.98,
EVT-0000903,WO-2026-00103,Parts Received,2026-05-09 05:14:00,2026-05-09 06:28:00,T-101,North Depot,C-Bay-2,EQ-1688,Valve Assembly,989.15,Medium
EVT-0000904,WO-2026-00103,Repair Started,2026-05-09 06:14:00,2026-05-09 08:18:00,T-101,North Depot,C-Bay-2,EQ-1688,Valve Assembly,2342.88,
,WO-2026-00103,Repair Completed,2026-05-09 14:14:00,2026-05-09 15:20:00,T-202,South Depot,C-Bay-2,EQ-1688,Valve Assembly,1282.70,
,WO-2026-00103,Tested,2026-05-09 17:38:00,2026-05-09 19:43:00,T-202,South Depot,C-Bay-2,EQ-1688,Valve Assembly,1959.44,High
EVT-0000907,WO-2026-00103,Repair Started,2026-05-10 05:38:00,2026-05-10 06:19:00,T-302,Central Depot,C-Bay-2,EQ-1688,Valve Assembly,1067.24,Medium
EVT-0000908,WO-2026-00103,Repair Completed,2026-05-10 16:38:00,2026-05-10 18:17:00,T-302,Central Depot,C-Bay-2,EQ-1688,Valve Assembly,1402.84,
EVT-0000909,WO-2026-00103,Tested,2026-05-10 17:52:00,2026-05-10 19:47:00,T-302,Central Depot,C-Bay-2,EQ-1688,Valve Assembly,835.11,
,WO-2026-00103,Returned to Service,2026-05-10 21:45:00,2026-05-10 23:56:00,T-202,South Depot,C-Bay-2,EQ-1688,Valve Assembly,957.75,Low
,WO-2026-00104,Fault Reported,2026-02-13 02:35:00,2026-02-13 03:02:00,T-301,South Depot,S-Bay-1,EQ-1346,Generator,973.00,High
,WO-2026-00104,Triaged,2026-02-13 03:09:00,2026-02-13 05:14:00,T-301,South Depot,S-Bay-1,EQ-1346,Generator,2469.98,High
,WO-2026-00104,Parts Ordered,2026-02-14 01:09:00,2026-02-14 03:48:00,T-301,South Depot,S-Bay-1,EQ-1346,Generator,719.64,Low
,WO-2026-00104,Parts Received,2026-02-14 03:05:00,2026-02-14 04:08:00,T-301,South Depot,S-Bay-1,EQ-1346,Generator,1456.90,High
,WO-2026-00104,Repair Started,2026-02-14 10:05:00,2026-02-14 10:33:00,T-301,South Depot,S-Bay-1,EQ-1346,Generator,2555.51,Medium
,WO-2026-00104,Repair Completed,2026-02-14 11:05:00,2026-02-14 12:25:00,T-301,South Depot,S-Bay-1,EQ-1346,Generator,1598.73,
,WO-2026-00104,Tested,2026-02-14 13:41:00,2026-02-14 15:58:00,T-301,South Depot,S-Bay-1,EQ-1346,Generator,1191.93,High
,WO-2026-00104,Returned to Service,2026-02-14 14:24:00,2026-02-14 16:15:00,T-301,South Depot,S-Bay-1,EQ-1346,Generator,1362.04,Low
,WO-2026-00105,Fault Reported,2026-02-16 15:17:00,2026-02-16 16:32:00,T-302,South Depot,N-Bay-2,EQ-1686,Generator,,
,WO-2026-00105,Triaged,2026-02-16 18:44:00,2026-02-16 21:33:00,T-302,South Depot,N-Bay-2,EQ-1686,Generator,1097.99,Low
,WO-2026-00105,Parts Ordered,2026-02-18 11:44:00,2026-02-18 12:30:00,T-302,South Depot,N-Bay-2,EQ-1686,Generator,1898.72,Low
,WO-2026-00105,Parts Received,2026-02-18 14:58:00,2026-02-18 16:34:00,T-302,South Depot,N-Bay-2,EQ-1686,Generator,1902.14,Low
,WO-2026-00105,Repair Started,2026-02-18 23:58:00,2026-02-19 02:13:00,T-302,South Depot,N-Bay-2,EQ-1686,Generator,1651.49,Low
EVT-0000924,WO-2026-00105,Repair Completed,2026-02-19 02:58:00,2026-02-19 04:59:00,T-102,North Depot,N-Bay-2,EQ-1686,Generator,1362.60,Low
EVT-0000925,WO-2026-00105,Tested,2026-02-19 06:17:00,2026-02-19 07:59:00,T-102,North Depot,N-Bay-2,EQ-1686,Generator,2244.23,High
EVT-0000926,WO-2026-00105,Returned to Service,2026-02-19 06:43:00,2026-02-19 09:17:00,T-102,North Depot,N-Bay-2,EQ-1686,Generator,958.02,Low
EVT-0000927,WO-2026-00106,Fault Reported,2026-01-26 18:52:00,2026-01-26 21:49:00,T-202,Central Depot,N-Bay-2,EQ-1673,Conveyor,147.48,Low
EVT-0000928,WO-2026-00106,Triaged,2026-01-26 22:52:00,2026-01-26 23:10:00,T-202,Central Depot,N-Bay-2,EQ-1673,Conveyor,1334.54,Medium
EVT-0000929,WO-2026-00106,Parts Ordered,2026-01-30 04:52:00,2026-01-30 05:23:00,T-202,Central Depot,N-Bay-2,EQ-1673,Conveyor,1530.72,Medium
EVT-0000930,WO-2026-00106,Parts Received,2026-01-30 05:37:00,2026-01-30 07:02:00,T-202,Central Depot,N-Bay-2,EQ-1673,Conveyor,1549.32,Low
EVT-0000931,WO-2026-00106,Repair Started,2026-01-30 10:37:00,2026-01-30 11:59:00,T-202,Central Depot,N-Bay-2,EQ-1673,Conveyor,1558.35,Medium
EVT-0000932,WO-2026-00106,Repair Completed,2026-01-30 16:37:00,2026-01-30 17:00:00,T-202,Central Depot,N-Bay-2,EQ-1673,Conveyor,2211.68,High
EVT-0000933,WO-2026-00106,Tested,2026-01-30 20:27:00,2026-01-30 20:44:00,T-202,Central Depot,N-Bay-2,EQ-1673,Conveyor,2040.07,Low
EVT-0000934,WO-2026-00106,Returned to Service,2026-01-30 23:49:00,2026-01-31 01:25:00,T-202,Central Depot,N-Bay-2,EQ-1673,Conveyor,178.27,
EVT-0000935,WO-2026-00107,Fault Reported,2026-01-21 05:48:00,2026-01-21 06:04:00,T-102,North Depot,N-Field,EQ-1546,Generator,1447.80,Low
EVT-0000936,WO-2026-00107,Triaged,2026-01-21 08:48:00,2026-01-21 10:04:00,T-102,North Depot,N-Field,EQ-1546,Generator,1790.94,
EVT-0000937,WO-2026-00107,Parts Ordered,2026-01-23 06:48:00,2026-01-23 08:03:00,T-101,North Depot,N-Field,EQ-1546,Generator,,Medium
EVT-0000938,WO-2026-00107,Parts Received,2026-01-23 09:40:00,2026-01-23 10:33:00,T-101,North Depot,N-Field,EQ-1546,Generator,2207.73,Medium
EVT-0000939,WO-2026-00107,Repair Started,2026-01-23 12:40:00,2026-01-23 12:56:00,T-102,North Depot,N-Field,EQ-1546,Generator,2105.86,High
EVT-0000940,WO-2026-00107,Repair Completed,2026-01-23 14:40:00,2026-01-23 15:07:00,T-102,North Depot,N-Field,EQ-1546,Generator,309.91,Low
EVT-0000941,WO-2026-00107,Tested,2026-01-23 16:39:00,2026-01-23 18:59:00,T-102,North Depot,N-Field,EQ-1546,Generator,2597.01,High
EVT-0000942,WO-2026-00107,Returned to Service,2026-01-23 17:50:00,2026-01-23 20:11:00,T-102,North Depot,N-Field,EQ-1546,Generator,2355.17,Low
EVT-0000943,WO-2026-00108,Fault Reported,2026-01-08 11:17:00,2026-01-08 13:12:00,T-202,Central Depot,C-Workshop,EQ-1285,Generator,1089.02,
EVT-0000944,WO-2026-00108,Triaged,2026-01-08 12:05:00,2026-01-08 14:28:00,T-202,Central Depot,C-Workshop,EQ-1285,Generator,83.99,Medium
EVT-0000945,WO-2026-00108,Parts Ordered,2026-01-10 10:05:00,2026-01-10 11:27:00,T-202,Central Depot,C-Workshop,EQ-1285,Generator,576.34,Medium
EVT-0000946,WO-2026-00108,Parts Received,2026-01-10 13:58:00,2026-01-10 16:57:00,T-202,Central Depot,C-Workshop,EQ-1285,Generator,425.62,
EVT-0000947,WO-2026-00108,Repair Started,2026-01-10 19:58:00,2026-01-10 21:41:00,T-202,Central Depot,C-Workshop,EQ-1285,Generator,1794.82,
,WO-2026-00108,Repair Completed,2026-01-10 23:58:00,2026-01-11 02:23:00,T-301,South Depot,C-Workshop,EQ-1285,Generator,1991.77,Medium
,WO-2026-00108,Tested,2026-01-11 01:39:00,2026-01-11 03:24:00,T-301,South Depot,C-Workshop,EQ-1285,Generator,,Medium
,WO-2026-00108,Repair Started,2026-01-11 09:39:00,2026-01-11 11:14:00,T-301,South Depot,C-Workshop,EQ-1285,Generator,904.69,Medium
,WO-2026-00108,Repair Completed,2026-01-11 10:39:00,2026-01-11 11:45:00,T-301,South Depot,C-Workshop,EQ-1285,Generator,102.00,Medium
,WO-2026-00108,Tested,2026-01-11 14:10:00,2026-01-11 17:08:00,T-301,South Depot,C-Workshop,EQ-1285,Generator,988.08,High
,WO-2026-00108,Returned to Service,2026-01-11 15:30:00,2026-01-11 17:32:00,T-301,South Depot,C-Workshop,EQ-1285,Generator,1429.05,
,WO-2026-00109,Fault Reported,2026-03-29 15:44:00,2026-03-29 16:00:00,T-202,South Depot,C-Field,EQ-1674,Pump,2308.04,Low
,WO-2026-00109,Triaged,2026-03-29 18:48:00,2026-03-29 21:20:00,T-202,South Depot,C-Field,EQ-1674,Pump,1204.00,Low
,WO-2026-00109,Parts Ordered,2026-04-01 04:48:00,2026-04-01 07:27:00,T-202,South Depot,C-Field,EQ-1674,Pump,2004.88,Low
,WO-2026-00109,Parts Received,2026-04-01 05:35:00,2026-04-01 07:48:00,T-301,South Depot,C-Field,EQ-1674,Pump,1415.21,Low
,WO-2026-00109,Repair Started,2026-04-01 13:35:00,2026-04-01 16:13:00,T-301,South Depot,C-Field,EQ-1674,Pump,1851.94,High
,WO-2026-00109,Repair Completed,2026-04-01 20:35:00,2026-04-01 22:46:00,T-301,South Depot,C-Field,EQ-1674,Pump,1432.91,High
,WO-2026-00109,Tested,2026-04-01 23:19:00,2026-04-02 01:16:00,T-301,South Depot,C-Field,EQ-1674,Pump,,Low
,WO-2026-00109,Returned to Service,2026-04-01 23:52:00,2026-04-02 02:30:00,T-301,South Depot,C-Field,EQ-1674,Pump,,Low
,WO-2026-00110,Fault Reported,2026-05-26 20:23:00,2026-05-26 21:05:00,T-202,South Depot,S-Bay-1,EQ-1031,Valve Assembly,,Low
,WO-2026-00110,Triaged,2026-05-26 21:56:00,2026-05-27 00:21:00,T-202,South Depot,S-Bay-1,EQ-1031,Valve Assembly,398.17,High
,WO-2026-00110,Parts Ordered,2026-05-29 08:56:00,2026-05-29 11:45:00,T-202,South Depot,S-Bay-1,EQ-1031,Valve Assembly,2546.92,High
,WO-2026-00110,Parts Received,2026-05-29 10:58:00,2026-05-29 12:15:00,T-202,South Depot,S-Bay-1,EQ-1031,Valve Assembly,232.16,Medium
,WO-2026-00111,Fault Reported,2026-04-02 20:34:00,2026-04-02 22:30:00,T-301,South Depot,C-Field,EQ-1534,Compressor,1786.71,Medium
,WO-2026-00111,Triaged,2026-04-02 22:01:00,2026-04-03 00:06:00,T-301,South Depot,C-Field,EQ-1534,Compressor,1520.05,Medium
,WO-2026-00111,Parts Ordered,2026-04-04 02:01:00,2026-04-04 03:05:00,T-301,South Depot,C-Field,EQ-1534,Compressor,331.94,Medium
,WO-2026-00111,Parts Received,2026-04-04 02:22:00,2026-04-04 03:18:00,T-301,South Depot,C-Field,EQ-1534,Compressor,,Low
,WO-2026-00111,Repair Started,2026-04-04 11:22:00,2026-04-04 11:36:00,T-301,South Depot,C-Field,EQ-1534,Compressor,470.95,Low
,WO-2026-00111,Repair Completed,2026-04-04 23:22:00,2026-04-05 00:38:00,T-301,South Depot,C-Field,EQ-1534,Compressor,2575.52,Medium
EVT-0000972,WO-2026-00111,Tested,2026-04-05 00:39:00,2026-04-05 01:21:00,T-302,Central Depot,C-Field,EQ-1534,Compressor,,
EVT-0000973,WO-2026-00111,Returned to Service,2026-04-05 04:06:00,2026-04-05 06:59:00,T-302,Central Depot,C-Field,EQ-1534,Compressor,,
EVT-0000974,WO-2026-00112,Fault Reported,2026-02-10 10:35:00,2026-02-10 13:15:00,T-201,Central Depot,S-Field,EQ-1596,Valve Assembly,520.29,Low
EVT-0000975,WO-2026-00112,Triaged,2026-02-10 13:17:00,2026-02-10 14:13:00,T-202,Central Depot,S-Field,EQ-1596,Valve Assembly,425.57,Medium
EVT-0000976,WO-2026-00112,Parts Ordered,2026-02-13 19:17:00,2026-02-13 21:04:00,T-202,Central Depot,S-Field,EQ-1596,Valve Assembly,1487.20,
EVT-0000977,WO-2026-00112,Parts Received,2026-02-13 23:14:00,2026-02-14 00:25:00,T-202,Central Depot,S-Field,EQ-1596,Valve Assembly,1759.24,Medium
EVT-0000978,WO-2026-00112,Repair Started,2026-02-14 06:14:00,2026-02-14 07:11:00,T-202,Central Depot,S-Field,EQ-1596,Valve Assembly,,High
EVT-0000979,WO-2026-00112,Repair Completed,2026-02-14 15:14:00,2026-02-14 16:37:00,T-202,Central Depot,S-Field,EQ-1596,Valve Assembly,670.08,Medium
EVT-0000980,WO-2026-00112,Tested,2026-02-14 16:50:00,2026-02-14 19:19:00,T-202,Central Depot,S-Field,EQ-1596,Valve Assembly,1454.60,
EVT-0000981,WO-2026-00112,Returned to Service,2026-02-14 18:32:00,2026-02-14 20:18:00,T-202,Central Depot,S-Field,EQ-1596,Valve Assembly,,High
EVT-0000982,WO-2026-00113,Fault Reported,2026-03-20 01:27:00,2026-03-20 02:35:00,T-101,North Depot,C-Workshop,EQ-1481,Conveyor,2155.71,
EVT-0000983,WO-2026-00113,Triaged,2026-03-20 03:19:00,2026-03-20 04:48:00,T-101,North Depot,C-Workshop,EQ-1481,Conveyor,698.58,
EVT-0000984,WO-2026-00113,Parts Ordered,2026-03-23 07:19:00,2026-03-23 09:42:00,T-101,North Depot,C-Workshop,EQ-1481,Conveyor,266.45,
EVT-0000985,WO-2026-00113,Parts Received,2026-03-23 07:27:00,2026-03-23 08:24:00,T-101,North Depot,C-Workshop,EQ-1481,Conveyor,1573.68,Medium
,WO-2026-00113,Repair Started,2026-03-23 18:27:00,2026-03-23 20:39:00,T-301,South Depot,C-Workshop,EQ-1481,Conveyor,1263.45,High
,WO-2026-00113,Repair Completed,2026-03-23 21:27:00,2026-03-23 22:46:00,T-301,South Depot,C-Workshop,EQ-1481,Conveyor,91.36,Low
,WO-2026-00113,Tested,2026-03-23 21:50:00,2026-03-23 23:36:00,T-301,South Depot,C-Workshop,EQ-1481,Conveyor,2115.21,Low
,WO-2026-00113,Returned to Service,2026-03-24 00:01:00,2026-03-24 01:06:00,T-301,South Depot,C-Workshop,EQ-1481,Conveyor,861.57,Medium
,WO-2026-00114,Fault Reported,2026-05-12 02:56:00,2026-05-12 05:34:00,T-301,South Depot,C-Bay-1,EQ-1168,Compressor,527.79,Medium
,WO-2026-00114,Triaged,2026-05-12 03:19:00,2026-05-12 04:15:00,T-301,South Depot,C-Bay-1,EQ-1168,Compressor,1391.04,High
EVT-0000992,WO-2026-00114,Parts Ordered,2026-05-15 21:19:00,2026-05-16 00:04:00,T-302,Central Depot,C-Bay-1,EQ-1168,Compressor,447.24,Medium
EVT-0000993,WO-2026-00114,Parts Received,2026-05-15 22:59:00,2026-05-16 01:58:00,T-302,Central Depot,C-Bay-1,EQ-1168,Compressor,,Low
EVT-0000994,WO-2026-00114,Repair Started,2026-05-16 06:59:00,2026-05-16 09:35:00,T-302,Central Depot,C-Bay-1,EQ-1168,Compressor,608.89,Low
,WO-2026-00114,Repair Completed,2026-05-16 10:59:00,2026-05-16 13:11:00,T-301,South Depot,C-Bay-1,EQ-1168,Compressor,2366.42,
,WO-2026-00114,Tested,2026-05-16 14:46:00,2026-05-16 17:17:00,T-301,South Depot,C-Bay-1,EQ-1168,Compressor,,Low
,WO-2026-00114,Returned to Service,2026-05-16 15:53:00,2026-05-16 17:43:00,T-301,South Depot,C-Bay-1,EQ-1168,Compressor,,
,WO-2026-00115,Fault Reported,2026-03-24 05:56:00,2026-03-24 06:04:00,T-301,South Depot,N-Field,EQ-1768,Generator,2377.70,Medium
,WO-2026-00115,Triaged,2026-03-24 09:16:00,2026-03-24 10:35:00,T-301,South Depot,N-Field,EQ-1768,Generator,76.15,Low
,WO-2026-00115,Triaged,2026-03-24 11:40:00,2026-03-24 12:48:00,T-301,South Depot,N-Field,EQ-1768,Generator,1749.73,Medium
,WO-2026-00115,Parts Ordered,2026-03-26 01:40:00,2026-03-26 04:24:00,T-301,South Depot,N-Field,EQ-1768,Generator,1434.59,Low
EVT-0001002,WO-2026-00115,Parts Received,2026-03-26 04:50:00,2026-03-26 07:40:00,T-201,Central Depot,N-Field,EQ-1768,Generator,1404.16,
EVT-0001003,WO-2026-00115,Repair Started,2026-03-26 13:50:00,2026-03-26 16:47:00,T-201,Central Depot,N-Field,EQ-1768,Generator,,Low
EVT-0001004,WO-2026-00115,Repair Completed,2026-03-26 15:50:00,2026-03-26 16:29:00,T-201,Central Depot,N-Field,EQ-1768,Generator,2591.56,High
EVT-0001005,WO-2026-00115,Tested,2026-03-26 15:58:00,2026-03-26 16:04:00,T-201,Central Depot,N-Field,EQ-1768,Generator,167.28,High
EVT-0001006,WO-2026-00115,Returned to Service,2026-03-26 19:46:00,2026-03-26 22:26:00,T-201,Central Depot,N-Field,EQ-1768,Generator,1508.40,Low
,WO-2026-00116,Fault Reported,2026-03-27 00:56:00,2026-03-27 03:53:00,T-302,South Depot,N-Field,EQ-1836,Generator,233.39,High
,WO-2026-00116,Triaged,2026-03-27 02:10:00,2026-03-27 03:05:00,T-302,South Depot,N-Field,EQ-1836,Generator,282.68,Low
,WO-2026-00116,Parts Ordered,2026-03-29 07:10:00,2026-03-29 07:48:00,T-302,South Depot,N-Field,EQ-1836,Generator,2026.38,High
,WO-2026-00116,Parts Received,2026-03-29 07:57:00,2026-03-29 10:49:00,T-302,South Depot,N-Field,EQ-1836,Generator,228.64,High
EVT-0001011,WO-2026-00116,Parts Ordered,2026-03-30 04:57:00,2026-03-30 07:21:00,T-201,Central Depot,N-Field,EQ-1836,Generator,1531.21,
EVT-0001012,WO-2026-00116,Parts Received,2026-03-30 05:45:00,2026-03-30 08:35:00,T-201,Central Depot,N-Field,EQ-1836,Generator,1188.58,High
EVT-0001013,WO-2026-00116,Repair Started,2026-03-30 13:45:00,2026-03-30 16:09:00,T-201,Central Depot,N-Field,EQ-1836,Generator,236.67,Medium
EVT-0001014,WO-2026-00116,Repair Completed,2026-03-30 19:45:00,2026-03-30 19:59:00,T-201,Central Depot,N-Field,EQ-1836,Generator,722.33,
,WO-2026-00116,Tested,2026-03-30 23:02:00,2026-03-31 00:49:00,T-302,South Depot,N-Field,EQ-1836,Generator,1870.37,Medium
,WO-2026-00116,Returned to Service,2026-03-31 02:18:00,2026-03-31 03:32:00,T-302,South Depot,N-Field,EQ-1836,Generator,1839.78,Low
EVT-0001017,WO-2026-00117,Fault Reported,2026-04-17 16:45:00,2026-04-17 17:41:00,T-302,Central Depot,S-Field,EQ-1083,Pump,87.56,
,WO-2026-00117,Triaged,2026-04-17 18:10:00,2026-04-17 20:13:00,T-301,South Depot,S-Field,EQ-1083,Pump,1189.38,Low
,WO-2026-00117,Escalated to Specialist,2026-04-17 20:19:00,2026-04-17 23:17:00,T-301,South Depot,S-Field,EQ-1083,Pump,73.28,Low
,WO-2026-00117,Parts Ordered,2026-04-20 17:19:00,2026-04-20 18:45:00,T-301,South Depot,S-Field,EQ-1083,Pump,1045.29,High
,WO-2026-00117,Parts Received,2026-04-20 18:22:00,2026-04-20 21:20:00,T-301,South Depot,S-Field,EQ-1083,Pump,56.08,High
,WO-2026-00117,Repair Started,2026-04-21 01:22:00,2026-04-21 02:20:00,T-301,South Depot,S-Field,EQ-1083,Pump,1920.23,Low
,WO-2026-00117,Repair Completed,2026-04-21 04:22:00,2026-04-21 05:38:00,T-202,South Depot,S-Field,EQ-1083,Pump,2537.17,
,WO-2026-00117,Tested,2026-04-21 05:13:00,2026-04-21 08:12:00,T-202,South Depot,S-Field,EQ-1083,Pump,2253.96,Low
,WO-2026-00117,Returned to Service,2026-04-21 06:34:00,2026-04-21 06:52:00,T-202,South Depot,S-Field,EQ-1083,Pump,,Low
,WO-2026-00118,Fault Reported,2026-01-23 20:37:00,2026-01-23 21:17:00,T-301,South Depot,N-Bay-1,EQ-1379,Pump,,Medium
,WO-2026-00118,Triaged,2026-01-23 21:58:00,2026-01-23 23:10:00,T-301,South Depot,N-Bay-1,EQ-1379,Pump,1033.34,Low
,WO-2026-00118,Parts Ordered,2026-01-25 18:58:00,2026-01-25 21:13:00,T-301,South Depot,N-Bay-1,EQ-1379,Pump,,Medium
,WO-2026-00118,Parts Received,2026-01-25 22:02:00,2026-01-25 23:24:00,T-301,South Depot,N-Bay-1,EQ-1379,Pump,708.70,Low
,WO-2026-00118,Repair Started,2026-01-26 09:02:00,2026-01-26 10:07:00,T-301,South Depot,N-Bay-1,EQ-1379,Pump,462.06,High
,WO-2026-00118,Repair Completed,2026-01-26 21:02:00,2026-01-26 22:57:00,T-301,South Depot,N-Bay-1,EQ-1379,Pump,549.25,
,WO-2026-00118,Tested,2026-01-26 21:54:00,2026-01-26 22:09:00,T-301,South Depot,N-Bay-1,EQ-1379,Pump,1902.25,High
EVT-0001033,WO-2026-00118,Returned to Service,2026-01-27 01:52:00,2026-01-27 02:26:00,T-202,Central Depot,N-Bay-1,EQ-1379,Pump,1439.77,Low
,WO-2026-00119,Fault Reported,2026-02-02 16:10:00,2026-02-02 17:31:00,T-301,South Depot,N-Bay-2,EQ-1740,Generator,1763.44,Low
,WO-2026-00119,Triaged,2026-02-02 19:47:00,2026-02-02 21:36:00,T-301,South Depot,N-Bay-2,EQ-1740,Generator,491.32,Low
,WO-2026-00119,Parts Ordered,2026-02-02 19:47:00,2026-02-02 22:43:00,T-301,South Depot,N-Bay-2,EQ-1740,Generator,1393.51,
,WO-2026-00119,Parts Received,2026-02-02 21:16:00,2026-02-02 22:38:00,T-301,South Depot,N-Bay-2,EQ-1740,Generator,2249.44,
,WO-2026-00119,Repair Started,2026-02-03 02:16:00,2026-02-03 03:15:00,T-301,South Depot,N-Bay-2,EQ-1740,Generator,205.67,
,WO-2026-00119,Repair Completed,2026-02-03 07:16:00,2026-02-03 09:19:00,T-301,South Depot,N-Bay-2,EQ-1740,Generator,1983.83,Low
,WO-2026-00119,Tested,2026-02-03 11:02:00,2026-02-03 12:39:00,T-301,South Depot,N-Bay-2,EQ-1740,Generator,620.73,Low
,WO-2026-00119,Returned to Service,2026-02-03 12:00:00,2026-02-03 12:31:00,T-301,South Depot,N-Bay-2,EQ-1740,Generator,,High
EVT-0001042,WO-2026-00120,Fault Reported,2026-03-05 03:01:00,2026-03-05 05:42:00,T-102,North Depot,S-Field,EQ-1643,Conveyor,1076.77,Low
EVT-0001043,WO-2026-00120,Triaged,2026-03-05 06:33:00,2026-03-05 08:12:00,T-102,North Depot,S-Field,EQ-1643,Conveyor,1234.42,Low
EVT-0001044,WO-2026-00120,Parts Ordered,2026-03-08 19:33:00,2026-03-08 20:01:00,T-102,North Depot,S-Field,EQ-1643,Conveyor,2335.53,High
EVT-0001045,WO-2026-00120,Parts Received,2026-03-08 21:07:00,2026-03-08 22:02:00,T-102,North Depot,S-Field,EQ-1643,Conveyor,1385.34,High
EVT-0001046,WO-2026-00120,Repair Started,2026-03-09 04:07:00,2026-03-09 06:20:00,T-102,North Depot,S-Field,EQ-1643,Conveyor,1543.23,Low
EVT-0001047,WO-2026-00120,Repair Completed,2026-03-09 13:07:00,2026-03-09 14:11:00,T-102,North Depot,S-Field,EQ-1643,Conveyor,2071.94,
EVT-0001048,WO-2026-00120,Tested,2026-03-09 14:55:00,2026-03-09 17:11:00,T-102,North Depot,S-Field,EQ-1643,Conveyor,199.49,Medium
EVT-0001049,WO-2026-00120,Repair Started,2026-03-09 19:55:00,2026-03-09 20:29:00,T-102,North Depot,S-Field,EQ-1643,Conveyor,936.38,Medium
EVT-0001050,WO-2026-00120,Repair Completed,2026-03-10 05:55:00,2026-03-10 06:02:00,T-102,North Depot,S-Field,EQ-1643,Conveyor,2460.63,Medium
EVT-0001051,WO-2026-00120,Tested,2026-03-10 06:14:00,2026-03-10 08:50:00,T-102,North Depot,S-Field,EQ-1643,Conveyor,1370.21,
EVT-0001052,WO-2026-00120,Returned to Service,2026-03-10 09:26:00,2026-03-10 10:58:00,T-102,North Depot,S-Field,EQ-1643,Conveyor,2511.58,Low
EVT-0001053,WO-2026-00121,Fault Reported,2026-01-15 09:28:00,2026-01-15 10:16:00,T-201,Central Depot,C-Bay-1,EQ-1069,Compressor,2203.21,Low
EVT-0001054,WO-2026-00121,Triaged,2026-01-15 10:50:00,2026-01-15 12:28:00,T-201,Central Depot,C-Bay-1,EQ-1069,Compressor,743.11,
EVT-0001055,WO-2026-00121,Parts Ordered,2026-01-17 06:50:00,2026-01-17 07:20:00,T-201,Central Depot,C-Bay-1,EQ-1069,Compressor,846.95,
EVT-0001056,WO-2026-00121,Parts Received,2026-01-17 10:08:00,2026-01-17 12:52:00,T-201,Central Depot,C-Bay-1,EQ-1069,Compressor,1862.58,High
EVT-0001057,WO-2026-00121,Repair Started,2026-01-17 21:08:00,2026-01-17 22:29:00,T-201,Central Depot,C-Bay-1,EQ-1069,Compressor,1598.45,Low
EVT-0001058,WO-2026-00121,Repair Completed,2026-01-18 00:08:00,2026-01-18 00:50:00,T-201,Central Depot,C-Bay-1,EQ-1069,Compressor,2072.43,Low
,WO-2026-00121,Tested,2026-01-18 02:04:00,2026-01-18 04:35:00,T-302,South Depot,C-Bay-1,EQ-1069,Compressor,1290.04,
,WO-2026-00121,Returned to Service,2026-01-18 02:34:00,2026-01-18 03:12:00,T-302,South Depot,C-Bay-1,EQ-1069,Compressor,,Low
EVT-0001061,WO-2026-00122,Fault Reported,2026-02-27 05:22:00,2026-02-27 08:17:00,T-101,North Depot,C-Field,EQ-1461,Generator,804.67,Medium
EVT-0001062,WO-2026-00122,Triaged,2026-02-27 08:43:00,2026-02-27 09:36:00,T-101,North Depot,C-Field,EQ-1461,Generator,898.37,Low
EVT-0001063,WO-2026-00122,Parts Ordered,2026-02-28 14:43:00,2026-02-28 17:41:00,T-101,North Depot,C-Field,EQ-1461,Generator,1318.41,High
EVT-0001064,WO-2026-00122,Parts Received,2026-02-28 17:28:00,2026-02-28 17:43:00,T-101,North Depot,C-Field,EQ-1461,Generator,1421.34,Low
EVT-0001065,WO-2026-00122,Repair Started,2026-03-01 01:28:00,2026-03-01 03:45:00,T-101,North Depot,C-Field,EQ-1461,Generator,1553.51,Low
EVT-0001066,WO-2026-00122,Repair Completed,2026-03-01 05:28:00,2026-03-01 06:49:00,T-101,North Depot,C-Field,EQ-1461,Generator,946.38,Medium
EVT-0001067,WO-2026-00122,Tested,2026-03-01 05:33:00,2026-03-01 06:34:00,T-101,North Depot,C-Field,EQ-1461,Generator,2184.18,Medium
EVT-0001068,WO-2026-00122,Repair Started,2026-03-01 12:33:00,2026-03-01 12:58:00,T-101,North Depot,C-Field,EQ-1461,Generator,1871.84,
EVT-0001069,WO-2026-00122,Repair Completed,2026-03-01 13:33:00,2026-03-01 13:59:00,T-101,North Depot,C-Field,EQ-1461,Generator,,High
EVT-0001070,WO-2026-00122,Tested,2026-03-01 17:15:00,2026-03-01 17:36:00,T-101,North Depot,C-Field,EQ-1461,Generator,1629.86,
EVT-0001071,WO-2026-00122,Returned to Service,2026-03-01 18:00:00,2026-03-01 19:03:00,T-101,North Depot,C-Field,EQ-1461,Generator,2090.69,
,WO-2026-00123,Fault Reported,2026-03-28 05:30:00,2026-03-28 07:52:00,T-302,South Depot,C-Workshop,EQ-1231,Pump,124.80,Low
EVT-0001073,WO-2026-00123,Triaged,2026-03-28 08:11:00,2026-03-28 08:55:00,T-102,North Depot,C-Workshop,EQ-1231,Pump,1835.17,Medium
EVT-0001074,WO-2026-00123,Parts Ordered,2026-03-30 22:11:00,2026-03-30 23:21:00,T-102,North Depot,C-Workshop,EQ-1231,Pump,145.83,Medium
EVT-0001075,WO-2026-00123,Parts Received,2026-03-31 00:12:00,2026-03-31 03:09:00,T-102,North Depot,C-Workshop,EQ-1231,Pump,622.31,Medium
EVT-0001076,WO-2026-00123,Repair Started,2026-03-31 07:12:00,2026-03-31 08:24:00,T-102,North Depot,C-Workshop,EQ-1231,Pump,,High
EVT-0001077,WO-2026-00123,Repair Completed,2026-03-31 08:12:00,2026-03-31 09:49:00,T-102,North Depot,C-Workshop,EQ-1231,Pump,261.09,Low
EVT-0001078,WO-2026-00123,Tested,2026-03-31 10:18:00,2026-03-31 12:32:00,T-102,North Depot,C-Workshop,EQ-1231,Pump,2567.52,
EVT-0001079,WO-2026-00123,Returned to Service,2026-03-31 13:57:00,2026-03-31 16:25:00,T-102,North Depot,C-Workshop,EQ-1231,Pump,,Low
EVT-0001080,WO-2026-00124,Fault Reported,2026-03-01 16:06:00,2026-03-01 18:35:00,T-101,North Depot,S-Bay-1,EQ-1923,Compressor,,High
EVT-0001081,WO-2026-00124,Triaged,2026-03-01 16:16:00,2026-03-01 16:37:00,T-101,North Depot,S-Bay-1,EQ-1923,Compressor,1660.65,
EVT-0001082,WO-2026-00124,Triaged,2026-03-01 17:22:00,2026-03-01 20:22:00,T-101,North Depot,S-Bay-1,EQ-1923,Compressor,,High
EVT-0001083,WO-2026-00124,Parts Ordered,2026-03-02 19:22:00,2026-03-02 22:12:00,T-101,North Depot,S-Bay-1,EQ-1923,Compressor,1699.70,
EVT-0001084,WO-2026-00124,Parts Received,2026-03-02 22:54:00,2026-03-03 00:36:00,T-101,North Depot,S-Bay-1,EQ-1923,Compressor,267.84,Low
EVT-0001085,WO-2026-00124,Repair Started,2026-03-03 01:54:00,2026-03-03 04:33:00,T-202,Central Depot,S-Bay-1,EQ-1923,Compressor,181.30,
EVT-0001086,WO-2026-00124,Repair Completed,2026-03-03 13:54:00,2026-03-03 15:12:00,T-202,Central Depot,S-Bay-1,EQ-1923,Compressor,325.50,Low
EVT-0001087,WO-2026-00124,Tested,2026-03-03 14:20:00,2026-03-03 15:33:00,T-202,Central Depot,S-Bay-1,EQ-1923,Compressor,2363.33,
EVT-0001088,WO-2026-00124,Returned to Service,2026-03-03 15:46:00,2026-03-03 16:16:00,T-102,North Depot,S-Bay-1,EQ-1923,Compressor,1608.82,Low
EVT-0001089,WO-2026-00125,Fault Reported,2026-04-21 13:00:00,2026-04-21 14:13:00,T-302,Central Depot,C-Workshop,EQ-1682,Compressor,305.99,High
EVT-0001090,WO-2026-00125,Triaged,2026-04-21 13:39:00,2026-04-21 13:56:00,T-302,Central Depot,C-Workshop,EQ-1682,Compressor,1904.32,Low
EVT-0001091,WO-2026-00125,Parts Ordered,2026-04-22 09:39:00,2026-04-22 09:55:00,T-302,Central Depot,C-Workshop,EQ-1682,Compressor,1916.69,
,WO-2026-00125,Parts Received,2026-04-22 12:34:00,2026-04-22 14:07:00,T-202,South Depot,C-Workshop,EQ-1682,Compressor,839.54,High
,WO-2026-00125,Repair Started,2026-04-22 23:34:00,2026-04-23 00:26:00,T-202,South Depot,C-Workshop,EQ-1682,Compressor,751.52,Medium
,WO-2026-00125,Repair Completed,2026-04-23 11:34:00,2026-04-23 12:03:00,T-202,South Depot,C-Workshop,EQ-1682,Compressor,198.50,
,WO-2026-00125,Tested,2026-04-23 15:08:00,2026-04-23 16:01:00,T-202,South Depot,C-Workshop,EQ-1682,Compressor,,High
,WO-2026-00125,Repair Started,2026-04-23 21:08:00,2026-04-23 21:21:00,T-202,South Depot,C-Workshop,EQ-1682,Compressor,733.56,
,WO-2026-00125,Repair Completed,2026-04-24 05:08:00,2026-04-24 05:19:00,T-301,South Depot,C-Workshop,EQ-1682,Compressor,2539.51,Medium
,WO-2026-00125,Tested,2026-04-24 05:39:00,2026-04-24 06:11:00,T-301,South Depot,C-Workshop,EQ-1682,Compressor,921.40,Medium
,WO-2026-00125,Returned to Service,2026-04-24 07:11:00,2026-04-24 09:38:00,T-301,South Depot,C-Workshop,EQ-1682,Compressor,,Low
EVT-0001100,WO-2026-00126,Fault Reported,2026-01-17 05:35:00,2026-01-17 06:50:00,T-102,North Depot,S-Field,EQ-1904,Generator,,Medium
EVT-0001101,WO-2026-00126,Triaged,2026-01-17 07:15:00,2026-01-17 09:38:00,T-202,Central Depot,S-Field,EQ-1904,Generator,353.43,Medium
EVT-0001102,WO-2026-00126,Parts Ordered,2026-01-20 14:15:00,2026-01-20 14:46:00,T-202,Central Depot,S-Field,EQ-1904,Generator,1498.58,
EVT-0001103,WO-2026-00126,Parts Received,2026-01-20 14:46:00,2026-01-20 17:43:00,T-101,North Depot,S-Field,EQ-1904,Generator,575.63,
EVT-0001104,WO-2026-00126,Repair Started,2026-01-20 15:46:00,2026-01-20 18:08:00,T-101,North Depot,S-Field,EQ-1904,Generator,,High
EVT-0001105,WO-2026-00126,Repair Completed,2026-01-20 20:46:00,2026-01-20 23:37:00,T-101,North Depot,S-Field,EQ-1904,Generator,2128.33,Low
EVT-0001106,WO-2026-00126,Tested,2026-01-20 23:33:00,2026-01-20 23:40:00,T-101,North Depot,S-Field,EQ-1904,Generator,767.70,High
EVT-0001107,WO-2026-00126,Repair Started,2026-01-21 09:33:00,2026-01-21 11:39:00,T-101,North Depot,S-Field,EQ-1904,Generator,2173.28,Medium
EVT-0001108,WO-2026-00126,Repair Completed,2026-01-21 13:33:00,2026-01-21 16:08:00,T-101,North Depot,S-Field,EQ-1904,Generator,124.00,High
EVT-0001109,WO-2026-00126,Tested,2026-01-21 14:12:00,2026-01-21 14:29:00,T-101,North Depot,S-Field,EQ-1904,Generator,1807.13,High
EVT-0001110,WO-2026-00126,Returned to Service,2026-01-21 15:20:00,2026-01-21 18:18:00,T-101,North Depot,S-Field,EQ-1904,Generator,,High
EVT-0001111,WO-2026-00127,Fault Reported,2026-01-28 00:16:00,2026-01-28 03:01:00,T-101,North Depot,S-Field,EQ-1323,Conveyor,1092.55,Medium
EVT-0001112,WO-2026-00127,Triaged,2026-01-28 00:58:00,2026-01-28 03:01:00,T-101,North Depot,S-Field,EQ-1323,Conveyor,1998.49,Medium
,WO-2026-00127,Triaged,2026-01-28 01:12:00,2026-01-28 01:28:00,T-302,South Depot,S-Field,EQ-1323,Conveyor,1217.70,High
,WO-2026-00127,Parts Ordered,2026-02-01 00:12:00,2026-02-01 02:19:00,T-302,South Depot,S-Field,EQ-1323,Conveyor,1831.00,Medium
,WO-2026-00127,Parts Received,2026-02-01 00:40:00,2026-02-01 01:06:00,T-301,South Depot,S-Field,EQ-1323,Conveyor,,
,WO-2026-00127,Repair Started,2026-02-01 07:40:00,2026-02-01 09:17:00,T-301,South Depot,S-Field,EQ-1323,Conveyor,,
,WO-2026-00127,Repair Completed,2026-02-01 17:40:00,2026-02-01 17:56:00,T-301,South Depot,S-Field,EQ-1323,Conveyor,1898.75,
,WO-2026-00127,Tested,2026-02-01 20:22:00,2026-02-01 21:21:00,T-301,South Depot,S-Field,EQ-1323,Conveyor,,High
,WO-2026-00127,Returned to Service,2026-02-01 21:34:00,2026-02-01 23:21:00,T-301,South Depot,S-Field,EQ-1323,Conveyor,,
EVT-0001120,WO-2026-00128,Fault Reported,2026-02-28 09:32:00,2026-02-28 11:00:00,T-202,Central Depot,N-Field,EQ-1749,Conveyor,,
EVT-0001121,WO-2026-00128,Triaged,2026-02-28 12:53:00,2026-02-28 13:58:00,T-202,Central Depot,N-Field,EQ-1749,Conveyor,2289.73,Medium
EVT-0001122,WO-2026-00128,Parts Ordered,2026-03-01 08:53:00,2026-03-01 10:20:00,T-202,Central Depot,N-Field,EQ-1749,Conveyor,1219.31,High
EVT-0001123,WO-2026-00128,Parts Received,2026-03-01 09:00:00,2026-03-01 10:26:00,T-101,North Depot,N-Field,EQ-1749,Conveyor,,
EVT-0001124,WO-2026-00128,Repair Started,2026-03-01 14:00:00,2026-03-01 14:59:00,T-101,North Depot,N-Field,EQ-1749,Conveyor,,High
EVT-0001125,WO-2026-00128,Repair Completed,2026-03-01 22:00:00,2026-03-01 22:31:00,T-101,North Depot,N-Field,EQ-1749,Conveyor,1321.68,High
EVT-0001126,WO-2026-00128,Tested,2026-03-01 22:08:00,2026-03-02 00:50:00,T-101,North Depot,N-Field,EQ-1749,Conveyor,648.69,
EVT-0001127,WO-2026-00128,Repair Started,2026-03-01 23:08:00,2026-03-02 01:20:00,T-101,North Depot,N-Field,EQ-1749,Conveyor,1578.25,High
EVT-0001128,WO-2026-00128,Repair Completed,2026-03-02 04:08:00,2026-03-02 06:15:00,T-101,North Depot,N-Field,EQ-1749,Conveyor,2457.41,Low
EVT-0001129,WO-2026-00128,Tested,2026-03-02 07:47:00,2026-03-02 08:26:00,T-101,North Depot,N-Field,EQ-1749,Conveyor,758.67,Medium
EVT-0001130,WO-2026-00128,Returned to Service,2026-03-02 10:35:00,2026-03-02 11:56:00,T-101,North Depot,N-Field,EQ-1749,Conveyor,264.91,High
EVT-0001131,WO-2026-00129,Fault Reported,2026-04-04 02:29:00,2026-04-04 05:16:00,T-101,North Depot,C-Field,EQ-1896,Generator,,
EVT-0001132,WO-2026-00129,Triaged,2026-04-04 02:44:00,2026-04-04 04:11:00,T-101,North Depot,C-Field,EQ-1896,Generator,2110.22,High
EVT-0001133,WO-2026-00129,Parts Ordered,2026-04-05 07:44:00,2026-04-05 08:57:00,T-101,North Depot,C-Field,EQ-1896,Generator,,Medium
,WO-2026-00129,Parts Received,2026-04-05 11:25:00,2026-04-05 12:02:00,T-301,South Depot,C-Field,EQ-1896,Generator,,High
,WO-2026-00129,Repair Started,2026-04-05 13:25:00,2026-04-05 15:29:00,T-301,South Depot,C-Field,EQ-1896,Generator,281.27,Low
,WO-2026-00129,Repair Completed,2026-04-05 15:25:00,2026-04-05 17:20:00,T-301,South Depot,C-Field,EQ-1896,Generator,1312.47,Low
,WO-2026-00129,Tested,2026-04-05 18:33:00,2026-04-05 19:59:00,T-301,South Depot,C-Field,EQ-1896,Generator,2445.57,Medium
,WO-2026-00129,Returned to Service,2026-04-05 22:20:00,2026-04-06 00:48:00,T-301,South Depot,C-Field,EQ-1896,Generator,1956.54,High
EVT-0001139,WO-2026-00130,Fault Reported,2026-03-03 23:15:00,2026-03-03 23:54:00,T-201,Central Depot,N-Bay-2,EQ-1413,Valve Assembly,2235.46,
EVT-0001140,WO-2026-00130,Triaged,2026-03-04 01:05:00,2026-03-04 02:01:00,T-201,Central Depot,N-Bay-2,EQ-1413,Valve Assembly,1048.88,High
EVT-0001141,WO-2026-00130,Parts Ordered,2026-03-05 19:05:00,2026-03-05 19:52:00,T-201,Central Depot,N-Bay-2,EQ-1413,Valve Assembly,1993.74,High
EVT-0001142,WO-2026-00130,Parts Received,2026-03-05 19:46:00,2026-03-05 22:06:00,T-201,Central Depot,N-Bay-2,EQ-1413,Valve Assembly,2402.37,High
EVT-0001143,WO-2026-00130,Repair Started,2026-03-05 21:46:00,2026-03-05 23:51:00,T-201,Central Depot,N-Bay-2,EQ-1413,Valve Assembly,2583.12,Low
EVT-0001144,WO-2026-00130,Repair Completed,2026-03-06 04:46:00,2026-03-06 07:28:00,T-201,Central Depot,N-Bay-2,EQ-1413,Valve Assembly,2434.30,Medium
EVT-0001145,WO-2026-00130,Tested,2026-03-06 06:24:00,2026-03-06 06:53:00,T-201,Central Depot,N-Bay-2,EQ-1413,Valve Assembly,777.75,Low
EVT-0001146,WO-2026-00130,Repair Started,2026-03-06 15:24:00,2026-03-06 18:08:00,T-201,Central Depot,N-Bay-2,EQ-1413,Valve Assembly,2101.75,
EVT-0001147,WO-2026-00130,Repair Completed,2026-03-07 03:24:00,2026-03-07 04:48:00,T-201,Central Depot,N-Bay-2,EQ-1413,Valve Assembly,,Medium
EVT-0001148,WO-2026-00130,Tested,2026-03-07 03:50:00,2026-03-07 06:20:00,T-201,Central Depot,N-Bay-2,EQ-1413,Valve Assembly,936.61,
EVT-0001149,WO-2026-00130,Returned to Service,2026-03-07 05:44:00,2026-03-07 07:54:00,T-201,Central Depot,N-Bay-2,EQ-1413,Valve Assembly,,
EVT-0001150,WO-2026-00131,Fault Reported,2026-02-07 00:42:00,2026-02-07 01:30:00,T-201,Central Depot,S-Field,EQ-1251,Pump,,
EVT-0001151,WO-2026-00131,Triaged,2026-02-07 03:22:00,2026-02-07 04:07:00,T-201,Central Depot,S-Field,EQ-1251,Pump,1614.43,
EVT-0001152,WO-2026-00131,Parts Ordered,2026-02-10 14:22:00,2026-02-10 15:53:00,T-102,North Depot,S-Field,EQ-1251,Pump,919.17,Low
EVT-0001153,WO-2026-00131,Parts Received,2026-02-10 17:27:00,2026-02-10 17:39:00,T-102,North Depot,S-Field,EQ-1251,Pump,791.09,High
EVT-0001154,WO-2026-00131,Repair Started,2026-02-10 19:27:00,2026-02-10 19:59:00,T-102,North Depot,S-Field,EQ-1251,Pump,,Medium
EVT-0001155,WO-2026-00131,Repair Completed,2026-02-11 06:27:00,2026-02-11 08:25:00,T-102,North Depot,S-Field,EQ-1251,Pump,822.14,
EVT-0001156,WO-2026-00131,Tested,2026-02-11 08:45:00,2026-02-11 10:53:00,T-201,Central Depot,S-Field,EQ-1251,Pump,2108.65,Medium
EVT-0001157,WO-2026-00131,Returned to Service,2026-02-11 09:33:00,2026-02-11 09:52:00,T-201,Central Depot,S-Field,EQ-1251,Pump,2099.83,Low
EVT-0001158,WO-2026-00132,Fault Reported,2026-05-23 00:34:00,2026-05-23 02:15:00,T-201,Central Depot,S-Field,EQ-1497,Generator,1952.15,Low
EVT-0001159,WO-2026-00132,Triaged,2026-05-23 03:07:00,2026-05-23 05:34:00,T-201,Central Depot,S-Field,EQ-1497,Generator,1250.39,Low
EVT-0001160,WO-2026-00132,Parts Ordered,2026-05-26 05:07:00,2026-05-26 07:09:00,T-201,Central Depot,S-Field,EQ-1497,Generator,2233.23,Low
EVT-0001161,WO-2026-00132,Parts Received,2026-05-26 08:38:00,2026-05-26 11:26:00,T-201,Central Depot,S-Field,EQ-1497,Generator,1330.36,Low
EVT-0001162,WO-2026-00132,Repair Started,2026-05-26 19:38:00,2026-05-26 19:46:00,T-201,Central Depot,S-Field,EQ-1497,Generator,259.95,Low
EVT-0001163,WO-2026-00132,Repair Completed,2026-05-27 04:38:00,2026-05-27 05:20:00,T-201,Central Depot,S-Field,EQ-1497,Generator,463.89,Medium
EVT-0001164,WO-2026-00132,Tested,2026-05-27 06:35:00,2026-05-27 07:24:00,T-201,Central Depot,S-Field,EQ-1497,Generator,72.07,Low
EVT-0001165,WO-2026-00132,Returned to Service,2026-05-27 06:44:00,2026-05-27 07:51:00,T-201,Central Depot,S-Field,EQ-1497,Generator,2373.16,High
EVT-0001166,WO-2026-00133,Fault Reported,2026-03-10 08:12:00,2026-03-10 10:07:00,T-202,Central Depot,C-Bay-2,EQ-1487,Compressor,1420.68,
EVT-0001167,WO-2026-00133,Triaged,2026-03-10 09:23:00,2026-03-10 10:30:00,T-202,Central Depot,C-Bay-2,EQ-1487,Compressor,1637.26,High
EVT-0001168,WO-2026-00133,Parts Ordered,2026-03-11 13:23:00,2026-03-11 14:02:00,T-202,Central Depot,C-Bay-2,EQ-1487,Compressor,69.22,Medium
EVT-0001169,WO-2026-00133,Parts Received,2026-03-11 15:42:00,2026-03-11 18:10:00,T-202,Central Depot,C-Bay-2,EQ-1487,Compressor,1783.04,High
EVT-0001170,WO-2026-00133,Repair Started,2026-03-12 00:42:00,2026-03-12 02:46:00,T-202,Central Depot,C-Bay-2,EQ-1487,Compressor,2015.72,High
EVT-0001171,WO-2026-00133,Repair Completed,2026-03-12 10:42:00,2026-03-12 10:56:00,T-202,Central Depot,C-Bay-2,EQ-1487,Compressor,939.25,High
EVT-0001172,WO-2026-00133,Tested,2026-03-12 14:25:00,2026-03-12 15:02:00,T-202,Central Depot,C-Bay-2,EQ-1487,Compressor,679.25,Medium
EVT-0001173,WO-2026-00133,Returned to Service,2026-03-12 15:12:00,2026-03-12 15:55:00,T-202,Central Depot,C-Bay-2,EQ-1487,Compressor,330.72,
,WO-2026-00134,Fault Reported,2026-03-25 20:20:00,2026-03-25 20:53:00,T-301,South Depot,N-Bay-1,EQ-1350,Valve Assembly,97.59,Low
,WO-2026-00134,Triaged,2026-03-25 21:07:00,2026-03-25 22:31:00,T-301,South Depot,N-Bay-1,EQ-1350,Valve Assembly,2203.21,Low
,WO-2026-00134,Parts Ordered,2026-03-28 06:07:00,2026-03-28 08:55:00,T-301,South Depot,N-Bay-1,EQ-1350,Valve Assembly,884.93,High
,WO-2026-00134,Parts Received,2026-03-28 07:16:00,2026-03-28 08:32:00,T-301,South Depot,N-Bay-1,EQ-1350,Valve Assembly,1059.63,High
,WO-2026-00134,Repair Started,2026-03-28 12:16:00,2026-03-28 12:34:00,T-301,South Depot,N-Bay-1,EQ-1350,Valve Assembly,,Low
,WO-2026-00134,Repair Completed,2026-03-28 13:16:00,2026-03-28 14:27:00,T-301,South Depot,N-Bay-1,EQ-1350,Valve Assembly,1227.53,Medium
,WO-2026-00134,Tested,2026-03-28 15:20:00,2026-03-28 15:40:00,T-302,South Depot,N-Bay-1,EQ-1350,Valve Assembly,927.63,Low
,WO-2026-00134,Returned to Service,2026-03-28 18:56:00,2026-03-28 20:26:00,T-302,South Depot,N-Bay-1,EQ-1350,Valve Assembly,2551.69,
EVT-0001182,WO-2026-00135,Fault Reported,2026-04-04 21:01:00,2026-04-04 23:30:00,T-102,North Depot,S-Bay-1,EQ-1574,Compressor,1143.50,High
EVT-0001183,WO-2026-00135,Triaged,2026-04-05 00:44:00,2026-04-05 01:48:00,T-102,North Depot,S-Bay-1,EQ-1574,Compressor,1048.65,High
,WO-2026-00135,Parts Ordered,2026-04-08 16:44:00,2026-04-08 19:13:00,T-301,South Depot,S-Bay-1,EQ-1574,Compressor,1443.65,Low
,WO-2026-00135,Parts Received,2026-04-08 17:00:00,2026-04-08 19:38:00,T-301,South Depot,S-Bay-1,EQ-1574,Compressor,,Medium
EVT-0001186,WO-2026-00135,Repair Started,2026-04-09 00:00:00,2026-04-09 01:23:00,T-302,Central Depot,S-Bay-1,EQ-1574,Compressor,,Low
EVT-0001187,WO-2026-00135,Repair Completed,2026-04-09 12:00:00,2026-04-09 14:09:00,T-302,Central Depot,S-Bay-1,EQ-1574,Compressor,1903.51,Medium
EVT-0001188,WO-2026-00135,Tested,2026-04-09 13:53:00,2026-04-09 14:46:00,T-302,Central Depot,S-Bay-1,EQ-1574,Compressor,2162.63,Medium
EVT-0001189,WO-2026-00135,Returned to Service,2026-04-09 14:10:00,2026-04-09 16:15:00,T-302,Central Depot,S-Bay-1,EQ-1574,Compressor,,
,WO-2026-00136,Fault Reported,2026-02-14 16:09:00,2026-02-14 17:57:00,T-301,South Depot,N-Bay-2,EQ-1885,Valve Assembly,2463.78,Low
,WO-2026-00136,Triaged,2026-02-14 19:13:00,2026-02-14 20:41:00,T-301,South Depot,N-Bay-2,EQ-1885,Valve Assembly,,
EVT-0001192,WO-2026-00136,Parts Ordered,2026-02-14 19:13:00,2026-02-14 21:44:00,T-202,Central Depot,N-Bay-2,EQ-1885,Valve Assembly,346.84,High
,WO-2026-00136,Parts Received,2026-02-14 21:24:00,2026-02-14 21:49:00,T-301,South Depot,N-Bay-2,EQ-1885,Valve Assembly,,High
,WO-2026-00136,Repair Started,2026-02-14 22:24:00,2026-02-15 01:16:00,T-301,South Depot,N-Bay-2,EQ-1885,Valve Assembly,1653.85,High
,WO-2026-00136,Repair Completed,2026-02-15 02:24:00,2026-02-15 02:58:00,T-301,South Depot,N-Bay-2,EQ-1885,Valve Assembly,2493.36,Low
,WO-2026-00136,Tested,2026-02-15 06:23:00,2026-02-15 08:11:00,T-301,South Depot,N-Bay-2,EQ-1885,Valve Assembly,2466.76,High
,WO-2026-00136,Returned to Service,2026-02-15 09:53:00,2026-02-15 11:55:00,T-301,South Depot,N-Bay-2,EQ-1885,Valve Assembly,,Medium
,WO-2026-00137,Fault Reported,2026-02-07 07:49:00,2026-02-07 08:41:00,T-301,South Depot,C-Bay-1,EQ-1187,Compressor,1899.01,Low
,WO-2026-00137,Triaged,2026-02-07 10:57:00,2026-02-07 13:54:00,T-301,South Depot,C-Bay-1,EQ-1187,Compressor,,
,WO-2026-00137,Parts Ordered,2026-02-09 12:57:00,2026-02-09 15:21:00,T-301,South Depot,C-Bay-1,EQ-1187,Compressor,1925.99,Medium
,WO-2026-00137,Parts Received,2026-02-09 14:14:00,2026-02-09 16:36:00,T-301,South Depot,C-Bay-1,EQ-1187,Compressor,1512.17,Low
,WO-2026-00137,Repair Started,2026-02-09 18:14:00,2026-02-09 20:48:00,T-301,South Depot,C-Bay-1,EQ-1187,Compressor,1425.22,High
,WO-2026-00137,Repair Completed,2026-02-10 03:14:00,2026-02-10 04:29:00,T-301,South Depot,C-Bay-1,EQ-1187,Compressor,1257.16,High
,WO-2026-00137,Tested,2026-02-10 06:08:00,2026-02-10 07:27:00,T-301,South Depot,C-Bay-1,EQ-1187,Compressor,,
,WO-2026-00137,Returned to Service,2026-02-10 06:42:00,2026-02-10 07:56:00,T-301,South Depot,C-Bay-1,EQ-1187,Compressor,636.96,High
EVT-0001206,WO-2026-00138,Fault Reported,2026-04-30 13:46:00,2026-04-30 15:17:00,T-101,North Depot,N-Bay-2,EQ-1016,Generator,1919.29,
EVT-0001207,WO-2026-00138,Triaged,2026-04-30 15:26:00,2026-04-30 16:28:00,T-101,North Depot,N-Bay-2,EQ-1016,Generator,2289.15,
EVT-0001208,WO-2026-00138,Parts Ordered,2026-05-03 16:26:00,2026-05-03 16:47:00,T-101,North Depot,N-Bay-2,EQ-1016,Generator,,Low
EVT-0001209,WO-2026-00138,Parts Received,2026-05-03 16:36:00,2026-05-03 18:52:00,T-101,North Depot,N-Bay-2,EQ-1016,Generator,901.62,High
,WO-2026-00138,Repair Started,2026-05-03 18:36:00,2026-05-03 19:42:00,T-202,South Depot,N-Bay-2,EQ-1016,Generator,632.60,Medium
,WO-2026-00138,Repair Completed,2026-05-04 00:36:00,2026-05-04 02:50:00,T-202,South Depot,N-Bay-2,EQ-1016,Generator,2231.91,
,WO-2026-00138,Tested,2026-05-04 04:24:00,2026-05-04 07:10:00,T-202,South Depot,N-Bay-2,EQ-1016,Generator,1833.85,
,WO-2026-00138,Repair Started,2026-05-04 09:24:00,2026-05-04 11:15:00,T-202,South Depot,N-Bay-2,EQ-1016,Generator,1928.90,High
,WO-2026-00138,Repair Completed,2026-05-04 14:24:00,2026-05-04 15:25:00,T-202,South Depot,N-Bay-2,EQ-1016,Generator,586.72,High
,WO-2026-00138,Tested,2026-05-04 16:48:00,2026-05-04 19:46:00,T-202,South Depot,N-Bay-2,EQ-1016,Generator,1432.27,
,WO-2026-00138,Returned to Service,2026-05-04 18:34:00,2026-05-04 20:29:00,T-202,South Depot,N-Bay-2,EQ-1016,Generator,118.10,Low
EVT-0001217,WO-2026-00139,Fault Reported,2026-03-23 15:17:00,2026-03-23 16:00:00,T-102,North Depot,C-Workshop,EQ-1483,Conveyor,640.76,High
EVT-0001218,WO-2026-00139,Triaged,2026-03-23 15:51:00,2026-03-23 15:59:00,T-102,North Depot,C-Workshop,EQ-1483,Conveyor,1171.73,Medium
EVT-0001219,WO-2026-00139,Parts Ordered,2026-03-27 12:51:00,2026-03-27 13:04:00,T-102,North Depot,C-Workshop,EQ-1483,Conveyor,2559.66,
EVT-0001220,WO-2026-00139,Parts Received,2026-03-27 13:31:00,2026-03-27 16:05:00,T-102,North Depot,C-Workshop,EQ-1483,Conveyor,1438.61,Low
EVT-0001221,WO-2026-00139,Repair Started,2026-03-27 15:31:00,2026-03-27 18:10:00,T-102,North Depot,C-Workshop,EQ-1483,Conveyor,703.12,High
EVT-0001222,WO-2026-00139,Repair Completed,2026-03-27 21:31:00,2026-03-27 22:38:00,T-102,North Depot,C-Workshop,EQ-1483,Conveyor,,
EVT-0001223,WO-2026-00139,Tested,2026-03-27 21:56:00,2026-03-27 23:19:00,T-102,North Depot,C-Workshop,EQ-1483,Conveyor,89.13,Medium
EVT-0001224,WO-2026-00139,Returned to Service,2026-03-28 01:23:00,2026-03-28 03:05:00,T-102,North Depot,C-Workshop,EQ-1483,Conveyor,2356.85,High
,WO-2026-00140,Fault Reported,2026-04-12 23:26:00,2026-04-13 00:33:00,T-202,South Depot,N-Bay-1,EQ-1382,Valve Assembly,,Medium
,WO-2026-00140,Triaged,2026-04-13 02:30:00,2026-04-13 04:46:00,T-202,South Depot,N-Bay-1,EQ-1382,Valve Assembly,613.30,Medium
EVT-0001227,WO-2026-00140,Repair Started,2026-04-13 14:30:00,2026-04-13 15:11:00,T-102,North Depot,N-Bay-1,EQ-1382,Valve Assembly,1223.80,
,WO-2026-00140,Repair Completed,2026-04-13 17:30:00,2026-04-13 18:16:00,T-301,South Depot,N-Bay-1,EQ-1382,Valve Assembly,603.55,Low
,WO-2026-00140,Tested,2026-04-13 18:33:00,2026-04-13 20:51:00,T-301,South Depot,N-Bay-1,EQ-1382,Valve Assembly,213.58,Low
,WO-2026-00140,Returned to Service,2026-04-13 19:09:00,2026-04-13 20:26:00,T-301,South Depot,N-Bay-1,EQ-1382,Valve Assembly,1878.57,Low
EVT-0001231,WO-2026-00141,Fault Reported,2026-02-15 22:07:00,2026-02-16 00:48:00,T-201,Central Depot,C-Bay-1,EQ-1367,Generator,341.39,Medium
EVT-0001232,WO-2026-00141,Triaged,2026-02-16 01:04:00,2026-02-16 03:36:00,T-201,Central Depot,C-Bay-1,EQ-1367,Generator,2405.83,Low
EVT-0001233,WO-2026-00141,Parts Ordered,2026-02-18 13:04:00,2026-02-18 13:27:00,T-201,Central Depot,C-Bay-1,EQ-1367,Generator,1892.59,
EVT-0001234,WO-2026-00141,Parts Received,2026-02-18 16:11:00,2026-02-18 17:51:00,T-201,Central Depot,C-Bay-1,EQ-1367,Generator,967.83,Low
EVT-0001235,WO-2026-00141,Parts Ordered,2026-02-21 03:11:00,2026-02-21 04:22:00,T-201,Central Depot,C-Bay-1,EQ-1367,Generator,240.67,High
EVT-0001236,WO-2026-00141,Parts Received,2026-02-21 06:24:00,2026-02-21 08:12:00,T-201,Central Depot,C-Bay-1,EQ-1367,Generator,2052.81,Low
EVT-0001237,WO-2026-00141,Repair Started,2026-02-21 09:24:00,2026-02-21 10:21:00,T-201,Central Depot,C-Bay-1,EQ-1367,Generator,,Medium
EVT-0001238,WO-2026-00141,Repair Completed,2026-02-21 20:24:00,2026-02-21 20:55:00,T-201,Central Depot,C-Bay-1,EQ-1367,Generator,1367.93,Low
EVT-0001239,WO-2026-00141,Tested,2026-02-21 22:51:00,2026-02-21 23:26:00,T-201,Central Depot,C-Bay-1,EQ-1367,Generator,1255.43,
EVT-0001240,WO-2026-00141,Returned to Service,2026-02-21 23:32:00,2026-02-22 00:56:00,T-201,Central Depot,C-Bay-1,EQ-1367,Generator,827.11,Low
,WO-2026-00142,Fault Reported,2026-03-21 17:38:00,2026-03-21 18:42:00,T-202,South Depot,S-Field,EQ-1434,Valve Assembly,,High
,WO-2026-00142,Triaged,2026-03-21 19:03:00,2026-03-21 19:13:00,T-202,South Depot,S-Field,EQ-1434,Valve Assembly,278.05,Low
,WO-2026-00142,Repair Started,2026-03-22 00:03:00,2026-03-22 01:59:00,T-202,South Depot,S-Field,EQ-1434,Valve Assembly,136.52,Medium
,WO-2026-00142,Repair Completed,2026-03-22 12:03:00,2026-03-22 14:37:00,T-202,South Depot,S-Field,EQ-1434,Valve Assembly,1487.75,Low
,WO-2026-00142,Tested,2026-03-22 15:56:00,2026-03-22 18:41:00,T-202,South Depot,S-Field,EQ-1434,Valve Assembly,,Low
,WO-2026-00142,Returned to Service,2026-03-22 19:43:00,2026-03-22 21:19:00,T-202,South Depot,S-Field,EQ-1434,Valve Assembly,,Low
EVT-0001247,WO-2026-00143,Fault Reported,2026-02-13 16:08:00,2026-02-13 18:37:00,T-201,Central Depot,N-Field,EQ-1970,Valve Assembly,2249.48,High
EVT-0001248,WO-2026-00143,Triaged,2026-02-13 17:34:00,2026-02-13 19:34:00,T-201,Central Depot,N-Field,EQ-1970,Valve Assembly,816.85,High
EVT-0001249,WO-2026-00143,Parts Ordered,2026-02-17 08:34:00,2026-02-17 10:31:00,T-201,Central Depot,N-Field,EQ-1970,Valve Assembly,1520.25,
EVT-0001250,WO-2026-00143,Parts Received,2026-02-17 10:27:00,2026-02-17 13:05:00,T-201,Central Depot,N-Field,EQ-1970,Valve Assembly,601.79,
EVT-0001251,WO-2026-00143,Repair Started,2026-02-17 22:27:00,2026-02-17 23:10:00,T-201,Central Depot,N-Field,EQ-1970,Valve Assembly,1487.85,Low
EVT-0001252,WO-2026-00143,Repair Completed,2026-02-17 23:27:00,2026-02-18 00:12:00,T-201,Central Depot,N-Field,EQ-1970,Valve Assembly,,Medium
EVT-0001253,WO-2026-00143,Tested,2026-02-18 00:58:00,2026-02-18 03:51:00,T-201,Central Depot,N-Field,EQ-1970,Valve Assembly,1690.93,Medium
EVT-0001254,WO-2026-00143,Returned to Service,2026-02-18 03:09:00,2026-02-18 04:27:00,T-201,Central Depot,N-Field,EQ-1970,Valve Assembly,89.75,Medium
EVT-0001255,WO-2026-00144,Fault Reported,2026-03-09 22:14:00,2026-03-09 23:59:00,T-202,Central Depot,S-Field,EQ-1599,Pump,,High
EVT-0001256,WO-2026-00144,Triaged,2026-03-09 22:25:00,2026-03-10 00:22:00,T-202,Central Depot,S-Field,EQ-1599,Pump,595.77,
EVT-0001257,WO-2026-00144,Parts Ordered,2026-03-11 23:25:00,2026-03-12 00:41:00,T-202,Central Depot,S-Field,EQ-1599,Pump,588.85,Low
EVT-0001258,WO-2026-00144,Parts Received,2026-03-12 00:30:00,2026-03-12 02:27:00,T-202,Central Depot,S-Field,EQ-1599,Pump,,
EVT-0001259,WO-2026-00144,Repair Started,2026-03-12 01:30:00,2026-03-12 03:45:00,T-202,Central Depot,S-Field,EQ-1599,Pump,2507.42,
EVT-0001260,WO-2026-00144,Repair Completed,2026-03-12 07:30:00,2026-03-12 09:00:00,T-202,Central Depot,S-Field,EQ-1599,Pump,,High
,WO-2026-00144,Tested,2026-03-12 09:58:00,2026-03-12 12:03:00,T-302,South Depot,S-Field,EQ-1599,Pump,2262.38,High
,WO-2026-00144,Returned to Service,2026-03-12 12:01:00,2026-03-12 13:46:00,T-302,South Depot,S-Field,EQ-1599,Pump,662.47,
EVT-0001263,WO-2026-00145,Fault Reported,2026-05-27 12:11:00,2026-05-27 14:45:00,T-101,North Depot,S-Field,EQ-1840,Pump,1859.76,Medium
EVT-0001264,WO-2026-00145,Triaged,2026-05-27 14:03:00,2026-05-27 14:48:00,T-101,North Depot,S-Field,EQ-1840,Pump,1120.89,Medium
EVT-0001265,WO-2026-00146,Fault Reported,2026-03-10 06:49:00,2026-03-10 07:00:00,T-101,North Depot,N-Bay-2,EQ-1103,Valve Assembly,577.31,Low
EVT-0001266,WO-2026-00146,Triaged,2026-03-10 08:41:00,2026-03-10 08:47:00,T-101,North Depot,N-Bay-2,EQ-1103,Valve Assembly,1991.65,High
EVT-0001267,WO-2026-00146,Parts Ordered,2026-03-11 13:41:00,2026-03-11 16:18:00,T-101,North Depot,N-Bay-2,EQ-1103,Valve Assembly,1889.83,Medium
EVT-0001268,WO-2026-00146,Parts Received,2026-03-11 15:01:00,2026-03-11 15:47:00,T-101,North Depot,N-Bay-2,EQ-1103,Valve Assembly,,Medium
EVT-0001269,WO-2026-00146,Repair Started,2026-03-11 23:01:00,2026-03-12 01:37:00,T-101,North Depot,N-Bay-2,EQ-1103,Valve Assembly,291.14,
EVT-0001270,WO-2026-00146,Repair Completed,2026-03-12 02:01:00,2026-03-12 03:57:00,T-101,North Depot,N-Bay-2,EQ-1103,Valve Assembly,242.28,
EVT-0001271,WO-2026-00146,Tested,2026-03-12 03:00:00,2026-03-12 05:02:00,T-101,North Depot,N-Bay-2,EQ-1103,Valve Assembly,279.67,Medium
EVT-0001272,WO-2026-00146,Returned to Service,2026-03-12 05:52:00,2026-03-12 08:12:00,T-101,North Depot,N-Bay-2,EQ-1103,Valve Assembly,1415.32,Medium
,WO-2026-00147,Fault Reported,2026-04-07 04:58:00,2026-04-07 05:33:00,T-301,South Depot,S-Bay-1,EQ-1385,Valve Assembly,2307.03,
,WO-2026-00147,Triaged,2026-04-07 07:23:00,2026-04-07 09:35:00,T-301,South Depot,S-Bay-1,EQ-1385,Valve Assembly,1239.12,
,WO-2026-00147,Parts Ordered,2026-04-10 04:23:00,2026-04-10 06:00:00,T-301,South Depot,S-Bay-1,EQ-1385,Valve Assembly,1901.62,Low
,WO-2026-00147,Parts Received,2026-04-10 04:33:00,2026-04-10 07:00:00,T-301,South Depot,S-Bay-1,EQ-1385,Valve Assembly,1459.07,Low
,WO-2026-00147,Repair Started,2026-04-10 08:33:00,2026-04-10 10:52:00,T-301,South Depot,S-Bay-1,EQ-1385,Valve Assembly,203.83,High
,WO-2026-00147,Repair Completed,2026-04-10 14:33:00,2026-04-10 16:11:00,T-301,South Depot,S-Bay-1,EQ-1385,Valve Assembly,,Medium
,WO-2026-00147,Tested,2026-04-10 17:22:00,2026-04-10 18:44:00,T-301,South Depot,S-Bay-1,EQ-1385,Valve Assembly,610.73,Medium
,WO-2026-00147,Returned to Service,2026-04-10 18:33:00,2026-04-10 19:18:00,T-301,South Depot,S-Bay-1,EQ-1385,Valve Assembly,1994.17,Medium
EVT-0001281,WO-2026-00148,Fault Reported,2026-04-10 21:38:00,2026-04-10 22:07:00,T-201,Central Depot,N-Bay-1,EQ-1557,Pump,,High
EVT-0001282,WO-2026-00148,Triaged,2026-04-11 00:03:00,2026-04-11 00:25:00,T-201,Central Depot,N-Bay-1,EQ-1557,Pump,2254.92,High
EVT-0001283,WO-2026-00148,Parts Ordered,2026-04-13 07:03:00,2026-04-13 09:23:00,T-201,Central Depot,N-Bay-1,EQ-1557,Pump,1391.41,
EVT-0001284,WO-2026-00148,Parts Received,2026-04-13 10:09:00,2026-04-13 12:08:00,T-201,Central Depot,N-Bay-1,EQ-1557,Pump,1281.12,Low
EVT-0001285,WO-2026-00148,Repair Started,2026-04-13 17:09:00,2026-04-13 17:28:00,T-302,Central Depot,N-Bay-1,EQ-1557,Pump,2312.10,Medium
EVT-0001286,WO-2026-00148,Repair Completed,2026-04-13 22:09:00,2026-04-13 23:43:00,T-302,Central Depot,N-Bay-1,EQ-1557,Pump,,
EVT-0001287,WO-2026-00148,Tested,2026-04-14 00:13:00,2026-04-14 00:24:00,T-302,Central Depot,N-Bay-1,EQ-1557,Pump,2465.47,Medium
EVT-0001288,WO-2026-00148,Repair Started,2026-04-14 08:13:00,2026-04-14 09:53:00,T-302,Central Depot,N-Bay-1,EQ-1557,Pump,2126.12,High
EVT-0001289,WO-2026-00148,Repair Completed,2026-04-14 15:13:00,2026-04-14 16:00:00,T-302,Central Depot,N-Bay-1,EQ-1557,Pump,914.33,
EVT-0001290,WO-2026-00148,Tested,2026-04-14 17:50:00,2026-04-14 20:30:00,T-302,Central Depot,N-Bay-1,EQ-1557,Pump,1648.61,
EVT-0001291,WO-2026-00148,Returned to Service,2026-04-14 19:54:00,2026-04-14 20:29:00,T-302,Central Depot,N-Bay-1,EQ-1557,Pump,,Medium
EVT-0001292,WO-2026-00149,Fault Reported,2026-02-03 22:35:00,2026-02-04 00:07:00,T-102,North Depot,S-Bay-1,EQ-1792,Generator,,Low
EVT-0001293,WO-2026-00149,Triaged,2026-02-04 00:42:00,2026-02-04 03:13:00,T-102,North Depot,S-Bay-1,EQ-1792,Generator,1813.60,Medium
EVT-0001294,WO-2026-00149,Escalated to Specialist,2026-02-04 03:52:00,2026-02-04 05:20:00,T-102,North Depot,S-Bay-1,EQ-1792,Generator,322.87,Low
EVT-0001295,WO-2026-00149,Parts Ordered,2026-02-05 10:52:00,2026-02-05 11:50:00,T-102,North Depot,S-Bay-1,EQ-1792,Generator,1128.08,Medium
EVT-0001296,WO-2026-00149,Parts Received,2026-02-05 11:45:00,2026-02-05 12:58:00,T-102,North Depot,S-Bay-1,EQ-1792,Generator,1455.55,Low
EVT-0001297,WO-2026-00149,Repair Started,2026-02-05 15:45:00,2026-02-05 16:37:00,T-202,Central Depot,S-Bay-1,EQ-1792,Generator,500.14,High
EVT-0001298,WO-2026-00149,Repair Completed,2026-02-06 03:45:00,2026-02-06 04:18:00,T-202,Central Depot,S-Bay-1,EQ-1792,Generator,1288.61,Low
EVT-0001299,WO-2026-00149,Tested,2026-02-06 05:31:00,2026-02-06 06:09:00,T-202,Central Depot,S-Bay-1,EQ-1792,Generator,2298.06,
EVT-0001300,WO-2026-00149,Returned to Service,2026-02-06 08:42:00,2026-02-06 10:19:00,T-202,Central Depot,S-Bay-1,EQ-1792,Generator,1554.61,
,WO-2026-00150,Fault Reported,2026-03-30 23:10:00,2026-03-31 00:16:00,T-302,South Depot,S-Field,EQ-1665,Generator,2366.22,High
,WO-2026-00150,Triaged,2026-03-31 00:42:00,2026-03-31 02:58:00,T-302,South Depot,S-Field,EQ-1665,Generator,1401.85,
EVT-0001303,WO-2026-00150,Parts Ordered,2026-04-03 15:42:00,2026-04-03 17:46:00,T-302,Central Depot,S-Field,EQ-1665,Generator,1233.90,High
EVT-0001304,WO-2026-00150,Parts Received,2026-04-03 17:48:00,2026-04-03 19:07:00,T-302,Central Depot,S-Field,EQ-1665,Generator,,Medium
EVT-0001305,WO-2026-00150,Repair Started,2026-04-03 18:48:00,2026-04-03 20:21:00,T-302,Central Depot,S-Field,EQ-1665,Generator,732.61,
EVT-0001306,WO-2026-00150,Repair Completed,2026-04-04 05:48:00,2026-04-04 08:29:00,T-302,Central Depot,S-Field,EQ-1665,Generator,,
EVT-0001307,WO-2026-00150,Tested,2026-04-04 06:24:00,2026-04-04 06:31:00,T-302,Central Depot,S-Field,EQ-1665,Generator,2084.63,
EVT-0001308,WO-2026-00150,Returned to Service,2026-04-04 07:43:00,2026-04-04 10:07:00,T-302,Central Depot,S-Field,EQ-1665,Generator,1742.16,High
,WO-2026-00151,Fault Reported,2026-02-16 15:46:00,2026-02-16 18:46:00,T-301,South Depot,N-Field,EQ-1399,Valve Assembly,487.79,Low
,WO-2026-00151,Triaged,2026-02-16 18:16:00,2026-02-16 21:11:00,T-301,South Depot,N-Field,EQ-1399,Valve Assembly,1471.86,Medium
,WO-2026-00151,Parts Ordered,2026-02-18 10:16:00,2026-02-18 11:55:00,T-301,South Depot,N-Field,EQ-1399,Valve Assembly,1472.09,Low
,WO-2026-00151,Parts Received,2026-02-18 11:09:00,2026-02-18 13:15:00,T-301,South Depot,N-Field,EQ-1399,Valve Assembly,2445.36,Low
,WO-2026-00151,Repair Started,2026-02-18 14:09:00,2026-02-18 15:28:00,T-301,South Depot,N-Field,EQ-1399,Valve Assembly,334.67,High
,WO-2026-00151,Repair Completed,2026-02-18 20:09:00,2026-02-18 21:28:00,T-301,South Depot,N-Field,EQ-1399,Valve Assembly,1537.32,High
,WO-2026-00151,Tested,2026-02-18 20:44:00,2026-02-18 22:23:00,T-301,South Depot,N-Field,EQ-1399,Valve Assembly,,High
,WO-2026-00151,Repair Started,2026-02-19 06:44:00,2026-02-19 06:49:00,T-301,South Depot,N-Field,EQ-1399,Valve Assembly,254.97,High
,WO-2026-00151,Repair Completed,2026-02-19 08:44:00,2026-02-19 10:02:00,T-301,South Depot,N-Field,EQ-1399,Valve Assembly,1309.70,Low
,WO-2026-00151,Tested,2026-02-19 11:44:00,2026-02-19 12:15:00,T-301,South Depot,N-Field,EQ-1399,Valve Assembly,,Low
,WO-2026-00151,Returned to Service,2026-02-19 12:12:00,2026-02-19 14:30:00,T-301,South Depot,N-Field,EQ-1399,Valve Assembly,1594.47,
,WO-2026-00152,Fault Reported,2026-02-14 19:17:00,2026-02-14 21:33:00,T-301,South Depot,S-Field,EQ-1767,Compressor,,High
,WO-2026-00152,Triaged,2026-02-14 20:52:00,2026-02-14 21:39:00,T-302,South Depot,S-Field,EQ-1767,Compressor,388.60,Low
,WO-2026-00152,Parts Ordered,2026-02-16 02:52:00,2026-02-16 04:07:00,T-302,South Depot,S-Field,EQ-1767,Compressor,2058.25,Medium
,WO-2026-00152,Parts Received,2026-02-16 05:12:00,2026-02-16 07:21:00,T-302,South Depot,S-Field,EQ-1767,Compressor,2436.48,Low
,WO-2026-00152,Repair Started,2026-02-16 11:12:00,2026-02-16 11:36:00,T-302,South Depot,S-Field,EQ-1767,Compressor,1297.13,
,WO-2026-00152,Repair Completed,2026-02-16 19:12:00,2026-02-16 19:47:00,T-302,South Depot,S-Field,EQ-1767,Compressor,615.99,High
,WO-2026-00152,Tested,2026-02-16 20:56:00,2026-02-16 22:24:00,T-302,South Depot,S-Field,EQ-1767,Compressor,1121.86,High
,WO-2026-00152,Returned to Service,2026-02-16 22:23:00,2026-02-17 00:39:00,T-302,South Depot,S-Field,EQ-1767,Compressor,52.53,Medium
,WO-2026-00153,Fault Reported,2026-01-29 14:29:00,2026-01-29 15:45:00,T-301,South Depot,S-Field,EQ-1069,Pump,,Low
,WO-2026-00153,Triaged,2026-01-29 14:34:00,2026-01-29 16:42:00,T-301,South Depot,S-Field,EQ-1069,Pump,413.35,Low
,WO-2026-00153,Parts Ordered,2026-01-29 14:34:00,2026-01-29 17:16:00,T-301,South Depot,S-Field,EQ-1069,Pump,1166.39,Low
,WO-2026-00153,Parts Received,2026-01-29 16:28:00,2026-01-29 17:08:00,T-301,South Depot,S-Field,EQ-1069,Pump,1955.91,High
,WO-2026-00153,Repair Started,2026-01-29 21:28:00,2026-01-29 23:59:00,T-301,South Depot,S-Field,EQ-1069,Pump,2574.80,Medium
,WO-2026-00153,Repair Completed,2026-01-30 05:28:00,2026-01-30 05:57:00,T-301,South Depot,S-Field,EQ-1069,Pump,2285.74,High
,WO-2026-00153,Tested,2026-01-30 06:24:00,2026-01-30 08:24:00,T-301,South Depot,S-Field,EQ-1069,Pump,718.13,
,WO-2026-00153,Repair Started,2026-01-30 16:24:00,2026-01-30 18:22:00,T-301,South Depot,S-Field,EQ-1069,Pump,403.51,Low
,WO-2026-00153,Repair Completed,2026-01-31 03:24:00,2026-01-31 04:27:00,T-301,South Depot,S-Field,EQ-1069,Pump,336.77,
EVT-0001337,WO-2026-00153,Tested,2026-01-31 07:03:00,2026-01-31 09:40:00,T-101,North Depot,S-Field,EQ-1069,Pump,1029.35,Low
EVT-0001338,WO-2026-00153,Returned to Service,2026-01-31 07:51:00,2026-01-31 09:58:00,T-101,North Depot,S-Field,EQ-1069,Pump,1130.55,Medium
EVT-0001339,WO-2026-00154,Fault Reported,2026-04-19 08:52:00,2026-04-19 10:20:00,T-302,Central Depot,C-Field,EQ-1101,Compressor,1812.53,Medium
EVT-0001340,WO-2026-00154,Triaged,2026-04-19 11:43:00,2026-04-19 14:13:00,T-302,Central Depot,C-Field,EQ-1101,Compressor,1171.85,Low
EVT-0001341,WO-2026-00154,Repair Started,2026-04-19 20:43:00,2026-04-19 22:59:00,T-102,North Depot,C-Field,EQ-1101,Compressor,,High
EVT-0001342,WO-2026-00154,Repair Completed,2026-04-20 03:43:00,2026-04-20 04:26:00,T-102,North Depot,C-Field,EQ-1101,Compressor,1787.32,
EVT-0001343,WO-2026-00154,Tested,2026-04-20 03:51:00,2026-04-20 06:02:00,T-101,North Depot,C-Field,EQ-1101,Compressor,864.56,
EVT-0001344,WO-2026-00154,Returned to Service,2026-04-20 07:30:00,2026-04-20 09:15:00,T-101,North Depot,C-Field,EQ-1101,Compressor,2026.87,Low
EVT-0001345,WO-2026-00155,Fault Reported,2026-03-03 09:49:00,2026-03-03 11:39:00,T-201,Central Depot,N-Field,EQ-1998,Pump,2049.68,
EVT-0001346,WO-2026-00155,Triaged,2026-03-03 11:18:00,2026-03-03 14:18:00,T-201,Central Depot,N-Field,EQ-1998,Pump,,High
EVT-0001347,WO-2026-00155,Parts Ordered,2026-03-07 08:18:00,2026-03-07 09:20:00,T-201,Central Depot,N-Field,EQ-1998,Pump,1922.50,
EVT-0001348,WO-2026-00155,Parts Received,2026-03-07 11:51:00,2026-03-07 14:36:00,T-201,Central Depot,N-Field,EQ-1998,Pump,1485.90,Medium
EVT-0001349,WO-2026-00155,Repair Started,2026-03-07 19:51:00,2026-03-07 21:06:00,T-201,Central Depot,N-Field,EQ-1998,Pump,821.45,High
EVT-0001350,WO-2026-00155,Repair Completed,2026-03-08 06:51:00,2026-03-08 09:19:00,T-201,Central Depot,N-Field,EQ-1998,Pump,1108.97,Low
EVT-0001351,WO-2026-00155,Tested,2026-03-08 07:58:00,2026-03-08 10:50:00,T-201,Central Depot,N-Field,EQ-1998,Pump,42.31,
EVT-0001352,WO-2026-00155,Returned to Service,2026-03-08 09:56:00,2026-03-08 10:13:00,T-201,Central Depot,N-Field,EQ-1998,Pump,2155.44,
,WO-2026-00156,Fault Reported,2026-03-26 00:51:00,2026-03-26 03:05:00,T-302,South Depot,S-Field,EQ-1314,Compressor,784.99,
,WO-2026-00156,Triaged,2026-03-26 03:41:00,2026-03-26 04:16:00,T-302,South Depot,S-Field,EQ-1314,Compressor,1049.06,Low
,WO-2026-00156,Parts Ordered,2026-03-29 15:41:00,2026-03-29 16:43:00,T-302,South Depot,S-Field,EQ-1314,Compressor,424.37,Low
,WO-2026-00156,Parts Received,2026-03-29 16:35:00,2026-03-29 17:24:00,T-302,South Depot,S-Field,EQ-1314,Compressor,1952.86,Low
,WO-2026-00156,Repair Started,2026-03-30 01:35:00,2026-03-30 02:15:00,T-302,South Depot,S-Field,EQ-1314,Compressor,2270.57,
,WO-2026-00156,Repair Completed,2026-03-30 13:35:00,2026-03-30 14:22:00,T-302,South Depot,S-Field,EQ-1314,Compressor,2380.08,
,WO-2026-00156,Tested,2026-03-30 16:54:00,2026-03-30 17:10:00,T-302,South Depot,S-Field,EQ-1314,Compressor,,High
,WO-2026-00156,Returned to Service,2026-03-30 18:05:00,2026-03-30 20:55:00,T-302,South Depot,S-Field,EQ-1314,Compressor,2272.89,
,WO-2026-00157,Fault Reported,2026-03-11 10:05:00,2026-03-11 10:20:00,T-302,South Depot,C-Bay-2,EQ-1462,Pump,635.85,Medium
EVT-0001362,WO-2026-00157,Triaged,2026-03-11 12:39:00,2026-03-11 13:38:00,T-101,North Depot,C-Bay-2,EQ-1462,Pump,1943.42,Medium
EVT-0001363,WO-2026-00157,Escalated to Specialist,2026-03-11 15:13:00,2026-03-11 16:07:00,T-101,North Depot,C-Bay-2,EQ-1462,Pump,1888.90,Low
EVT-0001364,WO-2026-00157,Parts Ordered,2026-03-14 17:13:00,2026-03-14 19:52:00,T-101,North Depot,C-Bay-2,EQ-1462,Pump,,Medium
EVT-0001365,WO-2026-00157,Parts Received,2026-03-14 20:13:00,2026-03-14 22:57:00,T-101,North Depot,C-Bay-2,EQ-1462,Pump,1321.82,
EVT-0001366,WO-2026-00157,Repair Started,2026-03-15 08:13:00,2026-03-15 10:17:00,T-101,North Depot,C-Bay-2,EQ-1462,Pump,534.07,Low
EVT-0001367,WO-2026-00157,Repair Completed,2026-03-15 16:13:00,2026-03-15 17:42:00,T-101,North Depot,C-Bay-2,EQ-1462,Pump,905.07,
,WO-2026-00157,Tested,2026-03-15 16:24:00,2026-03-15 19:06:00,T-302,South Depot,C-Bay-2,EQ-1462,Pump,,High
,WO-2026-00157,Returned to Service,2026-03-15 19:40:00,2026-03-15 19:51:00,T-302,South Depot,C-Bay-2,EQ-1462,Pump,2100.35,
EVT-0001370,WO-2026-00158,Fault Reported,2026-03-04 20:26:00,2026-03-04 22:28:00,T-101,North Depot,C-Workshop,EQ-1628,Generator,,
EVT-0001371,WO-2026-00158,Triaged,2026-03-04 23:25:00,2026-03-04 23:41:00,T-102,North Depot,C-Workshop,EQ-1628,Generator,341.37,Low
EVT-0001372,WO-2026-00158,Escalated to Specialist,2026-03-05 02:50:00,2026-03-05 03:54:00,T-102,North Depot,C-Workshop,EQ-1628,Generator,,High
EVT-0001373,WO-2026-00158,Parts Ordered,2026-03-05 20:50:00,2026-03-05 21:56:00,T-102,North Depot,C-Workshop,EQ-1628,Generator,584.71,Low
EVT-0001374,WO-2026-00158,Parts Received,2026-03-06 00:28:00,2026-03-06 00:46:00,T-201,Central Depot,C-Workshop,EQ-1628,Generator,406.98,Low
EVT-0001375,WO-2026-00158,Repair Started,2026-03-06 12:28:00,2026-03-06 13:12:00,T-201,Central Depot,C-Workshop,EQ-1628,Generator,,Low
EVT-0001376,WO-2026-00158,Repair Completed,2026-03-06 18:28:00,2026-03-06 19:04:00,T-201,Central Depot,C-Workshop,EQ-1628,Generator,2423.03,
EVT-0001377,WO-2026-00158,Tested,2026-03-06 19:19:00,2026-03-06 19:33:00,T-201,Central Depot,C-Workshop,EQ-1628,Generator,1244.33,High
EVT-0001378,WO-2026-00158,Returned to Service,2026-03-06 22:37:00,2026-03-06 22:53:00,T-201,Central Depot,C-Workshop,EQ-1628,Generator,1728.93,High
EVT-0001379,WO-2026-00159,Fault Reported,2026-04-11 09:19:00,2026-04-11 10:09:00,T-102,North Depot,C-Field,EQ-1858,Valve Assembly,,High
EVT-0001380,WO-2026-00159,Triaged,2026-04-11 10:59:00,2026-04-11 12:18:00,T-102,North Depot,C-Field,EQ-1858,Valve Assembly,,High
EVT-0001381,WO-2026-00159,Parts Ordered,2026-04-12 06:59:00,2026-04-12 08:42:00,T-102,North Depot,C-Field,EQ-1858,Valve Assembly,2419.89,Low
EVT-0001382,WO-2026-00159,Parts Received,2026-04-12 10:29:00,2026-04-12 12:07:00,T-102,North Depot,C-Field,EQ-1858,Valve Assembly,430.12,
,WO-2026-00159,Repair Started,2026-04-12 22:29:00,2026-04-12 23:59:00,T-301,South Depot,C-Field,EQ-1858,Valve Assembly,519.45,Low
EVT-0001384,WO-2026-00159,Repair Completed,2026-04-13 09:29:00,2026-04-13 09:57:00,T-102,North Depot,C-Field,EQ-1858,Valve Assembly,1945.08,
EVT-0001385,WO-2026-00159,Tested,2026-04-13 13:20:00,2026-04-13 15:07:00,T-102,North Depot,C-Field,EQ-1858,Valve Assembly,2487.24,Low
,WO-2026-00159,Returned to Service,2026-04-13 15:29:00,2026-04-13 17:48:00,T-202,South Depot,C-Field,EQ-1858,Valve Assembly,2401.89,High
EVT-0001387,WO-2026-00160,Fault Reported,2026-02-21 14:36:00,2026-02-21 16:32:00,T-202,Central Depot,C-Workshop,EQ-1389,Valve Assembly,1721.65,High
EVT-0001388,WO-2026-00160,Triaged,2026-02-21 18:18:00,2026-02-21 18:25:00,T-202,Central Depot,C-Workshop,EQ-1389,Valve Assembly,1679.48,
,WO-2026-00160,Parts Ordered,2026-02-25 18:18:00,2026-02-25 20:48:00,T-301,South Depot,C-Workshop,EQ-1389,Valve Assembly,1544.95,
,WO-2026-00160,Parts Received,2026-02-25 20:12:00,2026-02-25 22:25:00,T-301,South Depot,C-Workshop,EQ-1389,Valve Assembly,1560.17,Low
,WO-2026-00160,Repair Started,2026-02-25 22:12:00,2026-02-25 22:26:00,T-301,South Depot,C-Workshop,EQ-1389,Valve Assembly,835.37,
,WO-2026-00160,Repair Completed,2026-02-26 03:12:00,2026-02-26 05:02:00,T-301,South Depot,C-Workshop,EQ-1389,Valve Assembly,683.33,Medium
,WO-2026-00160,Tested,2026-02-26 03:35:00,2026-02-26 05:59:00,T-301,South Depot,C-Workshop,EQ-1389,Valve Assembly,2364.31,Medium
,WO-2026-00160,Repair Started,2026-02-26 11:35:00,2026-02-26 12:30:00,T-301,South Depot,C-Workshop,EQ-1389,Valve Assembly,301.04,
,WO-2026-00160,Repair Completed,2026-02-26 23:35:00,2026-02-27 00:20:00,T-301,South Depot,C-Workshop,EQ-1389,Valve Assembly,627.30,Medium
,WO-2026-00160,Tested,2026-02-27 00:24:00,2026-02-27 01:34:00,T-301,South Depot,C-Workshop,EQ-1389,Valve Assembly,2573.42,Medium
,WO-2026-00160,Returned to Service,2026-02-27 01:37:00,2026-02-27 02:57:00,T-301,South Depot,C-Workshop,EQ-1389,Valve Assembly,861.44,High
EVT-0001398,WO-2026-00161,Fault Reported,2026-05-27 02:01:00,2026-05-27 04:31:00,T-101,North Depot,N-Field,EQ-1730,Compressor,376.21,Low
EVT-0001399,WO-2026-00161,Triaged,2026-05-27 03:53:00,2026-05-27 04:10:00,T-101,North Depot,N-Field,EQ-1730,Compressor,1452.09,Medium
EVT-0001400,WO-2026-00162,Fault Reported,2026-01-10 02:17:00,2026-01-10 05:01:00,T-102,North Depot,S-Field,EQ-1803,Compressor,1366.00,High
EVT-0001401,WO-2026-00162,Triaged,2026-01-10 05:52:00,2026-01-10 08:42:00,T-101,North Depot,S-Field,EQ-1803,Compressor,2477.39,
EVT-0001402,WO-2026-00162,Parts Ordered,2026-01-13 03:52:00,2026-01-13 06:39:00,T-101,North Depot,S-Field,EQ-1803,Compressor,,
EVT-0001403,WO-2026-00162,Parts Received,2026-01-13 06:09:00,2026-01-13 08:24:00,T-101,North Depot,S-Field,EQ-1803,Compressor,,Low
EVT-0001404,WO-2026-00162,Repair Started,2026-01-13 08:09:00,2026-01-13 08:24:00,T-101,North Depot,S-Field,EQ-1803,Compressor,2524.03,Medium
EVT-0001405,WO-2026-00162,Repair Completed,2026-01-13 12:09:00,2026-01-13 12:44:00,T-101,North Depot,S-Field,EQ-1803,Compressor,885.82,High
EVT-0001406,WO-2026-00162,Tested,2026-01-13 15:03:00,2026-01-13 16:42:00,T-201,Central Depot,S-Field,EQ-1803,Compressor,1363.65,
EVT-0001407,WO-2026-00162,Returned to Service,2026-01-13 17:42:00,2026-01-13 18:38:00,T-201,Central Depot,S-Field,EQ-1803,Compressor,,Medium
,WO-2026-00163,Fault Reported,2026-04-21 05:29:00,2026-04-21 05:44:00,T-301,South Depot,N-Field,EQ-1451,Conveyor,,High
EVT-0001409,WO-2026-00163,Triaged,2026-04-21 06:53:00,2026-04-21 09:08:00,T-302,Central Depot,N-Field,EQ-1451,Conveyor,425.98,Medium
,WO-2026-00163,Parts Ordered,2026-04-23 21:53:00,2026-04-23 23:49:00,T-301,South Depot,N-Field,EQ-1451,Conveyor,,
,WO-2026-00163,Parts Received,2026-04-23 22:19:00,2026-04-24 00:54:00,T-301,South Depot,N-Field,EQ-1451,Conveyor,1642.91,
EVT-0001412,WO-2026-00163,Repair Started,2026-04-24 00:19:00,2026-04-24 02:08:00,T-101,North Depot,N-Field,EQ-1451,Conveyor,,High
EVT-0001413,WO-2026-00163,Repair Completed,2026-04-24 02:19:00,2026-04-24 04:44:00,T-101,North Depot,N-Field,EQ-1451,Conveyor,,Low
EVT-0001414,WO-2026-00163,Tested,2026-04-24 03:02:00,2026-04-24 04:27:00,T-101,North Depot,N-Field,EQ-1451,Conveyor,1532.43,
EVT-0001415,WO-2026-00163,Returned to Service,2026-04-24 05:52:00,2026-04-24 08:30:00,T-101,North Depot,N-Field,EQ-1451,Conveyor,2006.09,Medium
EVT-0001416,WO-2026-00164,Fault Reported,2026-02-14 14:21:00,2026-02-14 15:05:00,T-102,North Depot,S-Field,EQ-1818,Conveyor,235.46,High
EVT-0001417,WO-2026-00164,Triaged,2026-02-14 15:46:00,2026-02-14 18:31:00,T-102,North Depot,S-Field,EQ-1818,Conveyor,626.33,Low
EVT-0001418,WO-2026-00164,Parts Ordered,2026-02-16 10:46:00,2026-02-16 10:57:00,T-102,North Depot,S-Field,EQ-1818,Conveyor,1200.69,Low
EVT-0001419,WO-2026-00164,Parts Received,2026-02-16 11:25:00,2026-02-16 11:53:00,T-102,North Depot,S-Field,EQ-1818,Conveyor,1796.26,High
EVT-0001420,WO-2026-00164,Repair Started,2026-02-16 13:25:00,2026-02-16 14:04:00,T-102,North Depot,S-Field,EQ-1818,Conveyor,365.76,High
EVT-0001421,WO-2026-00164,Repair Completed,2026-02-17 00:25:00,2026-02-17 02:23:00,T-102,North Depot,S-Field,EQ-1818,Conveyor,244.82,
EVT-0001422,WO-2026-00164,Tested,2026-02-17 00:48:00,2026-02-17 01:57:00,T-102,North Depot,S-Field,EQ-1818,Conveyor,1181.68,
EVT-0001423,WO-2026-00164,Returned to Service,2026-02-17 04:22:00,2026-02-17 04:42:00,T-102,North Depot,S-Field,EQ-1818,Conveyor,1310.28,Medium
EVT-0001424,WO-2026-00165,Fault Reported,2026-01-09 12:40:00,2026-01-09 14:23:00,T-101,North Depot,N-Bay-1,EQ-1107,Conveyor,,Medium
EVT-0001425,WO-2026-00165,Triaged,2026-01-09 13:30:00,2026-01-09 16:23:00,T-101,North Depot,N-Bay-1,EQ-1107,Conveyor,99.32,
EVT-0001426,WO-2026-00165,Parts Ordered,2026-01-11 19:30:00,2026-01-11 21:25:00,T-101,North Depot,N-Bay-1,EQ-1107,Conveyor,2446.71,
EVT-0001427,WO-2026-00165,Parts Received,2026-01-11 21:50:00,2026-01-11 23:58:00,T-101,North Depot,N-Bay-1,EQ-1107,Conveyor,,
,WO-2026-00165,Repair Started,2026-01-12 07:50:00,2026-01-12 08:13:00,T-302,South Depot,N-Bay-1,EQ-1107,Conveyor,1619.08,
,WO-2026-00165,Repair Completed,2026-01-12 08:50:00,2026-01-12 11:27:00,T-302,South Depot,N-Bay-1,EQ-1107,Conveyor,211.76,Low
,WO-2026-00165,Tested,2026-01-12 10:23:00,2026-01-12 11:34:00,T-302,South Depot,N-Bay-1,EQ-1107,Conveyor,,Medium
,WO-2026-00165,Repair Started,2026-01-12 15:23:00,2026-01-12 16:49:00,T-302,South Depot,N-Bay-1,EQ-1107,Conveyor,484.17,High
EVT-0001432,WO-2026-00165,Repair Completed,2026-01-12 19:23:00,2026-01-12 19:35:00,T-102,North Depot,N-Bay-1,EQ-1107,Conveyor,1663.33,Medium
EVT-0001433,WO-2026-00165,Tested,2026-01-12 22:20:00,2026-01-13 00:30:00,T-202,Central Depot,N-Bay-1,EQ-1107,Conveyor,356.62,Medium
,WO-2026-00165,Returned to Service,2026-01-12 23:39:00,2026-01-13 01:47:00,T-302,South Depot,N-Bay-1,EQ-1107,Conveyor,1218.34,
,WO-2026-00166,Fault Reported,2026-05-11 20:02:00,2026-05-11 22:18:00,T-202,South Depot,C-Field,EQ-1909,Compressor,,Low
,WO-2026-00166,Triaged,2026-05-11 21:15:00,2026-05-11 22:16:00,T-202,South Depot,C-Field,EQ-1909,Compressor,2092.27,Low
,WO-2026-00166,Repair Started,2026-05-12 04:15:00,2026-05-12 04:44:00,T-202,South Depot,C-Field,EQ-1909,Compressor,1274.08,Low
,WO-2026-00166,Repair Completed,2026-05-12 11:15:00,2026-05-12 13:09:00,T-202,South Depot,C-Field,EQ-1909,Compressor,591.30,
,WO-2026-00166,Tested,2026-05-12 11:21:00,2026-05-12 13:13:00,T-202,South Depot,C-Field,EQ-1909,Compressor,185.61,
,WO-2026-00166,Returned to Service,2026-05-12 12:29:00,2026-05-12 13:40:00,T-202,South Depot,C-Field,EQ-1909,Compressor,621.70,Medium
EVT-0001441,WO-2026-00167,Fault Reported,2026-02-12 12:12:00,2026-02-12 15:04:00,T-201,Central Depot,N-Field,EQ-1620,Compressor,636.22,Medium
EVT-0001442,WO-2026-00167,Triaged,2026-02-12 16:09:00,2026-02-12 18:53:00,T-201,Central Depot,N-Field,EQ-1620,Compressor,530.53,Medium
EVT-0001443,WO-2026-00167,Parts Ordered,2026-02-13 11:09:00,2026-02-13 12:06:00,T-201,Central Depot,N-Field,EQ-1620,Compressor,1401.40,
EVT-0001444,WO-2026-00167,Parts Received,2026-02-13 14:48:00,2026-02-13 17:30:00,T-201,Central Depot,N-Field,EQ-1620,Compressor,1406.79,
EVT-0001445,WO-2026-00167,Repair Started,2026-02-13 17:48:00,2026-02-13 19:43:00,T-201,Central Depot,N-Field,EQ-1620,Compressor,2051.75,
EVT-0001446,WO-2026-00167,Repair Completed,2026-02-14 04:48:00,2026-02-14 07:19:00,T-201,Central Depot,N-Field,EQ-1620,Compressor,148.03,Low
EVT-0001447,WO-2026-00167,Tested,2026-02-14 05:57:00,2026-02-14 08:18:00,T-201,Central Depot,N-Field,EQ-1620,Compressor,1352.61,Low
EVT-0001448,WO-2026-00167,Returned to Service,2026-02-14 07:29:00,2026-02-14 08:58:00,T-201,Central Depot,N-Field,EQ-1620,Compressor,2256.57,Low
,WO-2026-00168,Fault Reported,2026-05-28 16:55:00,2026-05-28 19:21:00,T-301,South Depot,N-Bay-2,EQ-1412,Valve Assembly,2051.24,High
,WO-2026-00168,Triaged,2026-05-28 19:42:00,2026-05-28 21:51:00,T-301,South Depot,N-Bay-2,EQ-1412,Valve Assembly,,
EVT-0001451,WO-2026-00169,Fault Reported,2026-02-22 12:59:00,2026-02-22 13:57:00,T-102,North Depot,S-Bay-1,EQ-1809,Generator,2535.91,High
EVT-0001452,WO-2026-00169,Triaged,2026-02-22 16:43:00,2026-02-22 19:18:00,T-102,North Depot,S-Bay-1,EQ-1809,Generator,84.27,Medium
EVT-0001453,WO-2026-00169,Parts Ordered,2026-02-24 14:43:00,2026-02-24 15:36:00,T-102,North Depot,S-Bay-1,EQ-1809,Generator,848.98,High
EVT-0001454,WO-2026-00169,Parts Received,2026-02-24 15:18:00,2026-02-24 16:27:00,T-102,North Depot,S-Bay-1,EQ-1809,Generator,1787.11,
EVT-0001455,WO-2026-00169,Repair Started,2026-02-25 02:18:00,2026-02-25 03:59:00,T-102,North Depot,S-Bay-1,EQ-1809,Generator,,Low
EVT-0001456,WO-2026-00169,Repair Completed,2026-02-25 08:18:00,2026-02-25 10:10:00,T-102,North Depot,S-Bay-1,EQ-1809,Generator,1773.81,
EVT-0001457,WO-2026-00169,Tested,2026-02-25 11:18:00,2026-02-25 12:33:00,T-102,North Depot,S-Bay-1,EQ-1809,Generator,1090.15,Low
EVT-0001458,WO-2026-00169,Repair Started,2026-02-25 21:18:00,2026-02-25 23:47:00,T-102,North Depot,S-Bay-1,EQ-1809,Generator,465.29,Medium
EVT-0001459,WO-2026-00169,Repair Completed,2026-02-26 03:18:00,2026-02-26 03:43:00,T-102,North Depot,S-Bay-1,EQ-1809,Generator,2392.83,Medium
EVT-0001460,WO-2026-00169,Tested,2026-02-26 06:22:00,2026-02-26 08:03:00,T-102,North Depot,S-Bay-1,EQ-1809,Generator,1995.33,High
EVT-0001461,WO-2026-00169,Returned to Service,2026-02-26 09:01:00,2026-02-26 09:09:00,T-102,North Depot,S-Bay-1,EQ-1809,Generator,147.15,Medium
,WO-2026-00170,Fault Reported,2026-04-11 06:42:00,2026-04-11 08:25:00,T-301,South Depot,S-Field,EQ-1824,Compressor,1748.70,High
,WO-2026-00170,Triaged,2026-04-11 09:05:00,2026-04-11 09:58:00,T-301,South Depot,S-Field,EQ-1824,Compressor,1333.66,Medium
,WO-2026-00170,Parts Ordered,2026-04-11 09:05:00,2026-04-11 10:57:00,T-301,South Depot,S-Field,EQ-1824,Compressor,1981.63,
,WO-2026-00170,Parts Received,2026-04-11 10:51:00,2026-04-11 11:18:00,T-301,South Depot,S-Field,EQ-1824,Compressor,764.48,High
,WO-2026-00170,Repair Started,2026-04-11 12:51:00,2026-04-11 15:39:00,T-301,South Depot,S-Field,EQ-1824,Compressor,1481.06,High
,WO-2026-00170,Repair Completed,2026-04-12 00:51:00,2026-04-12 02:34:00,T-301,South Depot,S-Field,EQ-1824,Compressor,1048.52,Low
EVT-0001468,WO-2026-00170,Tested,2026-04-12 01:49:00,2026-04-12 02:32:00,T-101,North Depot,S-Field,EQ-1824,Compressor,109.98,
EVT-0001469,WO-2026-00170,Returned to Service,2026-04-12 04:08:00,2026-04-12 04:29:00,T-101,North Depot,S-Field,EQ-1824,Compressor,1422.41,Medium
EVT-0001470,WO-2026-00171,Fault Reported,2026-04-13 11:29:00,2026-04-13 12:56:00,T-201,Central Depot,S-Field,EQ-1771,Conveyor,1945.24,
,WO-2026-00171,Triaged,2026-04-13 15:00:00,2026-04-13 16:09:00,T-301,South Depot,S-Field,EQ-1771,Conveyor,1838.66,Medium
,WO-2026-00171,Parts Ordered,2026-04-16 06:00:00,2026-04-16 06:30:00,T-301,South Depot,S-Field,EQ-1771,Conveyor,842.74,
,WO-2026-00171,Parts Received,2026-04-16 09:36:00,2026-04-16 12:32:00,T-301,South Depot,S-Field,EQ-1771,Conveyor,2137.51,
,WO-2026-00171,Repair Started,2026-04-16 21:36:00,2026-04-16 22:25:00,T-301,South Depot,S-Field,EQ-1771,Conveyor,700.71,
,WO-2026-00171,Repair Completed,2026-04-17 02:36:00,2026-04-17 03:31:00,T-301,South Depot,S-Field,EQ-1771,Conveyor,,Low
,WO-2026-00171,Tested,2026-04-17 06:24:00,2026-04-17 09:01:00,T-202,South Depot,S-Field,EQ-1771,Conveyor,1911.62,Medium
,WO-2026-00171,Returned to Service,2026-04-17 07:50:00,2026-04-17 10:25:00,T-202,South Depot,S-Field,EQ-1771,Conveyor,538.88,Medium
EVT-0001478,WO-2026-00172,Fault Reported,2026-04-15 03:56:00,2026-04-15 05:17:00,T-102,North Depot,S-Bay-1,EQ-1106,Conveyor,,Medium
EVT-0001479,WO-2026-00172,Triaged,2026-04-15 06:56:00,2026-04-15 08:00:00,T-102,North Depot,S-Bay-1,EQ-1106,Conveyor,866.76,Medium
EVT-0001480,WO-2026-00172,Repair Started,2026-04-15 11:56:00,2026-04-15 14:21:00,T-201,Central Depot,S-Bay-1,EQ-1106,Conveyor,2487.37,High
EVT-0001481,WO-2026-00172,Repair Completed,2026-04-15 17:56:00,2026-04-15 19:49:00,T-102,North Depot,S-Bay-1,EQ-1106,Conveyor,2483.71,
EVT-0001482,WO-2026-00172,Tested,2026-04-15 18:41:00,2026-04-15 19:23:00,T-102,North Depot,S-Bay-1,EQ-1106,Conveyor,1200.99,Low
EVT-0001483,WO-2026-00172,Returned to Service,2026-04-15 20:51:00,2026-04-15 21:20:00,T-102,North Depot,S-Bay-1,EQ-1106,Conveyor,,Low
EVT-0001484,WO-2026-00173,Fault Reported,2026-04-14 12:49:00,2026-04-14 14:36:00,T-302,Central Depot,N-Bay-1,EQ-1731,Pump,,High
EVT-0001485,WO-2026-00173,Triaged,2026-04-14 15:53:00,2026-04-14 16:53:00,T-302,Central Depot,N-Bay-1,EQ-1731,Pump,1864.55,High
EVT-0001486,WO-2026-00173,Parts Ordered,2026-04-15 23:53:00,2026-04-16 01:18:00,T-302,Central Depot,N-Bay-1,EQ-1731,Pump,2447.19,Medium
EVT-0001487,WO-2026-00173,Parts Received,2026-04-16 01:57:00,2026-04-16 04:07:00,T-302,Central Depot,N-Bay-1,EQ-1731,Pump,,Low
EVT-0001488,WO-2026-00173,Repair Started,2026-04-16 13:57:00,2026-04-16 16:30:00,T-302,Central Depot,N-Bay-1,EQ-1731,Pump,632.19,
EVT-0001489,WO-2026-00173,Repair Completed,2026-04-16 16:57:00,2026-04-16 19:43:00,T-302,Central Depot,N-Bay-1,EQ-1731,Pump,207.85,Low
EVT-0001490,WO-2026-00173,Tested,2026-04-16 20:24:00,2026-04-16 22:26:00,T-302,Central Depot,N-Bay-1,EQ-1731,Pump,1604.34,Low
EVT-0001491,WO-2026-00173,Returned to Service,2026-04-16 22:33:00,2026-04-17 00:19:00,T-302,Central Depot,N-Bay-1,EQ-1731,Pump,667.01,High
,WO-2026-00174,Fault Reported,2026-02-01 13:07:00,2026-02-01 16:01:00,T-302,South Depot,C-Bay-2,EQ-1312,Generator,2104.74,Medium
,WO-2026-00174,Triaged,2026-02-01 13:28:00,2026-02-01 15:43:00,T-301,South Depot,C-Bay-2,EQ-1312,Generator,72.51,
,WO-2026-00174,Parts Ordered,2026-02-03 01:28:00,2026-02-03 03:28:00,T-301,South Depot,C-Bay-2,EQ-1312,Generator,791.90,
,WO-2026-00174,Parts Received,2026-02-03 01:48:00,2026-02-03 03:59:00,T-301,South Depot,C-Bay-2,EQ-1312,Generator,2575.52,High
,WO-2026-00174,Repair Started,2026-02-03 02:48:00,2026-02-03 03:11:00,T-301,South Depot,C-Bay-2,EQ-1312,Generator,1352.50,Medium
,WO-2026-00174,Repair Completed,2026-02-03 13:48:00,2026-02-03 16:11:00,T-301,South Depot,C-Bay-2,EQ-1312,Generator,2006.60,Medium
,WO-2026-00174,Tested,2026-02-03 15:41:00,2026-02-03 18:28:00,T-301,South Depot,C-Bay-2,EQ-1312,Generator,470.47,
,WO-2026-00174,Returned to Service,2026-02-03 17:06:00,2026-02-03 17:58:00,T-301,South Depot,C-Bay-2,EQ-1312,Generator,2447.47,High
EVT-0001500,WO-2026-00175,Fault Reported,2026-02-18 18:39:00,2026-02-18 21:23:00,T-102,North Depot,N-Bay-1,EQ-1782,Compressor,549.53,
EVT-0001501,WO-2026-00175,Triaged,2026-02-18 21:11:00,2026-02-18 23:19:00,T-201,Central Depot,N-Bay-1,EQ-1782,Compressor,1038.06,
EVT-0001502,WO-2026-00175,Parts Ordered,2026-02-21 01:11:00,2026-02-21 03:47:00,T-201,Central Depot,N-Bay-1,EQ-1782,Compressor,,Medium
EVT-0001503,WO-2026-00175,Parts Received,2026-02-21 04:38:00,2026-02-21 04:57:00,T-201,Central Depot,N-Bay-1,EQ-1782,Compressor,,Medium
EVT-0001504,WO-2026-00175,Repair Started,2026-02-21 09:38:00,2026-02-21 10:54:00,T-201,Central Depot,N-Bay-1,EQ-1782,Compressor,,High
EVT-0001505,WO-2026-00175,Repair Completed,2026-02-21 16:38:00,2026-02-21 19:26:00,T-201,Central Depot,N-Bay-1,EQ-1782,Compressor,,High
EVT-0001506,WO-2026-00175,Tested,2026-02-21 17:29:00,2026-02-21 17:58:00,T-201,Central Depot,N-Bay-1,EQ-1782,Compressor,2413.68,
EVT-0001507,WO-2026-00175,Returned to Service,2026-02-21 21:29:00,2026-02-22 00:29:00,T-201,Central Depot,N-Bay-1,EQ-1782,Compressor,2045.22,High
EVT-0001508,WO-2026-00176,Fault Reported,2026-02-06 05:17:00,2026-02-06 05:31:00,T-201,Central Depot,C-Field,EQ-1196,Conveyor,476.86,Low
EVT-0001509,WO-2026-00176,Triaged,2026-02-06 08:42:00,2026-02-06 11:20:00,T-201,Central Depot,C-Field,EQ-1196,Conveyor,2038.77,Low
EVT-0001510,WO-2026-00176,Parts Ordered,2026-02-09 09:42:00,2026-02-09 10:46:00,T-101,North Depot,C-Field,EQ-1196,Conveyor,2376.51,High
EVT-0001511,WO-2026-00176,Parts Received,2026-02-09 13:31:00,2026-02-09 15:59:00,T-101,North Depot,C-Field,EQ-1196,Conveyor,1086.08,Medium
EVT-0001512,WO-2026-00176,Repair Started,2026-02-09 15:31:00,2026-02-09 15:54:00,T-101,North Depot,C-Field,EQ-1196,Conveyor,2427.11,High
EVT-0001513,WO-2026-00176,Repair Completed,2026-02-10 01:31:00,2026-02-10 03:44:00,T-101,North Depot,C-Field,EQ-1196,Conveyor,,High
EVT-0001514,WO-2026-00176,Tested,2026-02-10 03:26:00,2026-02-10 05:19:00,T-101,North Depot,C-Field,EQ-1196,Conveyor,2227.60,Medium
EVT-0001515,WO-2026-00176,Returned to Service,2026-02-10 04:35:00,2026-02-10 05:01:00,T-101,North Depot,C-Field,EQ-1196,Conveyor,1103.32,Low
EVT-0001516,WO-2026-00177,Fault Reported,2026-02-20 21:18:00,2026-02-20 21:47:00,T-201,Central Depot,N-Bay-2,EQ-1775,Conveyor,194.12,
EVT-0001517,WO-2026-00177,Triaged,2026-02-20 23:48:00,2026-02-21 02:12:00,T-201,Central Depot,N-Bay-2,EQ-1775,Conveyor,,Medium
EVT-0001518,WO-2026-00177,Parts Ordered,2026-02-22 07:48:00,2026-02-22 07:54:00,T-201,Central Depot,N-Bay-2,EQ-1775,Conveyor,1213.71,Medium
EVT-0001519,WO-2026-00177,Parts Received,2026-02-22 10:46:00,2026-02-22 12:19:00,T-102,North Depot,N-Bay-2,EQ-1775,Conveyor,1392.31,High
EVT-0001520,WO-2026-00177,Repair Started,2026-02-22 12:46:00,2026-02-22 15:26:00,T-102,North Depot,N-Bay-2,EQ-1775,Conveyor,696.51,
EVT-0001521,WO-2026-00177,Repair Completed,2026-02-22 21:46:00,2026-02-22 23:07:00,T-202,Central Depot,N-Bay-2,EQ-1775,Conveyor,,Medium
,WO-2026-00177,Tested,2026-02-23 00:01:00,2026-02-23 00:41:00,T-302,South Depot,N-Bay-2,EQ-1775,Conveyor,2280.19,High
,WO-2026-00177,Returned to Service,2026-02-23 03:43:00,2026-02-23 05:36:00,T-302,South Depot,N-Bay-2,EQ-1775,Conveyor,1585.10,Low
EVT-0001524,WO-2026-00178,Fault Reported,2026-05-15 21:45:00,2026-05-16 00:34:00,T-201,Central Depot,N-Bay-1,EQ-1844,Generator,2479.00,High
,WO-2026-00178,Triaged,2026-05-15 22:40:00,2026-05-15 23:33:00,T-202,South Depot,N-Bay-1,EQ-1844,Generator,1661.43,
,WO-2026-00178,Parts Ordered,2026-05-18 08:40:00,2026-05-18 11:03:00,T-202,South Depot,N-Bay-1,EQ-1844,Generator,,
,WO-2026-00178,Parts Received,2026-05-18 11:37:00,2026-05-18 12:33:00,T-202,South Depot,N-Bay-1,EQ-1844,Generator,1023.76,High
,WO-2026-00178,Repair Started,2026-05-18 17:37:00,2026-05-18 18:16:00,T-202,South Depot,N-Bay-1,EQ-1844,Generator,1622.22,High
,WO-2026-00178,Repair Completed,2026-05-18 19:37:00,2026-05-18 22:09:00,T-202,South Depot,N-Bay-1,EQ-1844,Generator,507.70,
,WO-2026-00178,Tested,2026-05-18 20:14:00,2026-05-18 20:51:00,T-202,South Depot,N-Bay-1,EQ-1844,Generator,2174.24,Medium
,WO-2026-00178,Returned to Service,2026-05-18 23:19:00,2026-05-19 00:44:00,T-202,South Depot,N-Bay-1,EQ-1844,Generator,2364.34,Low
EVT-0001532,WO-2026-00179,Fault Reported,2026-05-03 05:08:00,2026-05-03 07:54:00,T-302,Central Depot,C-Bay-2,EQ-1253,Valve Assembly,1900.28,High
EVT-0001533,WO-2026-00179,Triaged,2026-05-03 09:06:00,2026-05-03 09:36:00,T-302,Central Depot,C-Bay-2,EQ-1253,Valve Assembly,2506.01,High
EVT-0001534,WO-2026-00179,Parts Ordered,2026-05-04 18:06:00,2026-05-04 19:59:00,T-302,Central Depot,C-Bay-2,EQ-1253,Valve Assembly,1040.43,Medium
EVT-0001535,WO-2026-00179,Parts Received,2026-05-04 20:48:00,2026-05-04 22:59:00,T-302,Central Depot,C-Bay-2,EQ-1253,Valve Assembly,2291.80,Medium
EVT-0001536,WO-2026-00179,Repair Started,2026-05-04 21:48:00,2026-05-04 23:52:00,T-302,Central Depot,C-Bay-2,EQ-1253,Valve Assembly,2331.93,High
EVT-0001537,WO-2026-00179,Repair Completed,2026-05-05 08:48:00,2026-05-05 09:58:00,T-302,Central Depot,C-Bay-2,EQ-1253,Valve Assembly,2129.36,Low
EVT-0001538,WO-2026-00179,Tested,2026-05-05 09:39:00,2026-05-05 10:15:00,T-302,Central Depot,C-Bay-2,EQ-1253,Valve Assembly,843.89,High
EVT-0001539,WO-2026-00179,Returned to Service,2026-05-05 10:24:00,2026-05-05 12:00:00,T-302,Central Depot,C-Bay-2,EQ-1253,Valve Assembly,1934.51,Low
EVT-0001540,WO-2026-00180,Fault Reported,2026-01-29 23:44:00,2026-01-30 00:08:00,T-101,North Depot,N-Field,EQ-1144,Conveyor,2020.24,
EVT-0001541,WO-2026-00180,Triaged,2026-01-30 00:00:00,2026-01-30 02:42:00,T-101,North Depot,N-Field,EQ-1144,Conveyor,1753.08,Medium
EVT-0001542,WO-2026-00180,Parts Ordered,2026-02-01 14:00:00,2026-02-01 14:23:00,T-101,North Depot,N-Field,EQ-1144,Conveyor,,Low
EVT-0001543,WO-2026-00180,Parts Received,2026-02-01 14:49:00,2026-02-01 17:08:00,T-101,North Depot,N-Field,EQ-1144,Conveyor,1365.80,Low
EVT-0001544,WO-2026-00180,Repair Started,2026-02-02 00:49:00,2026-02-02 03:06:00,T-101,North Depot,N-Field,EQ-1144,Conveyor,116.70,
EVT-0001545,WO-2026-00180,Repair Completed,2026-02-02 11:49:00,2026-02-02 12:51:00,T-101,North Depot,N-Field,EQ-1144,Conveyor,1357.36,High
EVT-0001546,WO-2026-00180,Tested,2026-02-02 14:25:00,2026-02-02 16:32:00,T-101,North Depot,N-Field,EQ-1144,Conveyor,2277.05,
EVT-0001547,WO-2026-00180,Returned to Service,2026-02-02 14:33:00,2026-02-02 16:57:00,T-101,North Depot,N-Field,EQ-1144,Conveyor,613.83,
EVT-0001548,WO-2026-00181,Fault Reported,2026-01-20 05:16:00,2026-01-20 05:31:00,T-101,North Depot,N-Bay-2,EQ-1802,Pump,,Low
EVT-0001549,WO-2026-00181,Triaged,2026-01-20 07:44:00,2026-01-20 10:08:00,T-101,North Depot,N-Bay-2,EQ-1802,Pump,1516.65,High
EVT-0001550,WO-2026-00181,Parts Ordered,2026-01-21 05:44:00,2026-01-21 05:58:00,T-101,North Depot,N-Bay-2,EQ-1802,Pump,2389.50,Medium
EVT-0001551,WO-2026-00181,Parts Received,2026-01-21 09:37:00,2026-01-21 11:49:00,T-101,North Depot,N-Bay-2,EQ-1802,Pump,1332.88,
EVT-0001552,WO-2026-00181,Repair Started,2026-01-21 11:37:00,2026-01-21 12:44:00,T-101,North Depot,N-Bay-2,EQ-1802,Pump,2451.32,High
,WO-2026-00181,Repair Completed,2026-01-21 13:37:00,2026-01-21 15:16:00,T-302,South Depot,N-Bay-2,EQ-1802,Pump,,High
,WO-2026-00181,Tested,2026-01-21 17:37:00,2026-01-21 19:14:00,T-302,South Depot,N-Bay-2,EQ-1802,Pump,1788.27,Low
,WO-2026-00181,Repair Started,2026-01-21 22:37:00,2026-01-22 00:19:00,T-302,South Depot,N-Bay-2,EQ-1802,Pump,,High
,WO-2026-00181,Repair Completed,2026-01-22 10:37:00,2026-01-22 11:51:00,T-302,South Depot,N-Bay-2,EQ-1802,Pump,,Medium
,WO-2026-00181,Tested,2026-01-22 11:31:00,2026-01-22 13:55:00,T-302,South Depot,N-Bay-2,EQ-1802,Pump,398.45,High
,WO-2026-00181,Returned to Service,2026-01-22 13:24:00,2026-01-22 14:02:00,T-302,South Depot,N-Bay-2,EQ-1802,Pump,451.71,
,WO-2026-00182,Fault Reported,2026-03-26 05:24:00,2026-03-26 05:45:00,T-301,South Depot,N-Field,EQ-1448,Valve Assembly,520.17,Low
EVT-0001560,WO-2026-00182,Triaged,2026-03-26 08:28:00,2026-03-26 09:24:00,T-101,North Depot,N-Field,EQ-1448,Valve Assembly,2013.08,
EVT-0001561,WO-2026-00182,Parts Ordered,2026-03-28 23:28:00,2026-03-29 02:20:00,T-201,Central Depot,N-Field,EQ-1448,Valve Assembly,2273.09,Low
EVT-0001562,WO-2026-00182,Parts Received,2026-03-29 02:21:00,2026-03-29 04:57:00,T-201,Central Depot,N-Field,EQ-1448,Valve Assembly,,Low
EVT-0001563,WO-2026-00182,Repair Started,2026-03-29 08:21:00,2026-03-29 08:52:00,T-201,Central Depot,N-Field,EQ-1448,Valve Assembly,1399.61,
EVT-0001564,WO-2026-00182,Repair Completed,2026-03-29 11:21:00,2026-03-29 12:41:00,T-201,Central Depot,N-Field,EQ-1448,Valve Assembly,2439.00,Low
EVT-0001565,WO-2026-00182,Tested,2026-03-29 13:39:00,2026-03-29 13:57:00,T-101,North Depot,N-Field,EQ-1448,Valve Assembly,2160.95,High
EVT-0001566,WO-2026-00182,Returned to Service,2026-03-29 16:36:00,2026-03-29 19:17:00,T-101,North Depot,N-Field,EQ-1448,Valve Assembly,273.38,High
EVT-0001567,WO-2026-00183,Fault Reported,2026-01-27 13:40:00,2026-01-27 16:04:00,T-201,Central Depot,N-Field,EQ-1556,Valve Assembly,874.23,High
EVT-0001568,WO-2026-00183,Triaged,2026-01-27 13:47:00,2026-01-27 13:54:00,T-201,Central Depot,N-Field,EQ-1556,Valve Assembly,1208.72,Medium
EVT-0001569,WO-2026-00183,Parts Ordered,2026-01-31 06:47:00,2026-01-31 07:51:00,T-201,Central Depot,N-Field,EQ-1556,Valve Assembly,,
EVT-0001570,WO-2026-00183,Parts Received,2026-01-31 08:12:00,2026-01-31 08:50:00,T-202,Central Depot,N-Field,EQ-1556,Valve Assembly,2257.64,Medium
EVT-0001571,WO-2026-00183,Repair Started,2026-01-31 12:12:00,2026-01-31 14:15:00,T-202,Central Depot,N-Field,EQ-1556,Valve Assembly,2104.31,Low
EVT-0001572,WO-2026-00183,Repair Completed,2026-01-31 17:12:00,2026-01-31 19:28:00,T-202,Central Depot,N-Field,EQ-1556,Valve Assembly,617.27,Medium
EVT-0001573,WO-2026-00183,Tested,2026-01-31 19:29:00,2026-01-31 20:57:00,T-202,Central Depot,N-Field,EQ-1556,Valve Assembly,173.07,Medium
EVT-0001574,WO-2026-00183,Returned to Service,2026-01-31 23:00:00,2026-01-31 23:39:00,T-202,Central Depot,N-Field,EQ-1556,Valve Assembly,694.79,Low
EVT-0001575,WO-2026-00184,Fault Reported,2026-01-17 06:54:00,2026-01-17 09:05:00,T-102,North Depot,N-Bay-1,EQ-1919,Conveyor,1829.48,
,WO-2026-00184,Triaged,2026-01-17 10:52:00,2026-01-17 13:42:00,T-302,South Depot,N-Bay-1,EQ-1919,Conveyor,1640.13,Medium
,WO-2026-00184,Parts Ordered,2026-01-19 22:52:00,2026-01-20 01:35:00,T-302,South Depot,N-Bay-1,EQ-1919,Conveyor,1797.71,Low
,WO-2026-00184,Parts Received,2026-01-20 01:23:00,2026-01-20 01:48:00,T-302,South Depot,N-Bay-1,EQ-1919,Conveyor,2268.77,Medium
,WO-2026-00184,Repair Started,2026-01-20 13:23:00,2026-01-20 16:18:00,T-302,South Depot,N-Bay-1,EQ-1919,Conveyor,,
,WO-2026-00184,Repair Completed,2026-01-20 23:23:00,2026-01-21 01:59:00,T-302,South Depot,N-Bay-1,EQ-1919,Conveyor,2044.63,
,WO-2026-00184,Tested,2026-01-21 01:01:00,2026-01-21 03:37:00,T-302,South Depot,N-Bay-1,EQ-1919,Conveyor,2597.72,High
EVT-0001582,WO-2026-00184,Repair Started,2026-01-21 06:01:00,2026-01-21 09:01:00,T-201,Central Depot,N-Bay-1,EQ-1919,Conveyor,989.42,Medium
EVT-0001583,WO-2026-00184,Repair Completed,2026-01-21 10:01:00,2026-01-21 12:30:00,T-201,Central Depot,N-Bay-1,EQ-1919,Conveyor,,
EVT-0001584,WO-2026-00184,Tested,2026-01-21 11:46:00,2026-01-21 12:43:00,T-201,Central Depot,N-Bay-1,EQ-1919,Conveyor,,Low
EVT-0001585,WO-2026-00184,Returned to Service,2026-01-21 15:39:00,2026-01-21 17:19:00,T-201,Central Depot,N-Bay-1,EQ-1919,Conveyor,512.97,High
,WO-2026-00185,Fault Reported,2026-03-13 01:06:00,2026-03-13 01:59:00,T-302,South Depot,S-Bay-1,EQ-1166,Compressor,2308.52,Medium
EVT-0001587,WO-2026-00185,Triaged,2026-03-13 01:48:00,2026-03-13 03:02:00,T-102,North Depot,S-Bay-1,EQ-1166,Compressor,1317.55,Low
EVT-0001588,WO-2026-00185,Parts Ordered,2026-03-16 22:48:00,2026-03-16 23:26:00,T-102,North Depot,S-Bay-1,EQ-1166,Compressor,53.74,
EVT-0001589,WO-2026-00185,Parts Received,2026-03-17 02:30:00,2026-03-17 03:40:00,T-102,North Depot,S-Bay-1,EQ-1166,Compressor,53.01,
EVT-0001590,WO-2026-00185,Parts Ordered,2026-03-20 16:30:00,2026-03-20 17:09:00,T-102,North Depot,S-Bay-1,EQ-1166,Compressor,2542.01,High
EVT-0001591,WO-2026-00185,Parts Received,2026-03-20 16:41:00,2026-03-20 18:35:00,T-102,North Depot,S-Bay-1,EQ-1166,Compressor,2121.06,High
EVT-0001592,WO-2026-00185,Repair Started,2026-03-21 02:41:00,2026-03-21 03:32:00,T-102,North Depot,S-Bay-1,EQ-1166,Compressor,2499.36,High
EVT-0001593,WO-2026-00185,Repair Completed,2026-03-21 14:41:00,2026-03-21 16:18:00,T-102,North Depot,S-Bay-1,EQ-1166,Compressor,,Low
EVT-0001594,WO-2026-00185,Tested,2026-03-21 17:33:00,2026-03-21 18:46:00,T-102,North Depot,S-Bay-1,EQ-1166,Compressor,697.49,High
EVT-0001595,WO-2026-00185,Returned to Service,2026-03-21 21:02:00,2026-03-21 21:27:00,T-102,North Depot,S-Bay-1,EQ-1166,Compressor,313.29,Low
EVT-0001596,WO-2026-00186,Fault Reported,2026-04-01 04:52:00,2026-04-01 06:38:00,T-302,Central Depot,C-Workshop,EQ-1563,Generator,1107.64,
EVT-0001597,WO-2026-00186,Triaged,2026-04-01 05:37:00,2026-04-01 05:54:00,T-302,Central Depot,C-Workshop,EQ-1563,Generator,,High
EVT-0001598,WO-2026-00186,Parts Ordered,2026-04-02 10:37:00,2026-04-02 11:12:00,T-302,Central Depot,C-Workshop,EQ-1563,Generator,2219.19,High
EVT-0001599,WO-2026-00186,Parts Received,2026-04-02 10:51:00,2026-04-02 13:42:00,T-302,Central Depot,C-Workshop,EQ-1563,Generator,591.84,
,WO-2026-00186,Repair Started,2026-04-02 17:51:00,2026-04-02 17:58:00,T-202,South Depot,C-Workshop,EQ-1563,Generator,1181.54,Low
,WO-2026-00186,Repair Completed,2026-04-02 22:51:00,2026-04-03 01:21:00,T-202,South Depot,C-Workshop,EQ-1563,Generator,1029.02,
EVT-0001602,WO-2026-00186,Tested,2026-04-02 23:41:00,2026-04-03 01:51:00,T-201,Central Depot,C-Workshop,EQ-1563,Generator,,Low
EVT-0001603,WO-2026-00186,Repair Started,2026-04-03 09:41:00,2026-04-03 12:26:00,T-101,North Depot,C-Workshop,EQ-1563,Generator,,
EVT-0001604,WO-2026-00186,Repair Completed,2026-04-03 21:41:00,2026-04-03 23:51:00,T-101,North Depot,C-Workshop,EQ-1563,Generator,1263.55,High
EVT-0001605,WO-2026-00186,Tested,2026-04-04 01:27:00,2026-04-04 04:16:00,T-101,North Depot,C-Workshop,EQ-1563,Generator,,Medium
EVT-0001606,WO-2026-00186,Returned to Service,2026-04-04 02:06:00,2026-04-04 04:14:00,T-101,North Depot,C-Workshop,EQ-1563,Generator,,
EVT-0001607,WO-2026-00187,Fault Reported,2026-01-07 00:40:00,2026-01-07 02:52:00,T-202,Central Depot,C-Bay-2,EQ-1968,Pump,524.89,High
EVT-0001608,WO-2026-00187,Triaged,2026-01-07 03:51:00,2026-01-07 06:07:00,T-202,Central Depot,C-Bay-2,EQ-1968,Pump,,
EVT-0001609,WO-2026-00187,Parts Ordered,2026-01-07 03:51:00,2026-01-07 05:49:00,T-202,Central Depot,C-Bay-2,EQ-1968,Pump,171.92,
EVT-0001610,WO-2026-00187,Parts Received,2026-01-07 07:42:00,2026-01-07 08:39:00,T-102,North Depot,C-Bay-2,EQ-1968,Pump,,Medium
EVT-0001611,WO-2026-00187,Repair Started,2026-01-07 10:42:00,2026-01-07 13:01:00,T-201,Central Depot,C-Bay-2,EQ-1968,Pump,389.72,
EVT-0001612,WO-2026-00187,Repair Completed,2026-01-07 22:42:00,2026-01-08 01:41:00,T-201,Central Depot,C-Bay-2,EQ-1968,Pump,1778.99,
EVT-0001613,WO-2026-00187,Tested,2026-01-07 23:43:00,2026-01-08 00:47:00,T-201,Central Depot,C-Bay-2,EQ-1968,Pump,232.04,
EVT-0001614,WO-2026-00187,Returned to Service,2026-01-08 01:05:00,2026-01-08 02:10:00,T-201,Central Depot,C-Bay-2,EQ-1968,Pump,735.36,High
EVT-0001615,WO-2026-00188,Fault Reported,2026-03-03 22:09:00,2026-03-04 00:45:00,T-202,Central Depot,S-Field,EQ-1920,Pump,2583.68,High
EVT-0001616,WO-2026-00188,Triaged,2026-03-03 23:20:00,2026-03-04 00:29:00,T-202,Central Depot,S-Field,EQ-1920,Pump,2123.88,Medium
EVT-0001617,WO-2026-00188,Parts Ordered,2026-03-06 00:20:00,2026-03-06 01:05:00,T-202,Central Depot,S-Field,EQ-1920,Pump,1382.44,Medium
EVT-0001618,WO-2026-00188,Parts Received,2026-03-06 02:32:00,2026-03-06 03:11:00,T-202,Central Depot,S-Field,EQ-1920,Pump,2010.82,High
EVT-0001619,WO-2026-00188,Repair Started,2026-03-06 05:32:00,2026-03-06 07:25:00,T-102,North Depot,S-Field,EQ-1920,Pump,,
EVT-0001620,WO-2026-00188,Repair Completed,2026-03-06 09:32:00,2026-03-06 09:46:00,T-102,North Depot,S-Field,EQ-1920,Pump,2117.63,High
EVT-0001621,WO-2026-00188,Tested,2026-03-06 10:12:00,2026-03-06 12:29:00,T-102,North Depot,S-Field,EQ-1920,Pump,182.19,
EVT-0001622,WO-2026-00188,Returned to Service,2026-03-06 12:11:00,2026-03-06 14:40:00,T-202,Central Depot,S-Field,EQ-1920,Pump,2153.71,High
EVT-0001623,WO-2026-00189,Fault Reported,2026-04-06 09:17:00,2026-04-06 11:16:00,T-102,North Depot,N-Bay-1,EQ-1873,Compressor,1843.14,
,WO-2026-00189,Triaged,2026-04-06 09:40:00,2026-04-06 10:35:00,T-301,South Depot,N-Bay-1,EQ-1873,Compressor,2299.49,High
EVT-0001625,WO-2026-00189,Parts Ordered,2026-04-08 00:40:00,2026-04-08 02:21:00,T-201,Central Depot,N-Bay-1,EQ-1873,Compressor,1226.77,Medium
EVT-0001626,WO-2026-00189,Parts Received,2026-04-08 03:45:00,2026-04-08 05:16:00,T-201,Central Depot,N-Bay-1,EQ-1873,Compressor,113.18,
EVT-0001627,WO-2026-00189,Repair Started,2026-04-08 09:45:00,2026-04-08 11:52:00,T-201,Central Depot,N-Bay-1,EQ-1873,Compressor,1118.94,Low
EVT-0001628,WO-2026-00189,Repair Completed,2026-04-08 21:45:00,2026-04-08 22:41:00,T-201,Central Depot,N-Bay-1,EQ-1873,Compressor,1145.20,Medium
EVT-0001629,WO-2026-00189,Tested,2026-04-08 23:54:00,2026-04-09 02:50:00,T-201,Central Depot,N-Bay-1,EQ-1873,Compressor,,
EVT-0001630,WO-2026-00189,Returned to Service,2026-04-09 02:37:00,2026-04-09 03:49:00,T-201,Central Depot,N-Bay-1,EQ-1873,Compressor,843.26,Medium
EVT-0001631,WO-2026-00190,Fault Reported,2026-04-26 17:32:00,2026-04-26 17:50:00,T-102,North Depot,S-Bay-1,EQ-1347,Valve Assembly,2228.53,High
EVT-0001632,WO-2026-00190,Triaged,2026-04-26 19:33:00,2026-04-26 21:00:00,T-102,North Depot,S-Bay-1,EQ-1347,Valve Assembly,1996.62,
EVT-0001633,WO-2026-00190,Triaged,2026-04-26 21:25:00,2026-04-26 21:54:00,T-102,North Depot,S-Bay-1,EQ-1347,Valve Assembly,,Medium
EVT-0001634,WO-2026-00190,Parts Ordered,2026-04-30 00:25:00,2026-04-30 01:22:00,T-102,North Depot,S-Bay-1,EQ-1347,Valve Assembly,,Low
EVT-0001635,WO-2026-00190,Parts Received,2026-04-30 02:02:00,2026-04-30 02:37:00,T-102,North Depot,S-Bay-1,EQ-1347,Valve Assembly,,Medium
EVT-0001636,WO-2026-00190,Repair Started,2026-04-30 10:02:00,2026-04-30 10:52:00,T-102,North Depot,S-Bay-1,EQ-1347,Valve Assembly,,High
EVT-0001637,WO-2026-00190,Repair Completed,2026-04-30 12:02:00,2026-04-30 15:00:00,T-102,North Depot,S-Bay-1,EQ-1347,Valve Assembly,,High
EVT-0001638,WO-2026-00190,Tested,2026-04-30 13:37:00,2026-04-30 14:12:00,T-102,North Depot,S-Bay-1,EQ-1347,Valve Assembly,1175.52,Low
EVT-0001639,WO-2026-00190,Returned to Service,2026-04-30 16:18:00,2026-04-30 19:11:00,T-102,North Depot,S-Bay-1,EQ-1347,Valve Assembly,,Low
EVT-0001640,WO-2026-00191,Fault Reported,2026-01-12 03:37:00,2026-01-12 05:03:00,T-202,Central Depot,S-Field,EQ-1405,Pump,98.99,High
EVT-0001641,WO-2026-00191,Triaged,2026-01-12 07:36:00,2026-01-12 10:22:00,T-202,Central Depot,S-Field,EQ-1405,Pump,869.71,
EVT-0001642,WO-2026-00191,Parts Ordered,2026-01-15 22:36:00,2026-01-15 22:41:00,T-202,Central Depot,S-Field,EQ-1405,Pump,1600.99,Medium
EVT-0001643,WO-2026-00191,Parts Received,2026-01-16 00:35:00,2026-01-16 02:42:00,T-202,Central Depot,S-Field,EQ-1405,Pump,1872.59,Low
EVT-0001644,WO-2026-00191,Repair Started,2026-01-16 04:35:00,2026-01-16 07:29:00,T-202,Central Depot,S-Field,EQ-1405,Pump,692.44,Medium
EVT-0001645,WO-2026-00191,Repair Completed,2026-01-16 12:35:00,2026-01-16 13:57:00,T-202,Central Depot,S-Field,EQ-1405,Pump,2137.99,Low
EVT-0001646,WO-2026-00191,Tested,2026-01-16 14:25:00,2026-01-16 14:58:00,T-202,Central Depot,S-Field,EQ-1405,Pump,2416.61,High
EVT-0001647,WO-2026-00191,Returned to Service,2026-01-16 16:44:00,2026-01-16 18:41:00,T-202,Central Depot,S-Field,EQ-1405,Pump,467.42,
EVT-0001648,WO-2026-00192,Fault Reported,2026-04-21 23:19:00,2026-04-22 02:08:00,T-102,North Depot,N-Bay-2,EQ-1435,Conveyor,208.36,High
EVT-0001649,WO-2026-00192,Triaged,2026-04-22 02:40:00,2026-04-22 04:39:00,T-102,North Depot,N-Bay-2,EQ-1435,Conveyor,1983.18,High
EVT-0001650,WO-2026-00192,Parts Ordered,2026-04-24 15:40:00,2026-04-24 18:11:00,T-102,North Depot,N-Bay-2,EQ-1435,Conveyor,590.69,Medium
EVT-0001651,WO-2026-00192,Parts Received,2026-04-24 18:12:00,2026-04-24 20:42:00,T-102,North Depot,N-Bay-2,EQ-1435,Conveyor,,High
EVT-0001652,WO-2026-00192,Repair Started,2026-04-25 02:12:00,2026-04-25 02:39:00,T-102,North Depot,N-Bay-2,EQ-1435,Conveyor,365.80,High
EVT-0001653,WO-2026-00192,Repair Completed,2026-04-25 04:12:00,2026-04-25 05:44:00,T-102,North Depot,N-Bay-2,EQ-1435,Conveyor,,Medium
EVT-0001654,WO-2026-00192,Tested,2026-04-25 07:51:00,2026-04-25 10:48:00,T-102,North Depot,N-Bay-2,EQ-1435,Conveyor,1728.85,
EVT-0001655,WO-2026-00192,Returned to Service,2026-04-25 09:21:00,2026-04-25 11:30:00,T-102,North Depot,N-Bay-2,EQ-1435,Conveyor,76.41,
EVT-0001656,WO-2026-00193,Fault Reported,2026-04-11 17:22:00,2026-04-11 17:44:00,T-101,North Depot,C-Workshop,EQ-1171,Valve Assembly,2520.32,
EVT-0001657,WO-2026-00193,Triaged,2026-04-11 17:33:00,2026-04-11 19:45:00,T-101,North Depot,C-Workshop,EQ-1171,Valve Assembly,,Low
EVT-0001658,WO-2026-00193,Parts Ordered,2026-04-12 21:33:00,2026-04-12 22:22:00,T-101,North Depot,C-Workshop,EQ-1171,Valve Assembly,2585.69,Medium
EVT-0001659,WO-2026-00193,Parts Received,2026-04-12 23:01:00,2026-04-13 00:16:00,T-101,North Depot,C-Workshop,EQ-1171,Valve Assembly,,
EVT-0001660,WO-2026-00193,Repair Started,2026-04-13 09:01:00,2026-04-13 11:05:00,T-101,North Depot,C-Workshop,EQ-1171,Valve Assembly,1269.13,High
EVT-0001661,WO-2026-00193,Repair Completed,2026-04-13 12:01:00,2026-04-13 13:05:00,T-302,Central Depot,C-Workshop,EQ-1171,Valve Assembly,,Low
EVT-0001662,WO-2026-00193,Tested,2026-04-13 15:56:00,2026-04-13 17:52:00,T-302,Central Depot,C-Workshop,EQ-1171,Valve Assembly,,Medium
EVT-0001663,WO-2026-00193,Returned to Service,2026-04-13 19:10:00,2026-04-13 20:25:00,T-302,Central Depot,C-Workshop,EQ-1171,Valve Assembly,754.49,High
EVT-0001664,WO-2026-00194,Fault Reported,2026-01-19 06:33:00,2026-01-19 07:57:00,T-201,Central Depot,N-Bay-1,EQ-1319,Valve Assembly,1183.75,Low
EVT-0001665,WO-2026-00194,Triaged,2026-01-19 08:49:00,2026-01-19 11:48:00,T-201,Central Depot,N-Bay-1,EQ-1319,Valve Assembly,2086.29,
EVT-0001666,WO-2026-00194,Parts Ordered,2026-01-21 13:49:00,2026-01-21 14:16:00,T-202,Central Depot,N-Bay-1,EQ-1319,Valve Assembly,1922.89,Low
EVT-0001667,WO-2026-00194,Parts Received,2026-01-21 16:42:00,2026-01-21 19:33:00,T-202,Central Depot,N-Bay-1,EQ-1319,Valve Assembly,1701.05,High
EVT-0001668,WO-2026-00194,Repair Started,2026-01-21 21:42:00,2026-01-21 23:49:00,T-202,Central Depot,N-Bay-1,EQ-1319,Valve Assembly,1774.69,Medium
EVT-0001669,WO-2026-00194,Repair Completed,2026-01-21 23:42:00,2026-01-22 01:40:00,T-202,Central Depot,N-Bay-1,EQ-1319,Valve Assembly,477.08,Low
EVT-0001670,WO-2026-00194,Tested,2026-01-22 02:59:00,2026-01-22 03:54:00,T-202,Central Depot,N-Bay-1,EQ-1319,Valve Assembly,2563.70,Low
EVT-0001671,WO-2026-00194,Repair Started,2026-01-22 09:59:00,2026-01-22 10:36:00,T-202,Central Depot,N-Bay-1,EQ-1319,Valve Assembly,,Low
EVT-0001672,WO-2026-00194,Repair Completed,2026-01-22 12:59:00,2026-01-22 14:05:00,T-102,North Depot,N-Bay-1,EQ-1319,Valve Assembly,1020.21,Low
EVT-0001673,WO-2026-00194,Tested,2026-01-22 16:15:00,2026-01-22 18:36:00,T-102,North Depot,N-Bay-1,EQ-1319,Valve Assembly,1987.67,Low
EVT-0001674,WO-2026-00194,Returned to Service,2026-01-22 19:39:00,2026-01-22 21:13:00,T-102,North Depot,N-Bay-1,EQ-1319,Valve Assembly,1835.61,High
,WO-2026-00195,Fault Reported,2026-01-12 22:01:00,2026-01-13 00:00:00,T-302,South Depot,C-Bay-2,EQ-1058,Compressor,48.05,High
,WO-2026-00195,Triaged,2026-01-13 00:35:00,2026-01-13 02:28:00,T-302,South Depot,C-Bay-2,EQ-1058,Compressor,1366.43,
,WO-2026-00195,Parts Ordered,2026-01-15 00:35:00,2026-01-15 02:37:00,T-302,South Depot,C-Bay-2,EQ-1058,Compressor,437.27,
,WO-2026-00195,Parts Received,2026-01-15 04:22:00,2026-01-15 06:39:00,T-302,South Depot,C-Bay-2,EQ-1058,Compressor,2399.98,
,WO-2026-00195,Repair Started,2026-01-15 10:22:00,2026-01-15 12:08:00,T-302,South Depot,C-Bay-2,EQ-1058,Compressor,1643.95,Low
,WO-2026-00195,Repair Completed,2026-01-15 17:22:00,2026-01-15 18:05:00,T-302,South Depot,C-Bay-2,EQ-1058,Compressor,798.22,Medium
,WO-2026-00195,Tested,2026-01-15 20:36:00,2026-01-15 21:06:00,T-302,South Depot,C-Bay-2,EQ-1058,Compressor,606.67,Medium
,WO-2026-00195,Returned to Service,2026-01-15 23:33:00,2026-01-16 00:03:00,T-302,South Depot,C-Bay-2,EQ-1058,Compressor,2433.55,
EVT-0001683,WO-2026-00196,Fault Reported,2026-01-27 11:31:00,2026-01-27 12:30:00,T-101,North Depot,C-Bay-2,EQ-1392,Valve Assembly,1332.65,High
EVT-0001684,WO-2026-00196,Triaged,2026-01-27 13:53:00,2026-01-27 13:58:00,T-101,North Depot,C-Bay-2,EQ-1392,Valve Assembly,,
EVT-0001685,WO-2026-00196,Parts Ordered,2026-01-30 20:53:00,2026-01-30 23:19:00,T-101,North Depot,C-Bay-2,EQ-1392,Valve Assembly,727.28,High
EVT-0001686,WO-2026-00196,Parts Received,2026-01-30 23:55:00,2026-01-31 00:33:00,T-101,North Depot,C-Bay-2,EQ-1392,Valve Assembly,,
EVT-0001687,WO-2026-00196,Repair Started,2026-01-31 08:55:00,2026-01-31 10:43:00,T-201,Central Depot,C-Bay-2,EQ-1392,Valve Assembly,918.65,
EVT-0001688,WO-2026-00196,Repair Completed,2026-01-31 18:55:00,2026-01-31 20:02:00,T-201,Central Depot,C-Bay-2,EQ-1392,Valve Assembly,145.02,Medium
EVT-0001689,WO-2026-00196,Tested,2026-01-31 20:51:00,2026-01-31 21:14:00,T-201,Central Depot,C-Bay-2,EQ-1392,Valve Assembly,,
EVT-0001690,WO-2026-00196,Returned to Service,2026-02-01 00:04:00,2026-02-01 01:12:00,T-201,Central Depot,C-Bay-2,EQ-1392,Valve Assembly,1480.13,
EVT-0001691,WO-2026-00197,Fault Reported,2026-02-02 07:34:00,2026-02-02 09:41:00,T-101,North Depot,C-Field,EQ-1657,Generator,2379.52,
EVT-0001692,WO-2026-00197,Triaged,2026-02-02 11:15:00,2026-02-02 13:58:00,T-101,North Depot,C-Field,EQ-1657,Generator,,Low
EVT-0001693,WO-2026-00197,Repair Started,2026-02-02 12:15:00,2026-02-02 15:05:00,T-101,North Depot,C-Field,EQ-1657,Generator,1986.20,Low
EVT-0001694,WO-2026-00197,Repair Completed,2026-02-02 18:15:00,2026-02-02 19:12:00,T-101,North Depot,C-Field,EQ-1657,Generator,683.42,Medium
EVT-0001695,WO-2026-00197,Tested,2026-02-02 19:22:00,2026-02-02 21:05:00,T-101,North Depot,C-Field,EQ-1657,Generator,2573.72,High
EVT-0001696,WO-2026-00197,Returned to Service,2026-02-02 19:57:00,2026-02-02 21:35:00,T-101,North Depot,C-Field,EQ-1657,Generator,134.23,Low
EVT-0001697,WO-2026-00198,Fault Reported,2026-01-25 04:27:00,2026-01-25 07:03:00,T-101,North Depot,S-Bay-1,EQ-1008,Compressor,1452.13,
EVT-0001698,WO-2026-00198,Triaged,2026-01-25 05:20:00,2026-01-25 06:50:00,T-101,North Depot,S-Bay-1,EQ-1008,Compressor,2359.19,Medium
EVT-0001699,WO-2026-00198,Parts Ordered,2026-01-28 20:20:00,2026-01-28 22:08:00,T-101,North Depot,S-Bay-1,EQ-1008,Compressor,1476.52,High
EVT-0001700,WO-2026-00198,Parts Received,2026-01-28 22:47:00,2026-01-28 23:00:00,T-101,North Depot,S-Bay-1,EQ-1008,Compressor,2119.09,Low
EVT-0001701,WO-2026-00198,Repair Started,2026-01-29 06:47:00,2026-01-29 08:03:00,T-101,North Depot,S-Bay-1,EQ-1008,Compressor,1634.85,
EVT-0001702,WO-2026-00198,Repair Completed,2026-01-29 11:47:00,2026-01-29 11:59:00,T-101,North Depot,S-Bay-1,EQ-1008,Compressor,1445.06,High
EVT-0001703,WO-2026-00198,Tested,2026-01-29 15:06:00,2026-01-29 17:41:00,T-101,North Depot,S-Bay-1,EQ-1008,Compressor,1776.21,Low
EVT-0001704,WO-2026-00198,Returned to Service,2026-01-29 19:03:00,2026-01-29 21:11:00,T-101,North Depot,S-Bay-1,EQ-1008,Compressor,315.76,Medium
,WO-2026-00199,Fault Reported,2026-02-19 19:04:00,2026-02-19 21:28:00,T-302,South Depot,C-Bay-1,EQ-1367,Generator,773.28,High
,WO-2026-00199,Triaged,2026-02-19 22:23:00,2026-02-20 01:20:00,T-302,South Depot,C-Bay-1,EQ-1367,Generator,2291.41,Medium
,WO-2026-00199,Repair Started,2026-02-20 00:23:00,2026-02-20 03:01:00,T-302,South Depot,C-Bay-1,EQ-1367,Generator,2488.33,
,WO-2026-00199,Repair Completed,2026-02-20 06:23:00,2026-02-20 08:24:00,T-302,South Depot,C-Bay-1,EQ-1367,Generator,1911.55,Low
,WO-2026-00199,Tested,2026-02-20 08:46:00,2026-02-20 10:26:00,T-302,South Depot,C-Bay-1,EQ-1367,Generator,2096.40,Medium
,WO-2026-00199,Returned to Service,2026-02-20 12:24:00,2026-02-20 13:32:00,T-302,South Depot,C-Bay-1,EQ-1367,Generator,1972.32,High
,WO-2026-00200,Fault Reported,2026-05-22 15:57:00,2026-05-22 18:11:00,T-301,South Depot,C-Bay-1,EQ-1387,Compressor,878.47,
,WO-2026-00200,Triaged,2026-05-22 18:43:00,2026-05-22 21:31:00,T-301,South Depot,C-Bay-1,EQ-1387,Compressor,,
,WO-2026-00200,Parts Ordered,2026-05-23 16:43:00,2026-05-23 18:30:00,T-301,South Depot,C-Bay-1,EQ-1387,Compressor,409.45,Low
,WO-2026-00200,Parts Received,2026-05-23 19:53:00,2026-05-23 20:48:00,T-301,South Depot,C-Bay-1,EQ-1387,Compressor,2486.23,Low
,WO-2026-00200,Repair Started,2026-05-24 00:53:00,2026-05-24 02:38:00,T-301,South Depot,C-Bay-1,EQ-1387,Compressor,1735.23,High
,WO-2026-00200,Repair Completed,2026-05-24 11:53:00,2026-05-24 14:20:00,T-301,South Depot,C-Bay-1,EQ-1387,Compressor,,Low
,WO-2026-00200,Tested,2026-05-24 12:43:00,2026-05-24 14:44:00,T-301,South Depot,C-Bay-1,EQ-1387,Compressor,,Low
EVT-0001718,WO-2026-00200,Returned to Service,2026-05-24 14:41:00,2026-05-24 14:53:00,T-201,Central Depot,C-Bay-1,EQ-1387,Compressor,,Medium
,WO-2026-00201,Fault Reported,2026-04-27 17:30:00,2026-04-27 20:16:00,T-202,South Depot,S-Bay-1,EQ-1401,Valve Assembly,1412.73,Medium
,WO-2026-00201,Triaged,2026-04-27 20:37:00,2026-04-27 21:49:00,T-202,South Depot,S-Bay-1,EQ-1401,Valve Assembly,,Low
EVT-0001721,WO-2026-00201,Parts Ordered,2026-04-29 20:37:00,2026-04-29 21:56:00,T-302,Central Depot,S-Bay-1,EQ-1401,Valve Assembly,2407.38,
EVT-0001722,WO-2026-00201,Parts Received,2026-04-29 23:30:00,2026-04-30 01:26:00,T-302,Central Depot,S-Bay-1,EQ-1401,Valve Assembly,2359.40,Low
,WO-2026-00201,Parts Ordered,2026-05-02 23:30:00,2026-05-03 00:39:00,T-301,South Depot,S-Bay-1,EQ-1401,Valve Assembly,,
,WO-2026-00201,Parts Received,2026-05-03 00:54:00,2026-05-03 02:28:00,T-202,South Depot,S-Bay-1,EQ-1401,Valve Assembly,,Medium
,WO-2026-00201,Repair Started,2026-05-03 12:54:00,2026-05-03 13:12:00,T-202,South Depot,S-Bay-1,EQ-1401,Valve Assembly,,Low
,WO-2026-00201,Repair Completed,2026-05-04 00:54:00,2026-05-04 02:31:00,T-202,South Depot,S-Bay-1,EQ-1401,Valve Assembly,654.44,Medium
,WO-2026-00201,Tested,2026-05-04 04:27:00,2026-05-04 05:11:00,T-202,South Depot,S-Bay-1,EQ-1401,Valve Assembly,2042.78,High
,WO-2026-00201,Returned to Service,2026-05-04 05:47:00,2026-05-04 06:46:00,T-202,South Depot,S-Bay-1,EQ-1401,Valve Assembly,,Low
EVT-0001729,WO-2026-00202,Fault Reported,2026-05-02 23:07:00,2026-05-03 01:24:00,T-101,North Depot,N-Bay-1,EQ-1665,Conveyor,1773.53,High
EVT-0001730,WO-2026-00202,Triaged,2026-05-02 23:30:00,2026-05-03 00:07:00,T-101,North Depot,N-Bay-1,EQ-1665,Conveyor,752.31,High
EVT-0001731,WO-2026-00202,Parts Ordered,2026-05-06 16:30:00,2026-05-06 19:05:00,T-101,North Depot,N-Bay-1,EQ-1665,Conveyor,679.25,Medium
EVT-0001732,WO-2026-00202,Parts Received,2026-05-06 19:48:00,2026-05-06 20:39:00,T-101,North Depot,N-Bay-1,EQ-1665,Conveyor,,Low
EVT-0001733,WO-2026-00202,Repair Started,2026-05-06 21:48:00,2026-05-06 22:25:00,T-101,North Depot,N-Bay-1,EQ-1665,Conveyor,133.04,Low
EVT-0001734,WO-2026-00202,Repair Completed,2026-05-06 22:48:00,2026-05-06 23:03:00,T-101,North Depot,N-Bay-1,EQ-1665,Conveyor,,
EVT-0001735,WO-2026-00202,Tested,2026-05-06 22:59:00,2026-05-07 00:58:00,T-101,North Depot,N-Bay-1,EQ-1665,Conveyor,,Medium
EVT-0001736,WO-2026-00202,Returned to Service,2026-05-07 01:16:00,2026-05-07 03:19:00,T-101,North Depot,N-Bay-1,EQ-1665,Conveyor,713.74,Medium
,WO-2026-00203,Fault Reported,2026-03-10 09:03:00,2026-03-10 09:49:00,T-301,South Depot,S-Field,EQ-1748,Conveyor,1804.36,High
,WO-2026-00203,Triaged,2026-03-10 09:33:00,2026-03-10 10:08:00,T-301,South Depot,S-Field,EQ-1748,Conveyor,2584.58,High
,WO-2026-00203,Parts Ordered,2026-03-13 16:33:00,2026-03-13 17:30:00,T-301,South Depot,S-Field,EQ-1748,Conveyor,2068.75,High
,WO-2026-00203,Parts Received,2026-03-13 19:12:00,2026-03-13 20:38:00,T-301,South Depot,S-Field,EQ-1748,Conveyor,1134.56,Medium
,WO-2026-00203,Repair Started,2026-03-13 22:12:00,2026-03-13 22:45:00,T-301,South Depot,S-Field,EQ-1748,Conveyor,1911.44,
,WO-2026-00203,Repair Completed,2026-03-14 02:12:00,2026-03-14 04:22:00,T-301,South Depot,S-Field,EQ-1748,Conveyor,2278.86,
,WO-2026-00203,Tested,2026-03-14 02:52:00,2026-03-14 05:04:00,T-301,South Depot,S-Field,EQ-1748,Conveyor,,High
,WO-2026-00203,Repair Started,2026-03-14 04:52:00,2026-03-14 06:12:00,T-301,South Depot,S-Field,EQ-1748,Conveyor,,Medium
,WO-2026-00203,Repair Completed,2026-03-14 09:52:00,2026-03-14 11:36:00,T-301,South Depot,S-Field,EQ-1748,Conveyor,2572.72,Low
,WO-2026-00203,Tested,2026-03-14 10:35:00,2026-03-14 11:16:00,T-301,South Depot,S-Field,EQ-1748,Conveyor,1819.41,Low
,WO-2026-00203,Returned to Service,2026-03-14 13:02:00,2026-03-14 14:14:00,T-301,South Depot,S-Field,EQ-1748,Conveyor,1181.76,Low
EVT-0001748,WO-2026-00204,Fault Reported,2026-01-29 23:49:00,2026-01-30 01:29:00,T-201,Central Depot,N-Bay-2,EQ-1006,Pump,,
EVT-0001749,WO-2026-00204,Triaged,2026-01-30 03:12:00,2026-01-30 06:02:00,T-201,Central Depot,N-Bay-2,EQ-1006,Pump,813.77,Low
EVT-0001750,WO-2026-00204,Triaged,2026-01-30 03:12:00,2026-01-30 04:44:00,T-201,Central Depot,N-Bay-2,EQ-1006,Pump,903.13,Low
EVT-0001751,WO-2026-00204,Parts Ordered,2026-01-30 21:12:00,2026-01-30 22:46:00,T-201,Central Depot,N-Bay-2,EQ-1006,Pump,2284.61,Low
EVT-0001752,WO-2026-00204,Parts Received,2026-01-31 00:12:00,2026-01-31 02:04:00,T-201,Central Depot,N-Bay-2,EQ-1006,Pump,2417.00,
EVT-0001753,WO-2026-00204,Repair Started,2026-01-31 05:12:00,2026-01-31 06:08:00,T-201,Central Depot,N-Bay-2,EQ-1006,Pump,2147.03,Medium
EVT-0001754,WO-2026-00204,Repair Completed,2026-01-31 08:12:00,2026-01-31 10:38:00,T-201,Central Depot,N-Bay-2,EQ-1006,Pump,2513.31,
EVT-0001755,WO-2026-00204,Tested,2026-01-31 11:19:00,2026-01-31 12:23:00,T-201,Central Depot,N-Bay-2,EQ-1006,Pump,448.67,Low
EVT-0001756,WO-2026-00204,Returned to Service,2026-01-31 13:42:00,2026-01-31 13:47:00,T-201,Central Depot,N-Bay-2,EQ-1006,Pump,908.03,Medium
EVT-0001757,WO-2026-00205,Fault Reported,2026-01-20 22:51:00,2026-01-21 01:44:00,T-102,North Depot,N-Bay-2,EQ-1395,Generator,1902.45,
EVT-0001758,WO-2026-00205,Triaged,2026-01-20 23:46:00,2026-01-21 02:45:00,T-102,North Depot,N-Bay-2,EQ-1395,Generator,475.02,High
EVT-0001759,WO-2026-00205,Parts Ordered,2026-01-23 03:46:00,2026-01-23 05:11:00,T-102,North Depot,N-Bay-2,EQ-1395,Generator,1066.02,Medium
EVT-0001760,WO-2026-00205,Parts Received,2026-01-23 06:11:00,2026-01-23 08:12:00,T-102,North Depot,N-Bay-2,EQ-1395,Generator,2044.25,
EVT-0001761,WO-2026-00205,Repair Started,2026-01-23 11:11:00,2026-01-23 11:35:00,T-102,North Depot,N-Bay-2,EQ-1395,Generator,2331.76,Low
EVT-0001762,WO-2026-00205,Repair Completed,2026-01-23 12:11:00,2026-01-23 12:42:00,T-102,North Depot,N-Bay-2,EQ-1395,Generator,472.35,
EVT-0001763,WO-2026-00205,Tested,2026-01-23 15:08:00,2026-01-23 16:24:00,T-102,North Depot,N-Bay-2,EQ-1395,Generator,2350.06,High
EVT-0001764,WO-2026-00205,Returned to Service,2026-01-23 18:33:00,2026-01-23 20:26:00,T-102,North Depot,N-Bay-2,EQ-1395,Generator,1592.42,Low
EVT-0001765,WO-2026-00206,Fault Reported,2026-01-20 01:09:00,2026-01-20 02:32:00,T-202,Central Depot,N-Bay-1,EQ-1387,Compressor,2387.55,High
EVT-0001766,WO-2026-00206,Triaged,2026-01-20 03:22:00,2026-01-20 05:28:00,T-102,North Depot,N-Bay-1,EQ-1387,Compressor,817.84,Low
EVT-0001767,WO-2026-00206,Parts Ordered,2026-01-23 11:22:00,2026-01-23 13:44:00,T-102,North Depot,N-Bay-1,EQ-1387,Compressor,,Medium
EVT-0001768,WO-2026-00206,Parts Received,2026-01-23 12:35:00,2026-01-23 14:13:00,T-201,Central Depot,N-Bay-1,EQ-1387,Compressor,2253.40,Medium
EVT-0001769,WO-2026-00206,Repair Started,2026-01-23 19:35:00,2026-01-23 20:23:00,T-201,Central Depot,N-Bay-1,EQ-1387,Compressor,1393.07,Medium
EVT-0001770,WO-2026-00206,Repair Completed,2026-01-24 02:35:00,2026-01-24 05:12:00,T-201,Central Depot,N-Bay-1,EQ-1387,Compressor,2025.23,
EVT-0001771,WO-2026-00206,Tested,2026-01-24 06:02:00,2026-01-24 06:40:00,T-102,North Depot,N-Bay-1,EQ-1387,Compressor,1352.86,Medium
EVT-0001772,WO-2026-00206,Returned to Service,2026-01-24 08:59:00,2026-01-24 11:43:00,T-102,North Depot,N-Bay-1,EQ-1387,Compressor,2161.60,High
EVT-0001773,WO-2026-00207,Fault Reported,2026-03-01 20:00:00,2026-03-01 21:06:00,T-102,North Depot,C-Bay-1,EQ-1094,Generator,2529.97,
EVT-0001774,WO-2026-00207,Triaged,2026-03-01 23:53:00,2026-03-02 00:25:00,T-102,North Depot,C-Bay-1,EQ-1094,Generator,,
EVT-0001775,WO-2026-00207,Parts Ordered,2026-03-02 20:53:00,2026-03-02 22:42:00,T-102,North Depot,C-Bay-1,EQ-1094,Generator,2356.61,
EVT-0001776,WO-2026-00207,Parts Received,2026-03-02 22:18:00,2026-03-03 00:38:00,T-102,North Depot,C-Bay-1,EQ-1094,Generator,2141.28,Medium
EVT-0001777,WO-2026-00207,Repair Started,2026-03-02 23:18:00,2026-03-03 00:50:00,T-102,North Depot,C-Bay-1,EQ-1094,Generator,770.12,Low
EVT-0001778,WO-2026-00207,Repair Completed,2026-03-03 04:18:00,2026-03-03 06:38:00,T-102,North Depot,C-Bay-1,EQ-1094,Generator,606.13,High
EVT-0001779,WO-2026-00207,Tested,2026-03-03 07:53:00,2026-03-03 09:34:00,T-102,North Depot,C-Bay-1,EQ-1094,Generator,694.09,High
EVT-0001780,WO-2026-00207,Returned to Service,2026-03-03 10:02:00,2026-03-03 11:57:00,T-102,North Depot,C-Bay-1,EQ-1094,Generator,1971.02,Medium
EVT-0001781,WO-2026-00208,Fault Reported,2026-04-27 19:49:00,2026-04-27 21:36:00,T-302,Central Depot,C-Bay-2,EQ-1613,Valve Assembly,,
EVT-0001782,WO-2026-00208,Triaged,2026-04-27 19:54:00,2026-04-27 22:08:00,T-302,Central Depot,C-Bay-2,EQ-1613,Valve Assembly,2433.37,Medium
EVT-0001783,WO-2026-00208,Escalated to Specialist,2026-04-27 23:53:00,2026-04-28 00:03:00,T-302,Central Depot,C-Bay-2,EQ-1613,Valve Assembly,1574.45,Medium
EVT-0001784,WO-2026-00208,Parts Ordered,2026-04-30 06:53:00,2026-04-30 09:52:00,T-302,Central Depot,C-Bay-2,EQ-1613,Valve Assembly,1496.44,Medium
EVT-0001785,WO-2026-00208,Parts Received,2026-04-30 08:47:00,2026-04-30 09:07:00,T-101,North Depot,C-Bay-2,EQ-1613,Valve Assembly,2126.89,High
EVT-0001786,WO-2026-00208,Repair Started,2026-04-30 13:47:00,2026-04-30 16:19:00,T-101,North Depot,C-Bay-2,EQ-1613,Valve Assembly,,Low
EVT-0001787,WO-2026-00208,Repair Completed,2026-04-30 23:47:00,2026-05-01 01:07:00,T-101,North Depot,C-Bay-2,EQ-1613,Valve Assembly,1656.40,High
EVT-0001788,WO-2026-00208,Tested,2026-04-30 23:55:00,2026-05-01 01:31:00,T-101,North Depot,C-Bay-2,EQ-1613,Valve Assembly,1226.92,Medium
EVT-0001789,WO-2026-00208,Returned to Service,2026-05-01 01:02:00,2026-05-01 03:56:00,T-101,North Depot,C-Bay-2,EQ-1613,Valve Assembly,2099.20,High
EVT-0001790,WO-2026-00209,Fault Reported,2026-02-04 21:11:00,2026-02-04 21:43:00,T-102,North Depot,S-Field,EQ-1796,Valve Assembly,2425.83,High
EVT-0001791,WO-2026-00209,Triaged,2026-02-04 23:22:00,2026-02-05 00:36:00,T-102,North Depot,S-Field,EQ-1796,Valve Assembly,171.58,Medium
EVT-0001792,WO-2026-00209,Parts Ordered,2026-02-06 21:22:00,2026-02-06 23:01:00,T-102,North Depot,S-Field,EQ-1796,Valve Assembly,2111.57,Medium
EVT-0001793,WO-2026-00209,Parts Received,2026-02-06 22:53:00,2026-02-07 00:01:00,T-102,North Depot,S-Field,EQ-1796,Valve Assembly,1373.03,Medium
EVT-0001794,WO-2026-00209,Repair Started,2026-02-07 08:53:00,2026-02-07 10:41:00,T-102,North Depot,S-Field,EQ-1796,Valve Assembly,1376.67,
EVT-0001795,WO-2026-00209,Repair Completed,2026-02-07 11:53:00,2026-02-07 14:27:00,T-202,Central Depot,S-Field,EQ-1796,Valve Assembly,441.58,Medium
EVT-0001796,WO-2026-00209,Tested,2026-02-07 12:27:00,2026-02-07 15:03:00,T-202,Central Depot,S-Field,EQ-1796,Valve Assembly,180.26,High
EVT-0001797,WO-2026-00209,Returned to Service,2026-02-07 15:30:00,2026-02-07 17:59:00,T-101,North Depot,S-Field,EQ-1796,Valve Assembly,1032.74,Low
,WO-2026-00210,Fault Reported,2026-02-10 06:37:00,2026-02-10 07:09:00,T-301,South Depot,S-Bay-1,EQ-1082,Pump,,Medium
,WO-2026-00210,Triaged,2026-02-10 10:27:00,2026-02-10 11:48:00,T-301,South Depot,S-Bay-1,EQ-1082,Pump,1115.58,Medium
,WO-2026-00210,Parts Ordered,2026-02-12 15:27:00,2026-02-12 18:19:00,T-301,South Depot,S-Bay-1,EQ-1082,Pump,1413.88,High
,WO-2026-00210,Parts Received,2026-02-12 18:10:00,2026-02-12 20:24:00,T-301,South Depot,S-Bay-1,EQ-1082,Pump,2128.46,
,WO-2026-00210,Repair Started,2026-02-13 00:10:00,2026-02-13 02:01:00,T-301,South Depot,S-Bay-1,EQ-1082,Pump,732.66,Medium
,WO-2026-00210,Repair Completed,2026-02-13 02:10:00,2026-02-13 03:44:00,T-301,South Depot,S-Bay-1,EQ-1082,Pump,561.48,High
,WO-2026-00210,Tested,2026-02-13 03:27:00,2026-02-13 05:55:00,T-301,South Depot,S-Bay-1,EQ-1082,Pump,2297.63,High
,WO-2026-00210,Repair Started,2026-02-13 09:27:00,2026-02-13 10:24:00,T-301,South Depot,S-Bay-1,EQ-1082,Pump,1424.07,
,WO-2026-00210,Repair Completed,2026-02-13 17:27:00,2026-02-13 19:20:00,T-301,South Depot,S-Bay-1,EQ-1082,Pump,1907.53,
,WO-2026-00210,Tested,2026-02-13 21:11:00,2026-02-14 00:11:00,T-301,South Depot,S-Bay-1,EQ-1082,Pump,1576.97,High
,WO-2026-00210,Returned to Service,2026-02-14 01:08:00,2026-02-14 01:47:00,T-301,South Depot,S-Bay-1,EQ-1082,Pump,1949.90,High
EVT-0001809,WO-2026-00211,Fault Reported,2026-05-15 03:55:00,2026-05-15 06:44:00,T-102,North Depot,S-Bay-1,EQ-1319,Conveyor,257.81,Medium
EVT-0001810,WO-2026-00211,Triaged,2026-05-15 05:59:00,2026-05-15 08:35:00,T-102,North Depot,S-Bay-1,EQ-1319,Conveyor,736.91,Low
EVT-0001811,WO-2026-00211,Parts Ordered,2026-05-18 21:59:00,2026-05-18 23:17:00,T-102,North Depot,S-Bay-1,EQ-1319,Conveyor,,
EVT-0001812,WO-2026-00211,Parts Received,2026-05-19 01:21:00,2026-05-19 01:26:00,T-102,North Depot,S-Bay-1,EQ-1319,Conveyor,397.56,Low
EVT-0001813,WO-2026-00211,Repair Started,2026-05-19 12:21:00,2026-05-19 14:58:00,T-102,North Depot,S-Bay-1,EQ-1319,Conveyor,1071.77,High
EVT-0001814,WO-2026-00211,Repair Completed,2026-05-19 13:21:00,2026-05-19 15:39:00,T-102,North Depot,S-Bay-1,EQ-1319,Conveyor,1697.77,Low
EVT-0001815,WO-2026-00211,Tested,2026-05-19 15:51:00,2026-05-19 17:01:00,T-102,North Depot,S-Bay-1,EQ-1319,Conveyor,780.82,
EVT-0001816,WO-2026-00211,Returned to Service,2026-05-19 17:31:00,2026-05-19 19:32:00,T-102,North Depot,S-Bay-1,EQ-1319,Conveyor,,High
EVT-0001817,WO-2026-00212,Fault Reported,2026-03-11 02:45:00,2026-03-11 04:02:00,T-202,Central Depot,C-Bay-2,EQ-1179,Valve Assembly,773.35,Medium
EVT-0001818,WO-2026-00212,Triaged,2026-03-11 05:30:00,2026-03-11 07:01:00,T-202,Central Depot,C-Bay-2,EQ-1179,Valve Assembly,,Medium
EVT-0001819,WO-2026-00212,Triaged,2026-03-11 05:41:00,2026-03-11 06:04:00,T-202,Central Depot,C-Bay-2,EQ-1179,Valve Assembly,,High
EVT-0001820,WO-2026-00212,Parts Ordered,2026-03-12 20:41:00,2026-03-12 21:11:00,T-201,Central Depot,C-Bay-2,EQ-1179,Valve Assembly,1462.50,High
EVT-0001821,WO-2026-00212,Parts Received,2026-03-12 21:39:00,2026-03-13 00:21:00,T-201,Central Depot,C-Bay-2,EQ-1179,Valve Assembly,1858.72,High
,WO-2026-00212,Repair Started,2026-03-12 22:39:00,2026-03-13 01:14:00,T-302,South Depot,C-Bay-2,EQ-1179,Valve Assembly,1496.06,High
,WO-2026-00212,Repair Completed,2026-03-13 07:39:00,2026-03-13 07:57:00,T-302,South Depot,C-Bay-2,EQ-1179,Valve Assembly,,Medium
,WO-2026-00212,Tested,2026-03-13 08:12:00,2026-03-13 09:18:00,T-302,South Depot,C-Bay-2,EQ-1179,Valve Assembly,1587.49,Medium
,WO-2026-00212,Returned to Service,2026-03-13 09:29:00,2026-03-13 12:29:00,T-302,South Depot,C-Bay-2,EQ-1179,Valve Assembly,572.20,Low
EVT-0001826,WO-2026-00213,Fault Reported,2026-05-03 13:39:00,2026-05-03 16:37:00,T-201,Central Depot,C-Workshop,EQ-1566,Generator,1887.31,Medium
EVT-0001827,WO-2026-00213,Triaged,2026-05-03 16:13:00,2026-05-03 18:45:00,T-201,Central Depot,C-Workshop,EQ-1566,Generator,1904.45,High
EVT-0001828,WO-2026-00213,Parts Ordered,2026-05-07 15:13:00,2026-05-07 17:11:00,T-201,Central Depot,C-Workshop,EQ-1566,Generator,580.35,High
EVT-0001829,WO-2026-00213,Parts Received,2026-05-07 18:55:00,2026-05-07 21:18:00,T-201,Central Depot,C-Workshop,EQ-1566,Generator,1024.01,High
EVT-0001830,WO-2026-00213,Repair Started,2026-05-07 21:55:00,2026-05-07 23:58:00,T-201,Central Depot,C-Workshop,EQ-1566,Generator,693.28,Low
EVT-0001831,WO-2026-00213,Repair Completed,2026-05-08 05:55:00,2026-05-08 06:26:00,T-201,Central Depot,C-Workshop,EQ-1566,Generator,2358.27,Low
EVT-0001832,WO-2026-00213,Tested,2026-05-08 07:18:00,2026-05-08 07:25:00,T-201,Central Depot,C-Workshop,EQ-1566,Generator,,High
EVT-0001833,WO-2026-00213,Returned to Service,2026-05-08 08:09:00,2026-05-08 09:50:00,T-201,Central Depot,C-Workshop,EQ-1566,Generator,321.33,High
,WO-2026-00214,Fault Reported,2026-01-31 16:12:00,2026-01-31 18:53:00,T-301,South Depot,N-Bay-2,EQ-1263,Valve Assembly,253.58,Medium
,WO-2026-00214,Triaged,2026-01-31 17:24:00,2026-01-31 20:12:00,T-301,South Depot,N-Bay-2,EQ-1263,Valve Assembly,2449.56,Low
,WO-2026-00214,Parts Ordered,2026-02-02 13:24:00,2026-02-02 16:20:00,T-301,South Depot,N-Bay-2,EQ-1263,Valve Assembly,1573.81,Low
,WO-2026-00214,Parts Received,2026-02-02 17:23:00,2026-02-02 17:28:00,T-301,South Depot,N-Bay-2,EQ-1263,Valve Assembly,543.35,High
,WO-2026-00214,Repair Started,2026-02-02 22:23:00,2026-02-02 23:45:00,T-301,South Depot,N-Bay-2,EQ-1263,Valve Assembly,2365.38,High
,WO-2026-00214,Repair Completed,2026-02-03 08:23:00,2026-02-03 11:07:00,T-301,South Depot,N-Bay-2,EQ-1263,Valve Assembly,2060.41,Low
,WO-2026-00214,Tested,2026-02-03 10:51:00,2026-02-03 11:06:00,T-302,South Depot,N-Bay-2,EQ-1263,Valve Assembly,,
,WO-2026-00214,Repair Started,2026-02-03 17:51:00,2026-02-03 20:41:00,T-302,South Depot,N-Bay-2,EQ-1263,Valve Assembly,2349.61,Medium
,WO-2026-00214,Repair Completed,2026-02-03 19:51:00,2026-02-03 21:11:00,T-302,South Depot,N-Bay-2,EQ-1263,Valve Assembly,686.11,
,WO-2026-00214,Tested,2026-02-03 22:44:00,2026-02-04 00:30:00,T-302,South Depot,N-Bay-2,EQ-1263,Valve Assembly,2527.46,High
,WO-2026-00214,Returned to Service,2026-02-04 01:54:00,2026-02-04 02:24:00,T-302,South Depot,N-Bay-2,EQ-1263,Valve Assembly,1243.12,Medium
EVT-0001845,WO-2026-00215,Fault Reported,2026-05-07 20:22:00,2026-05-07 22:48:00,T-102,North Depot,S-Field,EQ-1330,Generator,1494.60,
EVT-0001846,WO-2026-00215,Triaged,2026-05-07 20:54:00,2026-05-07 21:59:00,T-102,North Depot,S-Field,EQ-1330,Generator,,Medium
EVT-0001847,WO-2026-00215,Parts Ordered,2026-05-11 06:54:00,2026-05-11 09:01:00,T-102,North Depot,S-Field,EQ-1330,Generator,,
EVT-0001848,WO-2026-00215,Parts Received,2026-05-11 08:43:00,2026-05-11 11:06:00,T-101,North Depot,S-Field,EQ-1330,Generator,1966.89,High
EVT-0001849,WO-2026-00215,Repair Started,2026-05-11 14:43:00,2026-05-11 17:26:00,T-101,North Depot,S-Field,EQ-1330,Generator,1849.99,High
EVT-0001850,WO-2026-00215,Repair Completed,2026-05-11 17:43:00,2026-05-11 20:37:00,T-101,North Depot,S-Field,EQ-1330,Generator,1657.27,High
,WO-2026-00215,Tested,2026-05-11 21:10:00,2026-05-11 21:47:00,T-301,South Depot,S-Field,EQ-1330,Generator,,Medium
,WO-2026-00215,Returned to Service,2026-05-12 00:23:00,2026-05-12 01:49:00,T-301,South Depot,S-Field,EQ-1330,Generator,2457.36,
EVT-0001853,WO-2026-00216,Fault Reported,2026-03-24 07:04:00,2026-03-24 08:16:00,T-101,North Depot,N-Field,EQ-1591,Generator,996.09,High
EVT-0001854,WO-2026-00216,Triaged,2026-03-24 08:22:00,2026-03-24 08:53:00,T-101,North Depot,N-Field,EQ-1591,Generator,2281.55,Low
EVT-0001855,WO-2026-00216,Parts Ordered,2026-03-26 13:22:00,2026-03-26 15:53:00,T-101,North Depot,N-Field,EQ-1591,Generator,,Low
EVT-0001856,WO-2026-00216,Parts Received,2026-03-26 16:06:00,2026-03-26 16:43:00,T-101,North Depot,N-Field,EQ-1591,Generator,2460.69,High
EVT-0001857,WO-2026-00216,Repair Started,2026-03-27 01:06:00,2026-03-27 03:28:00,T-101,North Depot,N-Field,EQ-1591,Generator,1600.46,High
EVT-0001858,WO-2026-00216,Repair Completed,2026-03-27 02:06:00,2026-03-27 02:39:00,T-101,North Depot,N-Field,EQ-1591,Generator,1269.57,
EVT-0001859,WO-2026-00216,Tested,2026-03-27 02:22:00,2026-03-27 05:06:00,T-101,North Depot,N-Field,EQ-1591,Generator,1873.37,
EVT-0001860,WO-2026-00216,Returned to Service,2026-03-27 03:28:00,2026-03-27 04:08:00,T-101,North Depot,N-Field,EQ-1591,Generator,,High
,WO-2026-00217,Fault Reported,2026-02-23 17:07:00,2026-02-23 18:43:00,T-301,South Depot,C-Field,EQ-1305,Generator,1074.45,
,WO-2026-00217,Triaged,2026-02-23 19:26:00,2026-02-23 19:40:00,T-301,South Depot,C-Field,EQ-1305,Generator,2445.92,High
,WO-2026-00217,Repair Started,2026-02-23 23:26:00,2026-02-24 01:26:00,T-301,South Depot,C-Field,EQ-1305,Generator,2083.88,Low
,WO-2026-00217,Repair Completed,2026-02-24 09:26:00,2026-02-24 09:43:00,T-301,South Depot,C-Field,EQ-1305,Generator,1403.33,Low
,WO-2026-00217,Tested,2026-02-24 11:04:00,2026-02-24 11:43:00,T-301,South Depot,C-Field,EQ-1305,Generator,,High
,WO-2026-00217,Returned to Service,2026-02-24 11:54:00,2026-02-24 13:38:00,T-301,South Depot,C-Field,EQ-1305,Generator,,High
EVT-0001867,WO-2026-00218,Fault Reported,2026-04-04 12:06:00,2026-04-04 13:54:00,T-201,Central Depot,N-Field,EQ-1538,Generator,,
EVT-0001868,WO-2026-00218,Triaged,2026-04-04 14:08:00,2026-04-04 16:57:00,T-201,Central Depot,N-Field,EQ-1538,Generator,2092.26,
EVT-0001869,WO-2026-00218,Parts Ordered,2026-04-08 14:08:00,2026-04-08 17:01:00,T-201,Central Depot,N-Field,EQ-1538,Generator,,Medium
EVT-0001870,WO-2026-00218,Parts Received,2026-04-08 15:57:00,2026-04-08 18:36:00,T-201,Central Depot,N-Field,EQ-1538,Generator,508.31,Low
EVT-0001871,WO-2026-00218,Repair Started,2026-04-09 00:57:00,2026-04-09 02:18:00,T-201,Central Depot,N-Field,EQ-1538,Generator,147.36,High
EVT-0001872,WO-2026-00218,Repair Completed,2026-04-09 02:57:00,2026-04-09 05:02:00,T-201,Central Depot,N-Field,EQ-1538,Generator,1908.43,High
EVT-0001873,WO-2026-00218,Tested,2026-04-09 06:33:00,2026-04-09 08:06:00,T-201,Central Depot,N-Field,EQ-1538,Generator,914.42,Medium
EVT-0001874,WO-2026-00218,Returned to Service,2026-04-09 06:44:00,2026-04-09 07:41:00,T-201,Central Depot,N-Field,EQ-1538,Generator,,High
EVT-0001875,WO-2026-00219,Fault Reported,2026-02-20 21:59:00,2026-02-20 22:56:00,T-201,Central Depot,N-Field,EQ-1872,Valve Assembly,2369.55,High
EVT-0001876,WO-2026-00219,Triaged,2026-02-21 01:42:00,2026-02-21 03:02:00,T-201,Central Depot,N-Field,EQ-1872,Valve Assembly,1894.62,Low
EVT-0001877,WO-2026-00219,Parts Ordered,2026-02-23 02:42:00,2026-02-23 05:21:00,T-201,Central Depot,N-Field,EQ-1872,Valve Assembly,970.39,Medium
EVT-0001878,WO-2026-00219,Parts Received,2026-02-23 06:37:00,2026-02-23 07:40:00,T-201,Central Depot,N-Field,EQ-1872,Valve Assembly,2300.71,Low
EVT-0001879,WO-2026-00219,Repair Started,2026-02-23 14:37:00,2026-02-23 15:05:00,T-201,Central Depot,N-Field,EQ-1872,Valve Assembly,79.17,High
EVT-0001880,WO-2026-00219,Repair Completed,2026-02-23 20:37:00,2026-02-23 21:33:00,T-201,Central Depot,N-Field,EQ-1872,Valve Assembly,1476.22,Medium
EVT-0001881,WO-2026-00219,Tested,2026-02-23 22:12:00,2026-02-23 22:58:00,T-201,Central Depot,N-Field,EQ-1872,Valve Assembly,1304.24,
EVT-0001882,WO-2026-00219,Returned to Service,2026-02-23 23:59:00,2026-02-24 01:19:00,T-201,Central Depot,N-Field,EQ-1872,Valve Assembly,,
EVT-0001883,WO-2026-00220,Fault Reported,2026-02-18 01:34:00,2026-02-18 02:10:00,T-202,Central Depot,N-Bay-2,EQ-1158,Generator,324.84,Low
EVT-0001884,WO-2026-00220,Triaged,2026-02-18 05:07:00,2026-02-18 05:56:00,T-202,Central Depot,N-Bay-2,EQ-1158,Generator,1716.37,Medium
EVT-0001885,WO-2026-00220,Parts Ordered,2026-02-20 14:07:00,2026-02-20 15:15:00,T-202,Central Depot,N-Bay-2,EQ-1158,Generator,1036.94,Medium
EVT-0001886,WO-2026-00220,Parts Received,2026-02-20 16:30:00,2026-02-20 18:12:00,T-202,Central Depot,N-Bay-2,EQ-1158,Generator,257.24,High
EVT-0001887,WO-2026-00220,Repair Started,2026-02-21 02:30:00,2026-02-21 03:30:00,T-202,Central Depot,N-Bay-2,EQ-1158,Generator,,Low
EVT-0001888,WO-2026-00220,Repair Completed,2026-02-21 04:30:00,2026-02-21 07:13:00,T-202,Central Depot,N-Bay-2,EQ-1158,Generator,,Medium
EVT-0001889,WO-2026-00220,Tested,2026-02-21 07:47:00,2026-02-21 09:11:00,T-202,Central Depot,N-Bay-2,EQ-1158,Generator,,
EVT-0001890,WO-2026-00220,Returned to Service,2026-02-21 08:38:00,2026-02-21 11:28:00,T-202,Central Depot,N-Bay-2,EQ-1158,Generator,1962.49,
EVT-0001891,WO-2026-00221,Fault Reported,2026-04-22 14:35:00,2026-04-22 16:43:00,T-201,Central Depot,N-Bay-2,EQ-1985,Valve Assembly,1942.27,Low
EVT-0001892,WO-2026-00221,Triaged,2026-04-22 15:11:00,2026-04-22 17:40:00,T-201,Central Depot,N-Bay-2,EQ-1985,Valve Assembly,238.02,High
EVT-0001893,WO-2026-00221,Parts Ordered,2026-04-22 15:11:00,2026-04-22 16:43:00,T-201,Central Depot,N-Bay-2,EQ-1985,Valve Assembly,,Low
EVT-0001894,WO-2026-00221,Parts Received,2026-04-22 18:29:00,2026-04-22 19:27:00,T-201,Central Depot,N-Bay-2,EQ-1985,Valve Assembly,322.42,Medium
EVT-0001895,WO-2026-00221,Repair Started,2026-04-22 20:29:00,2026-04-22 23:08:00,T-201,Central Depot,N-Bay-2,EQ-1985,Valve Assembly,,Low
EVT-0001896,WO-2026-00221,Repair Completed,2026-04-23 04:29:00,2026-04-23 06:11:00,T-201,Central Depot,N-Bay-2,EQ-1985,Valve Assembly,1532.97,Medium
EVT-0001897,WO-2026-00221,Tested,2026-04-23 08:00:00,2026-04-23 08:54:00,T-201,Central Depot,N-Bay-2,EQ-1985,Valve Assembly,1405.02,Low
EVT-0001898,WO-2026-00221,Returned to Service,2026-04-23 10:11:00,2026-04-23 12:22:00,T-201,Central Depot,N-Bay-2,EQ-1985,Valve Assembly,1943.68,High
EVT-0001899,WO-2026-00222,Fault Reported,2026-04-08 14:13:00,2026-04-08 15:13:00,T-101,North Depot,C-Field,EQ-1255,Pump,1371.73,High
EVT-0001900,WO-2026-00222,Triaged,2026-04-08 18:09:00,2026-04-08 20:33:00,T-101,North Depot,C-Field,EQ-1255,Pump,1550.54,High
EVT-0001901,WO-2026-00222,Parts Ordered,2026-04-11 21:09:00,2026-04-11 22:50:00,T-101,North Depot,C-Field,EQ-1255,Pump,678.16,
EVT-0001902,WO-2026-00222,Parts Received,2026-04-11 21:31:00,2026-04-11 23:02:00,T-101,North Depot,C-Field,EQ-1255,Pump,2470.60,High
EVT-0001903,WO-2026-00222,Parts Ordered,2026-04-12 20:31:00,2026-04-12 23:26:00,T-101,North Depot,C-Field,EQ-1255,Pump,,
EVT-0001904,WO-2026-00222,Parts Received,2026-04-13 00:05:00,2026-04-13 02:55:00,T-101,North Depot,C-Field,EQ-1255,Pump,289.87,Low
,WO-2026-00222,Repair Started,2026-04-13 07:05:00,2026-04-13 07:43:00,T-301,South Depot,C-Field,EQ-1255,Pump,856.86,Low
,WO-2026-00222,Repair Completed,2026-04-13 18:05:00,2026-04-13 18:21:00,T-301,South Depot,C-Field,EQ-1255,Pump,1193.32,Medium
,WO-2026-00222,Tested,2026-04-13 21:05:00,2026-04-14 00:03:00,T-301,South Depot,C-Field,EQ-1255,Pump,,High
,WO-2026-00222,Returned to Service,2026-04-13 22:57:00,2026-04-14 01:49:00,T-301,South Depot,C-Field,EQ-1255,Pump,573.81,Low
EVT-0001909,WO-2026-00223,Fault Reported,2026-04-05 01:33:00,2026-04-05 02:44:00,T-101,North Depot,N-Bay-1,EQ-1431,Pump,628.29,Low
EVT-0001910,WO-2026-00223,Triaged,2026-04-05 04:58:00,2026-04-05 05:46:00,T-101,North Depot,N-Bay-1,EQ-1431,Pump,76.33,
EVT-0001911,WO-2026-00223,Parts Ordered,2026-04-07 08:58:00,2026-04-07 09:39:00,T-101,North Depot,N-Bay-1,EQ-1431,Pump,,Medium
EVT-0001912,WO-2026-00223,Parts Received,2026-04-07 12:24:00,2026-04-07 13:24:00,T-101,North Depot,N-Bay-1,EQ-1431,Pump,,
,WO-2026-00223,Repair Started,2026-04-07 21:24:00,2026-04-07 22:05:00,T-202,South Depot,N-Bay-1,EQ-1431,Pump,1194.55,High
,WO-2026-00223,Repair Completed,2026-04-08 05:24:00,2026-04-08 07:08:00,T-202,South Depot,N-Bay-1,EQ-1431,Pump,173.53,
,WO-2026-00223,Tested,2026-04-08 08:07:00,2026-04-08 08:34:00,T-202,South Depot,N-Bay-1,EQ-1431,Pump,2145.60,
,WO-2026-00223,Returned to Service,2026-04-08 09:02:00,2026-04-08 11:02:00,T-202,South Depot,N-Bay-1,EQ-1431,Pump,2306.73,Low
,WO-2026-00224,Fault Reported,2026-01-28 02:53:00,2026-01-28 05:23:00,T-301,South Depot,C-Workshop,EQ-1284,Pump,2317.04,High
,WO-2026-00224,Triaged,2026-01-28 03:07:00,2026-01-28 03:58:00,T-301,South Depot,C-Workshop,EQ-1284,Pump,233.15,
,WO-2026-00224,Parts Ordered,2026-01-31 10:07:00,2026-01-31 10:40:00,T-301,South Depot,C-Workshop,EQ-1284,Pump,1031.03,High
,WO-2026-00224,Parts Received,2026-01-31 13:52:00,2026-01-31 16:04:00,T-301,South Depot,C-Workshop,EQ-1284,Pump,,
,WO-2026-00224,Parts Ordered,2026-02-04 01:52:00,2026-02-04 04:42:00,T-301,South Depot,C-Workshop,EQ-1284,Pump,1671.31,High
,WO-2026-00224,Parts Received,2026-02-04 05:04:00,2026-02-04 05:19:00,T-301,South Depot,C-Workshop,EQ-1284,Pump,2459.94,Low
,WO-2026-00224,Repair Started,2026-02-04 11:04:00,2026-02-04 12:38:00,T-301,South Depot,C-Workshop,EQ-1284,Pump,1994.62,Medium
,WO-2026-00224,Repair Completed,2026-02-04 23:04:00,2026-02-05 00:15:00,T-301,South Depot,C-Workshop,EQ-1284,Pump,1728.01,
,WO-2026-00224,Tested,2026-02-05 00:00:00,2026-02-05 01:48:00,T-301,South Depot,C-Workshop,EQ-1284,Pump,,Low
,WO-2026-00224,Returned to Service,2026-02-05 00:31:00,2026-02-05 03:28:00,T-301,South Depot,C-Workshop,EQ-1284,Pump,460.70,Medium
,WO-2026-00225,Fault Reported,2026-01-27 00:27:00,2026-01-27 02:29:00,T-302,South Depot,S-Field,EQ-1669,Valve Assembly,275.00,Low
,WO-2026-00225,Triaged,2026-01-27 01:18:00,2026-01-27 01:30:00,T-302,South Depot,S-Field,EQ-1669,Valve Assembly,2270.00,High
,WO-2026-00225,Parts Ordered,2026-01-30 02:18:00,2026-01-30 02:34:00,T-302,South Depot,S-Field,EQ-1669,Valve Assembly,1888.87,High
EVT-0001930,WO-2026-00225,Parts Received,2026-01-30 04:24:00,2026-01-30 05:54:00,T-101,North Depot,S-Field,EQ-1669,Valve Assembly,2103.99,Medium
EVT-0001931,WO-2026-00225,Repair Started,2026-01-30 05:24:00,2026-01-30 05:57:00,T-101,North Depot,S-Field,EQ-1669,Valve Assembly,83.05,Low
EVT-0001932,WO-2026-00225,Repair Completed,2026-01-30 16:24:00,2026-01-30 18:32:00,T-101,North Depot,S-Field,EQ-1669,Valve Assembly,1528.92,Low
EVT-0001933,WO-2026-00225,Tested,2026-01-30 18:05:00,2026-01-30 20:47:00,T-101,North Depot,S-Field,EQ-1669,Valve Assembly,,
EVT-0001934,WO-2026-00225,Returned to Service,2026-01-30 19:09:00,2026-01-30 19:59:00,T-101,North Depot,S-Field,EQ-1669,Valve Assembly,608.18,Low
EVT-0001935,WO-2026-00226,Fault Reported,2026-03-22 07:07:00,2026-03-22 08:10:00,T-102,North Depot,N-Bay-2,EQ-1586,Valve Assembly,,Low
EVT-0001936,WO-2026-00226,Triaged,2026-03-22 10:57:00,2026-03-22 12:11:00,T-102,North Depot,N-Bay-2,EQ-1586,Valve Assembly,,
EVT-0001937,WO-2026-00226,Parts Ordered,2026-03-26 09:57:00,2026-03-26 12:56:00,T-102,North Depot,N-Bay-2,EQ-1586,Valve Assembly,2080.93,High
EVT-0001938,WO-2026-00226,Parts Received,2026-03-26 10:30:00,2026-03-26 11:33:00,T-102,North Depot,N-Bay-2,EQ-1586,Valve Assembly,1892.77,High
EVT-0001939,WO-2026-00226,Repair Started,2026-03-26 22:30:00,2026-03-27 01:04:00,T-102,North Depot,N-Bay-2,EQ-1586,Valve Assembly,2583.70,
EVT-0001940,WO-2026-00226,Repair Completed,2026-03-27 09:30:00,2026-03-27 12:13:00,T-102,North Depot,N-Bay-2,EQ-1586,Valve Assembly,415.48,
EVT-0001941,WO-2026-00226,Tested,2026-03-27 11:21:00,2026-03-27 14:16:00,T-102,North Depot,N-Bay-2,EQ-1586,Valve Assembly,1928.37,
EVT-0001942,WO-2026-00226,Returned to Service,2026-03-27 12:20:00,2026-03-27 14:34:00,T-102,North Depot,N-Bay-2,EQ-1586,Valve Assembly,1387.55,Medium
EVT-0001943,WO-2026-00227,Fault Reported,2026-01-14 10:57:00,2026-01-14 12:43:00,T-102,North Depot,N-Field,EQ-1362,Pump,1722.70,High
EVT-0001944,WO-2026-00227,Triaged,2026-01-14 12:48:00,2026-01-14 13:40:00,T-102,North Depot,N-Field,EQ-1362,Pump,261.28,Low
,WO-2026-00227,Parts Ordered,2026-01-17 06:48:00,2026-01-17 08:17:00,T-301,South Depot,N-Field,EQ-1362,Pump,,High
,WO-2026-00227,Parts Received,2026-01-17 09:28:00,2026-01-17 12:21:00,T-301,South Depot,N-Field,EQ-1362,Pump,560.74,
EVT-0001947,WO-2026-00227,Repair Started,2026-01-17 18:28:00,2026-01-17 18:56:00,T-102,North Depot,N-Field,EQ-1362,Pump,1758.90,High
EVT-0001948,WO-2026-00227,Repair Completed,2026-01-17 21:28:00,2026-01-17 23:45:00,T-102,North Depot,N-Field,EQ-1362,Pump,1868.93,
EVT-0001949,WO-2026-00227,Tested,2026-01-17 23:44:00,2026-01-18 00:16:00,T-102,North Depot,N-Field,EQ-1362,Pump,,
EVT-0001950,WO-2026-00227,Returned to Service,2026-01-18 01:52:00,2026-01-18 02:50:00,T-102,North Depot,N-Field,EQ-1362,Pump,,Low
EVT-0001951,WO-2026-00228,Fault Reported,2026-03-17 11:25:00,2026-03-17 13:04:00,T-201,Central Depot,C-Bay-2,EQ-1554,Generator,113.33,Medium
EVT-0001952,WO-2026-00228,Triaged,2026-03-17 14:19:00,2026-03-17 16:26:00,T-201,Central Depot,C-Bay-2,EQ-1554,Generator,1053.95,Low
EVT-0001953,WO-2026-00228,Parts Ordered,2026-03-18 14:19:00,2026-03-18 14:51:00,T-201,Central Depot,C-Bay-2,EQ-1554,Generator,2038.33,Medium
EVT-0001954,WO-2026-00228,Parts Received,2026-03-18 14:34:00,2026-03-18 15:30:00,T-201,Central Depot,C-Bay-2,EQ-1554,Generator,1313.59,Low
EVT-0001955,WO-2026-00228,Repair Started,2026-03-18 19:34:00,2026-03-18 22:21:00,T-201,Central Depot,C-Bay-2,EQ-1554,Generator,2589.52,High
EVT-0001956,WO-2026-00228,Repair Completed,2026-03-18 20:34:00,2026-03-18 21:43:00,T-201,Central Depot,C-Bay-2,EQ-1554,Generator,,Medium
EVT-0001957,WO-2026-00228,Tested,2026-03-18 22:40:00,2026-03-18 23:00:00,T-201,Central Depot,C-Bay-2,EQ-1554,Generator,728.68,
,WO-2026-00228,Repair Started,2026-03-19 05:40:00,2026-03-19 08:31:00,T-302,South Depot,C-Bay-2,EQ-1554,Generator,2179.90,Medium
,WO-2026-00228,Repair Completed,2026-03-19 13:40:00,2026-03-19 15:33:00,T-302,South Depot,C-Bay-2,EQ-1554,Generator,401.30,Low
,WO-2026-00228,Tested,2026-03-19 17:06:00,2026-03-19 19:50:00,T-302,South Depot,C-Bay-2,EQ-1554,Generator,467.77,High
EVT-0001961,WO-2026-00228,Returned to Service,2026-03-19 19:11:00,2026-03-19 20:26:00,T-201,Central Depot,C-Bay-2,EQ-1554,Generator,,Medium
EVT-0001962,WO-2026-00229,Fault Reported,2026-05-22 05:18:00,2026-05-22 06:51:00,T-101,North Depot,N-Field,EQ-1598,Valve Assembly,831.42,High
EVT-0001963,WO-2026-00229,Triaged,2026-05-22 06:11:00,2026-05-22 09:06:00,T-101,North Depot,N-Field,EQ-1598,Valve Assembly,415.53,High
EVT-0001964,WO-2026-00229,Triaged,2026-05-22 07:40:00,2026-05-22 10:18:00,T-101,North Depot,N-Field,EQ-1598,Valve Assembly,,Low
EVT-0001965,WO-2026-00229,Parts Ordered,2026-05-23 12:40:00,2026-05-23 13:31:00,T-101,North Depot,N-Field,EQ-1598,Valve Assembly,,High
EVT-0001966,WO-2026-00229,Parts Received,2026-05-23 16:30:00,2026-05-23 18:00:00,T-101,North Depot,N-Field,EQ-1598,Valve Assembly,979.66,
EVT-0001967,WO-2026-00229,Repair Started,2026-05-23 20:30:00,2026-05-23 21:07:00,T-101,North Depot,N-Field,EQ-1598,Valve Assembly,938.01,
EVT-0001968,WO-2026-00229,Repair Completed,2026-05-24 05:30:00,2026-05-24 08:03:00,T-101,North Depot,N-Field,EQ-1598,Valve Assembly,124.91,
EVT-0001969,WO-2026-00229,Tested,2026-05-24 07:14:00,2026-05-24 09:59:00,T-101,North Depot,N-Field,EQ-1598,Valve Assembly,458.62,
EVT-0001970,WO-2026-00229,Returned to Service,2026-05-24 09:36:00,2026-05-24 12:28:00,T-101,North Depot,N-Field,EQ-1598,Valve Assembly,828.36,Medium
,WO-2026-00230,Fault Reported,2026-05-07 19:23:00,2026-05-07 20:04:00,T-202,South Depot,C-Bay-1,EQ-1488,Compressor,899.77,Medium
,WO-2026-00230,Triaged,2026-05-07 21:13:00,2026-05-07 22:15:00,T-202,South Depot,C-Bay-1,EQ-1488,Compressor,1337.64,High
,WO-2026-00230,Parts Ordered,2026-05-08 19:13:00,2026-05-08 19:31:00,T-202,South Depot,C-Bay-1,EQ-1488,Compressor,1896.93,Medium
,WO-2026-00230,Parts Received,2026-05-08 20:01:00,2026-05-08 22:20:00,T-202,South Depot,C-Bay-1,EQ-1488,Compressor,1694.97,High
,WO-2026-00230,Parts Ordered,2026-05-11 10:01:00,2026-05-11 11:16:00,T-202,South Depot,C-Bay-1,EQ-1488,Compressor,2523.53,
,WO-2026-00230,Parts Received,2026-05-11 11:05:00,2026-05-11 13:48:00,T-202,South Depot,C-Bay-1,EQ-1488,Compressor,1843.29,Medium
,WO-2026-00230,Repair Started,2026-05-11 16:05:00,2026-05-11 18:10:00,T-202,South Depot,C-Bay-1,EQ-1488,Compressor,914.16,High
,WO-2026-00230,Repair Completed,2026-05-12 01:05:00,2026-05-12 03:42:00,T-202,South Depot,C-Bay-1,EQ-1488,Compressor,,
,WO-2026-00230,Tested,2026-05-12 03:46:00,2026-05-12 05:57:00,T-202,South Depot,C-Bay-1,EQ-1488,Compressor,1996.54,Medium
,WO-2026-00230,Returned to Service,2026-05-12 04:51:00,2026-05-12 05:47:00,T-202,South Depot,C-Bay-1,EQ-1488,Compressor,2429.42,High
EVT-0001981,WO-2026-00231,Fault Reported,2026-04-16 05:39:00,2026-04-16 07:45:00,T-102,North Depot,C-Bay-1,EQ-1788,Valve Assembly,215.57,Low
EVT-0001982,WO-2026-00231,Triaged,2026-04-16 06:04:00,2026-04-16 07:30:00,T-102,North Depot,C-Bay-1,EQ-1788,Valve Assembly,1954.16,Medium
EVT-0001983,WO-2026-00231,Parts Ordered,2026-04-17 20:04:00,2026-04-17 22:21:00,T-201,Central Depot,C-Bay-1,EQ-1788,Valve Assembly,289.40,
EVT-0001984,WO-2026-00231,Parts Received,2026-04-17 22:09:00,2026-04-17 23:47:00,T-201,Central Depot,C-Bay-1,EQ-1788,Valve Assembly,995.35,Medium
EVT-0001985,WO-2026-00231,Repair Started,2026-04-18 10:09:00,2026-04-18 12:37:00,T-201,Central Depot,C-Bay-1,EQ-1788,Valve Assembly,1297.87,Low
EVT-0001986,WO-2026-00231,Repair Completed,2026-04-18 21:09:00,2026-04-18 23:27:00,T-201,Central Depot,C-Bay-1,EQ-1788,Valve Assembly,2159.44,
EVT-0001987,WO-2026-00231,Tested,2026-04-18 22:39:00,2026-04-19 01:27:00,T-101,North Depot,C-Bay-1,EQ-1788,Valve Assembly,1035.45,
EVT-0001988,WO-2026-00231,Repair Started,2026-04-19 02:39:00,2026-04-19 05:33:00,T-101,North Depot,C-Bay-1,EQ-1788,Valve Assembly,2086.72,Medium
EVT-0001989,WO-2026-00231,Repair Completed,2026-04-19 14:39:00,2026-04-19 15:23:00,T-101,North Depot,C-Bay-1,EQ-1788,Valve Assembly,202.72,High
EVT-0001990,WO-2026-00231,Tested,2026-04-19 17:18:00,2026-04-19 19:12:00,T-102,North Depot,C-Bay-1,EQ-1788,Valve Assembly,,Low
EVT-0001991,WO-2026-00231,Returned to Service,2026-04-19 18:38:00,2026-04-19 18:52:00,T-102,North Depot,C-Bay-1,EQ-1788,Valve Assembly,,Low
,WO-2026-00232,Fault Reported,2026-01-21 22:01:00,2026-01-22 00:59:00,T-302,South Depot,C-Bay-2,EQ-1192,Conveyor,,
,WO-2026-00232,Triaged,2026-01-22 00:05:00,2026-01-22 02:04:00,T-302,South Depot,C-Bay-2,EQ-1192,Conveyor,1743.51,
,WO-2026-00232,Parts Ordered,2026-01-23 19:05:00,2026-01-23 19:46:00,T-302,South Depot,C-Bay-2,EQ-1192,Conveyor,998.87,
,WO-2026-00232,Parts Received,2026-01-23 20:32:00,2026-01-23 23:18:00,T-302,South Depot,C-Bay-2,EQ-1192,Conveyor,1964.43,High
,WO-2026-00232,Repair Started,2026-01-23 22:32:00,2026-01-24 00:37:00,T-302,South Depot,C-Bay-2,EQ-1192,Conveyor,1242.63,High
,WO-2026-00232,Repair Completed,2026-01-24 05:32:00,2026-01-24 06:34:00,T-302,South Depot,C-Bay-2,EQ-1192,Conveyor,1199.60,Low
EVT-0001998,WO-2026-00232,Tested,2026-01-24 07:42:00,2026-01-24 08:39:00,T-201,Central Depot,C-Bay-2,EQ-1192,Conveyor,2395.25,Low
EVT-0001999,WO-2026-00232,Returned to Service,2026-01-24 07:56:00,2026-01-24 08:14:00,T-202,Central Depot,C-Bay-2,EQ-1192,Conveyor,,Medium
,WO-2026-00233,Fault Reported,2026-03-15 20:13:00,2026-03-15 20:25:00,T-301,South Depot,N-Bay-1,EQ-1005,Conveyor,,Low
,WO-2026-00233,Triaged,2026-03-15 23:21:00,2026-03-16 00:49:00,T-202,South Depot,N-Bay-1,EQ-1005,Conveyor,851.86,
,WO-2026-00233,Parts Ordered,2026-03-18 08:21:00,2026-03-18 10:13:00,T-202,South Depot,N-Bay-1,EQ-1005,Conveyor,534.99,Low
EVT-0002003,WO-2026-00233,Parts Received,2026-03-18 08:50:00,2026-03-18 11:38:00,T-102,North Depot,N-Bay-1,EQ-1005,Conveyor,481.57,High
EVT-0002004,WO-2026-00233,Parts Ordered,2026-03-19 08:50:00,2026-03-19 09:00:00,T-102,North Depot,N-Bay-1,EQ-1005,Conveyor,1105.76,High
EVT-0002005,WO-2026-00233,Parts Received,2026-03-19 11:33:00,2026-03-19 12:36:00,T-102,North Depot,N-Bay-1,EQ-1005,Conveyor,414.01,High
EVT-0002006,WO-2026-00233,Repair Started,2026-03-19 23:33:00,2026-03-20 01:18:00,T-102,North Depot,N-Bay-1,EQ-1005,Conveyor,705.04,Low
EVT-0002007,WO-2026-00233,Repair Completed,2026-03-20 08:33:00,2026-03-20 10:39:00,T-102,North Depot,N-Bay-1,EQ-1005,Conveyor,1451.02,Low
EVT-0002008,WO-2026-00233,Tested,2026-03-20 10:19:00,2026-03-20 11:25:00,T-102,North Depot,N-Bay-1,EQ-1005,Conveyor,103.60,High
EVT-0002009,WO-2026-00233,Returned to Service,2026-03-20 11:51:00,2026-03-20 13:01:00,T-102,North Depot,N-Bay-1,EQ-1005,Conveyor,2089.80,High
EVT-0002010,WO-2026-00235,Fault Reported,2026-01-14 09:15:00,2026-01-14 11:23:00,T-202,Central Depot,C-Bay-2,EQ-1057,Valve Assembly,1557.56,Medium
EVT-0002011,WO-2026-00235,Triaged,2026-01-14 12:27:00,2026-01-14 12:54:00,T-202,Central Depot,C-Bay-2,EQ-1057,Valve Assembly,795.60,
EVT-0002012,WO-2026-00235,Parts Ordered,2026-01-17 17:27:00,2026-01-17 18:59:00,T-202,Central Depot,C-Bay-2,EQ-1057,Valve Assembly,1477.48,
EVT-0002013,WO-2026-00235,Parts Received,2026-01-17 19:52:00,2026-01-17 22:13:00,T-202,Central Depot,C-Bay-2,EQ-1057,Valve Assembly,1459.17,
EVT-0002014,WO-2026-00235,Repair Started,2026-01-17 22:52:00,2026-01-18 01:37:00,T-202,Central Depot,C-Bay-2,EQ-1057,Valve Assembly,2346.58,
EVT-0002015,WO-2026-00235,Repair Completed,2026-01-17 23:52:00,2026-01-18 02:10:00,T-202,Central Depot,C-Bay-2,EQ-1057,Valve Assembly,1088.37,Low
EVT-0002016,WO-2026-00235,Tested,2026-01-18 02:23:00,2026-01-18 03:49:00,T-202,Central Depot,C-Bay-2,EQ-1057,Valve Assembly,1375.34,Low
EVT-0002017,WO-2026-00235,Returned to Service,2026-01-18 03:32:00,2026-01-18 04:17:00,T-202,Central Depot,C-Bay-2,EQ-1057,Valve Assembly,,Medium
,WO-2026-00236,Fault Reported,2026-04-23 11:12:00,2026-04-23 11:46:00,T-202,South Depot,N-Bay-1,EQ-1162,Valve Assembly,,Low
,WO-2026-00236,Triaged,2026-04-23 13:16:00,2026-04-23 15:07:00,T-202,South Depot,N-Bay-1,EQ-1162,Valve Assembly,733.51,Medium
,WO-2026-00236,Parts Ordered,2026-04-24 21:16:00,2026-04-24 22:05:00,T-202,South Depot,N-Bay-1,EQ-1162,Valve Assembly,1157.62,Low
,WO-2026-00236,Parts Received,2026-04-25 00:44:00,2026-04-25 03:18:00,T-202,South Depot,N-Bay-1,EQ-1162,Valve Assembly,,
,WO-2026-00236,Parts Ordered,2026-04-27 01:44:00,2026-04-27 02:27:00,T-202,South Depot,N-Bay-1,EQ-1162,Valve Assembly,,Low
,WO-2026-00236,Parts Received,2026-04-27 02:24:00,2026-04-27 03:00:00,T-202,South Depot,N-Bay-1,EQ-1162,Valve Assembly,,Medium
,WO-2026-00236,Repair Started,2026-04-27 07:24:00,2026-04-27 07:42:00,T-202,South Depot,N-Bay-1,EQ-1162,Valve Assembly,819.05,Medium
,WO-2026-00236,Repair Completed,2026-04-27 09:24:00,2026-04-27 12:08:00,T-202,South Depot,N-Bay-1,EQ-1162,Valve Assembly,2287.89,High
,WO-2026-00236,Tested,2026-04-27 09:33:00,2026-04-27 10:02:00,T-202,South Depot,N-Bay-1,EQ-1162,Valve Assembly,375.27,High
,WO-2026-00236,Returned to Service,2026-04-27 10:43:00,2026-04-27 11:11:00,T-202,South Depot,N-Bay-1,EQ-1162,Valve Assembly,,
,WO-2026-00237,Fault Reported,2026-03-27 02:58:00,2026-03-27 05:10:00,T-302,South Depot,S-Bay-1,EQ-1705,Generator,1336.66,Low
,WO-2026-00237,Triaged,2026-03-27 05:01:00,2026-03-27 07:53:00,T-202,South Depot,S-Bay-1,EQ-1705,Generator,2502.96,Medium
,WO-2026-00237,Parts Ordered,2026-03-30 05:01:00,2026-03-30 05:11:00,T-202,South Depot,S-Bay-1,EQ-1705,Generator,1827.28,Low
,WO-2026-00237,Parts Received,2026-03-30 05:09:00,2026-03-30 07:13:00,T-202,South Depot,S-Bay-1,EQ-1705,Generator,,Medium
,WO-2026-00237,Repair Started,2026-03-30 10:09:00,2026-03-30 12:40:00,T-202,South Depot,S-Bay-1,EQ-1705,Generator,216.05,Low
,WO-2026-00237,Repair Completed,2026-03-30 12:09:00,2026-03-30 13:07:00,T-202,South Depot,S-Bay-1,EQ-1705,Generator,2368.99,High
,WO-2026-00237,Tested,2026-03-30 14:29:00,2026-03-30 16:59:00,T-202,South Depot,S-Bay-1,EQ-1705,Generator,,High
,WO-2026-00237,Returned to Service,2026-03-30 18:26:00,2026-03-30 20:43:00,T-202,South Depot,S-Bay-1,EQ-1705,Generator,1870.11,Medium
EVT-0002036,WO-2026-00238,Fault Reported,2026-05-13 14:02:00,2026-05-13 15:09:00,T-101,North Depot,C-Field,EQ-1421,Compressor,383.04,
EVT-0002037,WO-2026-00238,Triaged,2026-05-13 15:50:00,2026-05-13 16:07:00,T-101,North Depot,C-Field,EQ-1421,Compressor,825.77,High
EVT-0002038,WO-2026-00238,Parts Ordered,2026-05-13 15:50:00,2026-05-13 17:56:00,T-101,North Depot,C-Field,EQ-1421,Compressor,,High
EVT-0002039,WO-2026-00238,Parts Received,2026-05-13 19:46:00,2026-05-13 21:34:00,T-101,North Depot,C-Field,EQ-1421,Compressor,1963.96,Low
EVT-0002040,WO-2026-00238,Repair Started,2026-05-13 20:46:00,2026-05-13 22:52:00,T-101,North Depot,C-Field,EQ-1421,Compressor,1248.76,
EVT-0002041,WO-2026-00238,Repair Completed,2026-05-14 05:46:00,2026-05-14 08:18:00,T-101,North Depot,C-Field,EQ-1421,Compressor,348.75,Medium
EVT-0002042,WO-2026-00238,Tested,2026-05-14 09:45:00,2026-05-14 11:48:00,T-101,North Depot,C-Field,EQ-1421,Compressor,2383.36,Low
EVT-0002043,WO-2026-00238,Repair Started,2026-05-14 13:45:00,2026-05-14 14:55:00,T-101,North Depot,C-Field,EQ-1421,Compressor,745.53,
EVT-0002044,WO-2026-00238,Repair Completed,2026-05-14 18:45:00,2026-05-14 19:20:00,T-101,North Depot,C-Field,EQ-1421,Compressor,2228.61,
EVT-0002045,WO-2026-00238,Tested,2026-05-14 21:05:00,2026-05-14 22:36:00,T-101,North Depot,C-Field,EQ-1421,Compressor,330.75,Medium
EVT-0002046,WO-2026-00238,Returned to Service,2026-05-14 21:55:00,2026-05-14 23:52:00,T-101,North Depot,C-Field,EQ-1421,Compressor,1416.15,
,WO-2026-00239,Fault Reported,2026-03-26 04:09:00,2026-03-26 05:37:00,T-202,South Depot,S-Bay-1,EQ-1779,Valve Assembly,971.10,Low
,WO-2026-00239,Triaged,2026-03-26 05:06:00,2026-03-26 06:17:00,T-202,South Depot,S-Bay-1,EQ-1779,Valve Assembly,,Low
,WO-2026-00239,Parts Ordered,2026-03-29 18:06:00,2026-03-29 18:15:00,T-202,South Depot,S-Bay-1,EQ-1779,Valve Assembly,2430.70,Medium
,WO-2026-00239,Parts Received,2026-03-29 20:54:00,2026-03-29 23:51:00,T-202,South Depot,S-Bay-1,EQ-1779,Valve Assembly,1139.61,High
,WO-2026-00239,Parts Ordered,2026-03-31 18:54:00,2026-03-31 19:02:00,T-202,South Depot,S-Bay-1,EQ-1779,Valve Assembly,44.76,High
EVT-0002052,WO-2026-00239,Parts Received,2026-03-31 22:20:00,2026-03-31 23:42:00,T-101,North Depot,S-Bay-1,EQ-1779,Valve Assembly,1920.40,High
EVT-0002053,WO-2026-00239,Repair Started,2026-04-01 00:20:00,2026-04-01 02:08:00,T-101,North Depot,S-Bay-1,EQ-1779,Valve Assembly,1288.18,Medium
EVT-0002054,WO-2026-00239,Repair Completed,2026-04-01 12:20:00,2026-04-01 14:18:00,T-101,North Depot,S-Bay-1,EQ-1779,Valve Assembly,1250.09,Medium
EVT-0002055,WO-2026-00239,Tested,2026-04-01 16:02:00,2026-04-01 17:56:00,T-101,North Depot,S-Bay-1,EQ-1779,Valve Assembly,925.92,Low
EVT-0002056,WO-2026-00239,Returned to Service,2026-04-01 19:34:00,2026-04-01 22:22:00,T-101,North Depot,S-Bay-1,EQ-1779,Valve Assembly,,Medium
EVT-0002057,WO-2026-00240,Fault Reported,2026-05-12 14:06:00,2026-05-12 14:46:00,T-101,North Depot,S-Bay-1,EQ-1259,Generator,1377.95,
EVT-0002058,WO-2026-00240,Triaged,2026-05-12 16:27:00,2026-05-12 17:32:00,T-101,North Depot,S-Bay-1,EQ-1259,Generator,,Medium
EVT-0002059,WO-2026-00240,Parts Ordered,2026-05-15 20:27:00,2026-05-15 21:32:00,T-101,North Depot,S-Bay-1,EQ-1259,Generator,1368.89,High
EVT-0002060,WO-2026-00240,Parts Received,2026-05-15 23:06:00,2026-05-16 00:20:00,T-101,North Depot,S-Bay-1,EQ-1259,Generator,183.00,Low
EVT-0002061,WO-2026-00240,Repair Started,2026-05-16 03:06:00,2026-05-16 05:26:00,T-101,North Depot,S-Bay-1,EQ-1259,Generator,1260.02,
EVT-0002062,WO-2026-00240,Repair Completed,2026-05-16 06:06:00,2026-05-16 07:33:00,T-101,North Depot,S-Bay-1,EQ-1259,Generator,1320.73,High
EVT-0002063,WO-2026-00240,Tested,2026-05-16 06:27:00,2026-05-16 07:43:00,T-101,North Depot,S-Bay-1,EQ-1259,Generator,668.71,Low
EVT-0002064,WO-2026-00240,Returned to Service,2026-05-16 06:38:00,2026-05-16 08:44:00,T-101,North Depot,S-Bay-1,EQ-1259,Generator,873.50,Medium
EVT-0002065,WO-2026-00241,Fault Reported,2026-04-20 09:22:00,2026-04-20 11:06:00,T-101,North Depot,N-Bay-2,EQ-1850,Conveyor,2297.52,High
EVT-0002066,WO-2026-00241,Triaged,2026-04-20 10:28:00,2026-04-20 11:19:00,T-101,North Depot,N-Bay-2,EQ-1850,Conveyor,,
EVT-0002067,WO-2026-00241,Parts Ordered,2026-04-24 09:28:00,2026-04-24 10:42:00,T-101,North Depot,N-Bay-2,EQ-1850,Conveyor,231.00,Low
EVT-0002068,WO-2026-00241,Parts Received,2026-04-24 13:05:00,2026-04-24 15:58:00,T-101,North Depot,N-Bay-2,EQ-1850,Conveyor,2272.08,High
EVT-0002069,WO-2026-00241,Repair Started,2026-04-24 21:05:00,2026-04-24 23:13:00,T-201,Central Depot,N-Bay-2,EQ-1850,Conveyor,1755.16,Low
EVT-0002070,WO-2026-00241,Repair Completed,2026-04-24 23:05:00,2026-04-24 23:31:00,T-201,Central Depot,N-Bay-2,EQ-1850,Conveyor,518.03,High
EVT-0002071,WO-2026-00241,Tested,2026-04-25 01:26:00,2026-04-25 03:17:00,T-101,North Depot,N-Bay-2,EQ-1850,Conveyor,2418.82,Low
EVT-0002072,WO-2026-00241,Returned to Service,2026-04-25 04:10:00,2026-04-25 06:09:00,T-101,North Depot,N-Bay-2,EQ-1850,Conveyor,522.69,Low
EVT-0002073,WO-2026-00242,Fault Reported,2026-05-28 03:58:00,2026-05-28 04:30:00,T-101,North Depot,N-Bay-1,EQ-1161,Conveyor,2564.84,High
EVT-0002074,WO-2026-00242,Triaged,2026-05-28 06:48:00,2026-05-28 06:55:00,T-101,North Depot,N-Bay-1,EQ-1161,Conveyor,111.62,High
EVT-0002075,WO-2026-00243,Fault Reported,2026-05-10 23:45:00,2026-05-11 00:10:00,T-302,Central Depot,C-Field,EQ-1543,Conveyor,1803.14,Low
EVT-0002076,WO-2026-00243,Triaged,2026-05-11 00:36:00,2026-05-11 02:47:00,T-102,North Depot,C-Field,EQ-1543,Conveyor,1675.24,Low
EVT-0002077,WO-2026-00243,Parts Ordered,2026-05-12 04:36:00,2026-05-12 07:28:00,T-102,North Depot,C-Field,EQ-1543,Conveyor,,Medium
EVT-0002078,WO-2026-00243,Parts Received,2026-05-12 08:19:00,2026-05-12 08:50:00,T-102,North Depot,C-Field,EQ-1543,Conveyor,758.73,Medium
EVT-0002079,WO-2026-00243,Repair Started,2026-05-12 20:19:00,2026-05-12 23:08:00,T-102,North Depot,C-Field,EQ-1543,Conveyor,,
EVT-0002080,WO-2026-00243,Repair Completed,2026-05-13 05:19:00,2026-05-13 06:52:00,T-102,North Depot,C-Field,EQ-1543,Conveyor,2240.92,High
EVT-0002081,WO-2026-00243,Tested,2026-05-13 06:48:00,2026-05-13 07:46:00,T-102,North Depot,C-Field,EQ-1543,Conveyor,2509.98,High
EVT-0002082,WO-2026-00243,Returned to Service,2026-05-13 07:30:00,2026-05-13 08:54:00,T-102,North Depot,C-Field,EQ-1543,Conveyor,,High
,WO-2026-00244,Fault Reported,2026-01-24 20:49:00,2026-01-24 21:49:00,T-301,South Depot,S-Bay-1,EQ-1625,Generator,,
,WO-2026-00244,Triaged,2026-01-24 20:56:00,2026-01-24 21:15:00,T-301,South Depot,S-Bay-1,EQ-1625,Generator,1908.79,Medium
,WO-2026-00244,Parts Ordered,2026-01-28 01:56:00,2026-01-28 03:31:00,T-301,South Depot,S-Bay-1,EQ-1625,Generator,1046.69,Low
,WO-2026-00244,Parts Received,2026-01-28 02:03:00,2026-01-28 03:48:00,T-301,South Depot,S-Bay-1,EQ-1625,Generator,1367.27,High
,WO-2026-00244,Repair Started,2026-01-28 07:03:00,2026-01-28 07:23:00,T-301,South Depot,S-Bay-1,EQ-1625,Generator,1730.65,Low
,WO-2026-00244,Repair Completed,2026-01-28 10:03:00,2026-01-28 12:36:00,T-301,South Depot,S-Bay-1,EQ-1625,Generator,392.71,
,WO-2026-00244,Tested,2026-01-28 12:24:00,2026-01-28 14:54:00,T-301,South Depot,S-Bay-1,EQ-1625,Generator,667.05,Low
,WO-2026-00244,Returned to Service,2026-01-28 14:30:00,2026-01-28 17:15:00,T-301,South Depot,S-Bay-1,EQ-1625,Generator,226.29,Low
EVT-0002091,WO-2026-00245,Fault Reported,2026-04-04 06:35:00,2026-04-04 06:50:00,T-102,North Depot,N-Bay-2,EQ-1165,Generator,2029.47,High
EVT-0002092,WO-2026-00245,Triaged,2026-04-04 09:15:00,2026-04-04 10:07:00,T-201,Central Depot,N-Bay-2,EQ-1165,Generator,319.60,
EVT-0002093,WO-2026-00245,Triaged,2026-04-04 10:43:00,2026-04-04 13:39:00,T-201,Central Depot,N-Bay-2,EQ-1165,Generator,424.33,Medium
EVT-0002094,WO-2026-00245,Parts Ordered,2026-04-05 12:43:00,2026-04-05 13:12:00,T-302,Central Depot,N-Bay-2,EQ-1165,Generator,896.28,High
EVT-0002095,WO-2026-00245,Parts Received,2026-04-05 14:28:00,2026-04-05 15:56:00,T-302,Central Depot,N-Bay-2,EQ-1165,Generator,315.42,Low
EVT-0002096,WO-2026-00245,Repair Started,2026-04-06 01:28:00,2026-04-06 01:59:00,T-302,Central Depot,N-Bay-2,EQ-1165,Generator,182.95,
EVT-0002097,WO-2026-00245,Repair Completed,2026-04-06 07:28:00,2026-04-06 07:34:00,T-302,Central Depot,N-Bay-2,EQ-1165,Generator,2488.18,High
EVT-0002098,WO-2026-00245,Tested,2026-04-06 09:23:00,2026-04-06 10:29:00,T-302,Central Depot,N-Bay-2,EQ-1165,Generator,1532.43,High
EVT-0002099,WO-2026-00245,Returned to Service,2026-04-06 12:10:00,2026-04-06 15:03:00,T-302,Central Depot,N-Bay-2,EQ-1165,Generator,607.18,High
EVT-0002100,WO-2026-00246,Fault Reported,2026-03-14 23:38:00,2026-03-15 01:09:00,T-202,Central Depot,N-Field,EQ-1771,Generator,260.23,
,WO-2026-00246,Triaged,2026-03-15 03:14:00,2026-03-15 04:45:00,T-202,South Depot,N-Field,EQ-1771,Generator,,High
,WO-2026-00246,Parts Ordered,2026-03-16 17:14:00,2026-03-16 18:42:00,T-202,South Depot,N-Field,EQ-1771,Generator,,Low
,WO-2026-00246,Parts Received,2026-03-16 21:05:00,2026-03-17 00:03:00,T-202,South Depot,N-Field,EQ-1771,Generator,,
,WO-2026-00246,Repair Started,2026-03-17 05:05:00,2026-03-17 05:40:00,T-202,South Depot,N-Field,EQ-1771,Generator,,Low
,WO-2026-00246,Repair Completed,2026-03-17 16:05:00,2026-03-17 17:17:00,T-202,South Depot,N-Field,EQ-1771,Generator,613.49,Medium
,WO-2026-00246,Tested,2026-03-17 18:11:00,2026-03-17 21:07:00,T-202,South Depot,N-Field,EQ-1771,Generator,2020.89,
,WO-2026-00246,Returned to Service,2026-03-17 19:43:00,2026-03-17 21:32:00,T-202,South Depot,N-Field,EQ-1771,Generator,2457.31,Medium
EVT-0002108,WO-2026-00247,Fault Reported,2026-01-30 15:24:00,2026-01-30 15:52:00,T-202,Central Depot,C-Workshop,EQ-1622,Pump,2010.83,Medium
EVT-0002109,WO-2026-00247,Triaged,2026-01-30 15:35:00,2026-01-30 17:24:00,T-202,Central Depot,C-Workshop,EQ-1622,Pump,612.13,Medium
EVT-0002110,WO-2026-00247,Parts Ordered,2026-02-01 08:35:00,2026-02-01 09:29:00,T-202,Central Depot,C-Workshop,EQ-1622,Pump,51.96,
EVT-0002111,WO-2026-00247,Parts Received,2026-02-01 10:12:00,2026-02-01 12:49:00,T-202,Central Depot,C-Workshop,EQ-1622,Pump,290.09,Medium
EVT-0002112,WO-2026-00247,Parts Ordered,2026-02-03 10:12:00,2026-02-03 12:19:00,T-202,Central Depot,C-Workshop,EQ-1622,Pump,2261.08,Low
EVT-0002113,WO-2026-00247,Parts Received,2026-02-03 13:49:00,2026-02-03 14:16:00,T-202,Central Depot,C-Workshop,EQ-1622,Pump,,
EVT-0002114,WO-2026-00247,Repair Started,2026-02-03 15:49:00,2026-02-03 16:55:00,T-202,Central Depot,C-Workshop,EQ-1622,Pump,1743.71,High
EVT-0002115,WO-2026-00247,Repair Completed,2026-02-04 00:49:00,2026-02-04 01:49:00,T-202,Central Depot,C-Workshop,EQ-1622,Pump,1179.33,Medium
EVT-0002116,WO-2026-00247,Tested,2026-02-04 03:17:00,2026-02-04 06:08:00,T-202,Central Depot,C-Workshop,EQ-1622,Pump,1076.97,High
EVT-0002117,WO-2026-00247,Returned to Service,2026-02-04 05:51:00,2026-02-04 06:07:00,T-202,Central Depot,C-Workshop,EQ-1622,Pump,278.90,
EVT-0002118,WO-2026-00248,Fault Reported,2026-01-30 03:09:00,2026-01-30 03:56:00,T-102,North Depot,N-Bay-2,EQ-1401,Compressor,,
EVT-0002119,WO-2026-00248,Triaged,2026-01-30 05:35:00,2026-01-30 08:32:00,T-101,North Depot,N-Bay-2,EQ-1401,Compressor,1602.67,Medium
EVT-0002120,WO-2026-00248,Triaged,2026-01-30 09:09:00,2026-01-30 10:40:00,T-101,North Depot,N-Bay-2,EQ-1401,Compressor,2223.88,
EVT-0002121,WO-2026-00248,Parts Ordered,2026-01-31 15:09:00,2026-01-31 17:31:00,T-101,North Depot,N-Bay-2,EQ-1401,Compressor,1031.83,
EVT-0002122,WO-2026-00248,Parts Received,2026-01-31 18:38:00,2026-01-31 21:03:00,T-102,North Depot,N-Bay-2,EQ-1401,Compressor,,
EVT-0002123,WO-2026-00248,Repair Started,2026-02-01 00:38:00,2026-02-01 02:31:00,T-102,North Depot,N-Bay-2,EQ-1401,Compressor,,Medium
EVT-0002124,WO-2026-00248,Repair Completed,2026-02-01 12:38:00,2026-02-01 13:32:00,T-102,North Depot,N-Bay-2,EQ-1401,Compressor,2151.88,Low
EVT-0002125,WO-2026-00248,Tested,2026-02-01 15:48:00,2026-02-01 17:02:00,T-102,North Depot,N-Bay-2,EQ-1401,Compressor,548.75,Medium
EVT-0002126,WO-2026-00248,Returned to Service,2026-02-01 16:30:00,2026-02-01 17:28:00,T-102,North Depot,N-Bay-2,EQ-1401,Compressor,1748.09,Medium
EVT-0002127,WO-2026-00249,Fault Reported,2026-02-09 19:09:00,2026-02-09 21:42:00,T-101,North Depot,N-Field,EQ-1469,Compressor,87.26,Medium
EVT-0002128,WO-2026-00249,Triaged,2026-02-09 22:20:00,2026-02-10 00:30:00,T-101,North Depot,N-Field,EQ-1469,Compressor,,High
EVT-0002129,WO-2026-00249,Parts Ordered,2026-02-11 06:20:00,2026-02-11 07:25:00,T-101,North Depot,N-Field,EQ-1469,Compressor,2514.87,Medium
EVT-0002130,WO-2026-00249,Parts Received,2026-02-11 06:44:00,2026-02-11 07:35:00,T-101,North Depot,N-Field,EQ-1469,Compressor,190.20,High
EVT-0002131,WO-2026-00249,Repair Started,2026-02-11 14:44:00,2026-02-11 16:54:00,T-101,North Depot,N-Field,EQ-1469,Compressor,545.63,High
,WO-2026-00249,Repair Completed,2026-02-12 01:44:00,2026-02-12 03:29:00,T-301,South Depot,N-Field,EQ-1469,Compressor,788.20,Medium
,WO-2026-00249,Tested,2026-02-12 05:15:00,2026-02-12 07:15:00,T-301,South Depot,N-Field,EQ-1469,Compressor,1065.13,
EVT-0002134,WO-2026-00249,Repair Started,2026-02-12 16:15:00,2026-02-12 18:35:00,T-102,North Depot,N-Field,EQ-1469,Compressor,,Medium
EVT-0002135,WO-2026-00249,Repair Completed,2026-02-13 01:15:00,2026-02-13 03:49:00,T-102,North Depot,N-Field,EQ-1469,Compressor,,Low
EVT-0002136,WO-2026-00249,Tested,2026-02-13 04:54:00,2026-02-13 07:52:00,T-102,North Depot,N-Field,EQ-1469,Compressor,319.51,
EVT-0002137,WO-2026-00249,Returned to Service,2026-02-13 07:18:00,2026-02-13 08:02:00,T-102,North Depot,N-Field,EQ-1469,Compressor,1021.36,Low
EVT-0002138,WO-2026-00250,Fault Reported,2026-01-06 19:52:00,2026-01-06 21:49:00,T-101,North Depot,N-Bay-1,EQ-1193,Conveyor,2119.77,
EVT-0002139,WO-2026-00250,Triaged,2026-01-06 23:31:00,2026-01-07 02:13:00,T-101,North Depot,N-Bay-1,EQ-1193,Conveyor,775.79,High
EVT-0002140,WO-2026-00250,Parts Ordered,2026-01-08 12:31:00,2026-01-08 12:41:00,T-101,North Depot,N-Bay-1,EQ-1193,Conveyor,,High
EVT-0002141,WO-2026-00250,Parts Received,2026-01-08 14:18:00,2026-01-08 16:33:00,T-201,Central Depot,N-Bay-1,EQ-1193,Conveyor,2539.81,
EVT-0002142,WO-2026-00250,Repair Started,2026-01-09 01:18:00,2026-01-09 02:16:00,T-201,Central Depot,N-Bay-1,EQ-1193,Conveyor,1217.78,Low
EVT-0002143,WO-2026-00250,Repair Completed,2026-01-09 09:18:00,2026-01-09 11:18:00,T-102,North Depot,N-Bay-1,EQ-1193,Conveyor,314.77,Low
EVT-0002144,WO-2026-00250,Tested,2026-01-09 09:52:00,2026-01-09 12:50:00,T-102,North Depot,N-Bay-1,EQ-1193,Conveyor,340.92,High
EVT-0002145,WO-2026-00250,Returned to Service,2026-01-09 11:32:00,2026-01-09 11:59:00,T-102,North Depot,N-Bay-1,EQ-1193,Conveyor,440.34,High
EVT-0002146,WO-2026-00251,Fault Reported,2026-05-12 01:03:00,2026-05-12 02:43:00,T-302,Central Depot,S-Bay-1,EQ-1169,Compressor,608.50,Low
EVT-0002147,WO-2026-00251,Triaged,2026-05-12 04:10:00,2026-05-12 06:45:00,T-302,Central Depot,S-Bay-1,EQ-1169,Compressor,1336.42,Medium
EVT-0002148,WO-2026-00251,Parts Ordered,2026-05-16 01:10:00,2026-05-16 01:25:00,T-302,Central Depot,S-Bay-1,EQ-1169,Compressor,,High
EVT-0002149,WO-2026-00251,Parts Received,2026-05-16 03:48:00,2026-05-16 04:21:00,T-302,Central Depot,S-Bay-1,EQ-1169,Compressor,,Low
EVT-0002150,WO-2026-00251,Repair Started,2026-05-16 09:48:00,2026-05-16 10:19:00,T-302,Central Depot,S-Bay-1,EQ-1169,Compressor,,Medium
EVT-0002151,WO-2026-00251,Repair Completed,2026-05-16 19:48:00,2026-05-16 20:28:00,T-302,Central Depot,S-Bay-1,EQ-1169,Compressor,2068.22,Medium
EVT-0002152,WO-2026-00251,Tested,2026-05-16 22:34:00,2026-05-17 01:31:00,T-302,Central Depot,S-Bay-1,EQ-1169,Compressor,802.87,
,WO-2026-00251,Returned to Service,2026-05-16 23:26:00,2026-05-16 23:40:00,T-202,South Depot,S-Bay-1,EQ-1169,Compressor,62.81,Low
,WO-2026-00252,Fault Reported,2026-03-10 18:12:00,2026-03-10 20:35:00,T-301,South Depot,C-Bay-2,EQ-1739,Compressor,795.22,High
,WO-2026-00252,Triaged,2026-03-10 19:35:00,2026-03-10 20:50:00,T-302,South Depot,C-Bay-2,EQ-1739,Compressor,1426.77,
,WO-2026-00252,Parts Ordered,2026-03-14 16:35:00,2026-03-14 19:24:00,T-302,South Depot,C-Bay-2,EQ-1739,Compressor,1274.46,Medium
,WO-2026-00252,Parts Received,2026-03-14 16:49:00,2026-03-14 19:25:00,T-302,South Depot,C-Bay-2,EQ-1739,Compressor,848.91,
,WO-2026-00252,Parts Ordered,2026-03-17 16:49:00,2026-03-17 17:06:00,T-202,South Depot,C-Bay-2,EQ-1739,Compressor,,Medium
,WO-2026-00252,Parts Received,2026-03-17 17:36:00,2026-03-17 20:17:00,T-202,South Depot,C-Bay-2,EQ-1739,Compressor,2076.54,
,WO-2026-00252,Repair Started,2026-03-18 00:36:00,2026-03-18 02:59:00,T-202,South Depot,C-Bay-2,EQ-1739,Compressor,1322.51,Medium
,WO-2026-00252,Repair Completed,2026-03-18 11:36:00,2026-03-18 11:42:00,T-202,South Depot,C-Bay-2,EQ-1739,Compressor,1986.01,Medium
,WO-2026-00252,Tested,2026-03-18 14:17:00,2026-03-18 14:38:00,T-202,South Depot,C-Bay-2,EQ-1739,Compressor,1184.36,Medium
,WO-2026-00252,Returned to Service,2026-03-18 17:45:00,2026-03-18 19:47:00,T-202,South Depot,C-Bay-2,EQ-1739,Compressor,2337.27,
EVT-0002164,WO-2026-00253,Fault Reported,2026-03-05 01:09:00,2026-03-05 01:14:00,T-202,Central Depot,S-Field,EQ-1352,Conveyor,579.45,
EVT-0002165,WO-2026-00253,Triaged,2026-03-05 01:48:00,2026-03-05 03:32:00,T-202,Central Depot,S-Field,EQ-1352,Conveyor,,Medium
EVT-0002166,WO-2026-00253,Parts Ordered,2026-03-06 14:48:00,2026-03-06 17:22:00,T-202,Central Depot,S-Field,EQ-1352,Conveyor,1993.79,Medium
EVT-0002167,WO-2026-00253,Parts Received,2026-03-06 17:07:00,2026-03-06 18:37:00,T-202,Central Depot,S-Field,EQ-1352,Conveyor,1032.54,Medium
EVT-0002168,WO-2026-00253,Repair Started,2026-03-06 18:07:00,2026-03-06 19:10:00,T-202,Central Depot,S-Field,EQ-1352,Conveyor,1339.60,High
EVT-0002169,WO-2026-00253,Repair Completed,2026-03-07 01:07:00,2026-03-07 03:21:00,T-202,Central Depot,S-Field,EQ-1352,Conveyor,593.76,Low
EVT-0002170,WO-2026-00253,Tested,2026-03-07 01:29:00,2026-03-07 03:59:00,T-202,Central Depot,S-Field,EQ-1352,Conveyor,1265.71,High
EVT-0002171,WO-2026-00253,Returned to Service,2026-03-07 03:50:00,2026-03-07 06:12:00,T-202,Central Depot,S-Field,EQ-1352,Conveyor,1273.81,Medium
EVT-0002172,WO-2026-00254,Fault Reported,2026-03-13 02:57:00,2026-03-13 05:21:00,T-202,Central Depot,S-Field,EQ-1844,Valve Assembly,511.69,High
EVT-0002173,WO-2026-00254,Triaged,2026-03-13 05:56:00,2026-03-13 06:20:00,T-202,Central Depot,S-Field,EQ-1844,Valve Assembly,,High
EVT-0002174,WO-2026-00254,Parts Ordered,2026-03-14 20:56:00,2026-03-14 21:17:00,T-202,Central Depot,S-Field,EQ-1844,Valve Assembly,1985.23,High
EVT-0002175,WO-2026-00254,Parts Received,2026-03-14 21:41:00,2026-03-14 23:02:00,T-202,Central Depot,S-Field,EQ-1844,Valve Assembly,1433.21,High
,WO-2026-00254,Repair Started,2026-03-15 06:41:00,2026-03-15 07:38:00,T-202,South Depot,S-Field,EQ-1844,Valve Assembly,,
,WO-2026-00254,Repair Completed,2026-03-15 08:41:00,2026-03-15 10:52:00,T-202,South Depot,S-Field,EQ-1844,Valve Assembly,2347.68,
,WO-2026-00254,Tested,2026-03-15 09:35:00,2026-03-15 12:20:00,T-202,South Depot,S-Field,EQ-1844,Valve Assembly,1314.58,
,WO-2026-00254,Returned to Service,2026-03-15 11:16:00,2026-03-15 12:19:00,T-202,South Depot,S-Field,EQ-1844,Valve Assembly,2076.01,Low
EVT-0002180,WO-2026-00255,Fault Reported,2026-01-11 10:16:00,2026-01-11 11:53:00,T-201,Central Depot,N-Bay-2,EQ-1518,Valve Assembly,2096.32,Low
EVT-0002181,WO-2026-00255,Triaged,2026-01-11 12:53:00,2026-01-11 13:42:00,T-201,Central Depot,N-Bay-2,EQ-1518,Valve Assembly,1090.70,High
EVT-0002182,WO-2026-00255,Parts Ordered,2026-01-11 12:53:00,2026-01-11 15:10:00,T-201,Central Depot,N-Bay-2,EQ-1518,Valve Assembly,,Medium
EVT-0002183,WO-2026-00255,Parts Received,2026-01-11 13:43:00,2026-01-11 14:09:00,T-201,Central Depot,N-Bay-2,EQ-1518,Valve Assembly,776.05,Low
EVT-0002184,WO-2026-00255,Repair Started,2026-01-11 21:43:00,2026-01-11 23:09:00,T-202,Central Depot,N-Bay-2,EQ-1518,Valve Assembly,951.79,High
EVT-0002185,WO-2026-00255,Repair Completed,2026-01-12 09:43:00,2026-01-12 11:12:00,T-202,Central Depot,N-Bay-2,EQ-1518,Valve Assembly,1136.65,Low
EVT-0002186,WO-2026-00255,Tested,2026-01-12 12:09:00,2026-01-12 12:15:00,T-202,Central Depot,N-Bay-2,EQ-1518,Valve Assembly,,Medium
EVT-0002187,WO-2026-00255,Repair Started,2026-01-12 13:09:00,2026-01-12 15:31:00,T-202,Central Depot,N-Bay-2,EQ-1518,Valve Assembly,,
EVT-0002188,WO-2026-00255,Repair Completed,2026-01-12 19:09:00,2026-01-12 21:54:00,T-202,Central Depot,N-Bay-2,EQ-1518,Valve Assembly,2304.00,Medium
EVT-0002189,WO-2026-00255,Tested,2026-01-12 19:54:00,2026-01-12 22:30:00,T-202,Central Depot,N-Bay-2,EQ-1518,Valve Assembly,2475.24,
EVT-0002190,WO-2026-00255,Returned to Service,2026-01-12 22:58:00,2026-01-13 01:09:00,T-202,Central Depot,N-Bay-2,EQ-1518,Valve Assembly,2420.58,High
EVT-0002191,WO-2026-00256,Fault Reported,2026-01-25 12:06:00,2026-01-25 13:18:00,T-101,North Depot,N-Bay-2,EQ-1822,Conveyor,,
EVT-0002192,WO-2026-00256,Triaged,2026-01-25 12:27:00,2026-01-25 12:54:00,T-101,North Depot,N-Bay-2,EQ-1822,Conveyor,2412.06,
EVT-0002193,WO-2026-00256,Parts Ordered,2026-01-26 16:27:00,2026-01-26 16:39:00,T-101,North Depot,N-Bay-2,EQ-1822,Conveyor,1777.53,High
EVT-0002194,WO-2026-00256,Parts Received,2026-01-26 20:25:00,2026-01-26 22:05:00,T-101,North Depot,N-Bay-2,EQ-1822,Conveyor,1937.40,Low
EVT-0002195,WO-2026-00256,Repair Started,2026-01-26 21:25:00,2026-01-26 22:07:00,T-101,North Depot,N-Bay-2,EQ-1822,Conveyor,1433.80,Medium
EVT-0002196,WO-2026-00256,Repair Completed,2026-01-27 04:25:00,2026-01-27 05:47:00,T-101,North Depot,N-Bay-2,EQ-1822,Conveyor,1553.97,Medium
EVT-0002197,WO-2026-00256,Tested,2026-01-27 06:35:00,2026-01-27 09:19:00,T-101,North Depot,N-Bay-2,EQ-1822,Conveyor,1586.06,Low
EVT-0002198,WO-2026-00256,Returned to Service,2026-01-27 10:16:00,2026-01-27 13:09:00,T-101,North Depot,N-Bay-2,EQ-1822,Conveyor,305.71,
,WO-2026-00257,Fault Reported,2026-03-14 00:48:00,2026-03-14 01:14:00,T-302,South Depot,N-Bay-1,EQ-1007,Compressor,2501.49,High
,WO-2026-00257,Triaged,2026-03-14 03:20:00,2026-03-14 04:38:00,T-302,South Depot,N-Bay-1,EQ-1007,Compressor,238.64,
,WO-2026-00257,Parts Ordered,2026-03-17 05:20:00,2026-03-17 06:12:00,T-302,South Depot,N-Bay-1,EQ-1007,Compressor,,High
,WO-2026-00257,Parts Received,2026-03-17 07:36:00,2026-03-17 10:13:00,T-302,South Depot,N-Bay-1,EQ-1007,Compressor,,
,WO-2026-00257,Repair Started,2026-03-17 11:36:00,2026-03-17 13:24:00,T-302,South Depot,N-Bay-1,EQ-1007,Compressor,67.44,Low
,WO-2026-00257,Repair Completed,2026-03-17 23:36:00,2026-03-18 02:17:00,T-302,South Depot,N-Bay-1,EQ-1007,Compressor,469.05,Medium
,WO-2026-00257,Tested,2026-03-18 01:47:00,2026-03-18 03:33:00,T-302,South Depot,N-Bay-1,EQ-1007,Compressor,1881.54,
,WO-2026-00257,Returned to Service,2026-03-18 02:54:00,2026-03-18 05:15:00,T-302,South Depot,N-Bay-1,EQ-1007,Compressor,1635.35,Medium
EVT-0002207,WO-2026-00258,Fault Reported,2026-03-03 13:09:00,2026-03-03 15:53:00,T-101,North Depot,C-Bay-1,EQ-1118,Valve Assembly,,
EVT-0002208,WO-2026-00258,Triaged,2026-03-03 14:44:00,2026-03-03 15:16:00,T-101,North Depot,C-Bay-1,EQ-1118,Valve Assembly,,
EVT-0002209,WO-2026-00258,Triaged,2026-03-03 17:38:00,2026-03-03 20:11:00,T-101,North Depot,C-Bay-1,EQ-1118,Valve Assembly,783.02,
EVT-0002210,WO-2026-00258,Parts Ordered,2026-03-06 09:38:00,2026-03-06 10:43:00,T-101,North Depot,C-Bay-1,EQ-1118,Valve Assembly,,Medium
EVT-0002211,WO-2026-00258,Parts Received,2026-03-06 12:21:00,2026-03-06 14:26:00,T-101,North Depot,C-Bay-1,EQ-1118,Valve Assembly,270.25,Low
EVT-0002212,WO-2026-00258,Repair Started,2026-03-06 20:21:00,2026-03-06 22:40:00,T-101,North Depot,C-Bay-1,EQ-1118,Valve Assembly,1327.92,Medium
EVT-0002213,WO-2026-00258,Repair Completed,2026-03-07 08:21:00,2026-03-07 08:33:00,T-101,North Depot,C-Bay-1,EQ-1118,Valve Assembly,321.87,Medium
EVT-0002214,WO-2026-00258,Tested,2026-03-07 12:02:00,2026-03-07 14:11:00,T-101,North Depot,C-Bay-1,EQ-1118,Valve Assembly,400.68,
EVT-0002215,WO-2026-00258,Returned to Service,2026-03-07 14:26:00,2026-03-07 14:39:00,T-101,North Depot,C-Bay-1,EQ-1118,Valve Assembly,,
,WO-2026-00259,Fault Reported,2026-03-17 19:08:00,2026-03-17 20:43:00,T-301,South Depot,S-Field,EQ-1334,Compressor,1016.41,Medium
,WO-2026-00259,Triaged,2026-03-17 20:56:00,2026-03-17 22:27:00,T-301,South Depot,S-Field,EQ-1334,Compressor,423.71,Low
,WO-2026-00259,Parts Ordered,2026-03-21 10:56:00,2026-03-21 11:52:00,T-301,South Depot,S-Field,EQ-1334,Compressor,547.89,High
,WO-2026-00259,Parts Received,2026-03-21 14:41:00,2026-03-21 15:52:00,T-301,South Depot,S-Field,EQ-1334,Compressor,1268.85,High
,WO-2026-00259,Repair Started,2026-03-21 16:41:00,2026-03-21 16:55:00,T-301,South Depot,S-Field,EQ-1334,Compressor,1038.89,High
,WO-2026-00259,Repair Completed,2026-03-22 00:41:00,2026-03-22 03:37:00,T-301,South Depot,S-Field,EQ-1334,Compressor,,
,WO-2026-00259,Tested,2026-03-22 01:07:00,2026-03-22 03:54:00,T-301,South Depot,S-Field,EQ-1334,Compressor,,Low
,WO-2026-00259,Returned to Service,2026-03-22 04:47:00,2026-03-22 06:07:00,T-301,South Depot,S-Field,EQ-1334,Compressor,1918.98,Low
EVT-0002224,WO-2026-00260,Fault Reported,2026-04-07 01:09:00,2026-04-07 02:23:00,T-102,North Depot,N-Bay-1,EQ-1488,Conveyor,1610.20,
EVT-0002225,WO-2026-00260,Triaged,2026-04-07 01:23:00,2026-04-07 03:43:00,T-102,North Depot,N-Bay-1,EQ-1488,Conveyor,467.23,
EVT-0002226,WO-2026-00260,Parts Ordered,2026-04-08 21:23:00,2026-04-08 23:03:00,T-102,North Depot,N-Bay-1,EQ-1488,Conveyor,492.62,High
EVT-0002227,WO-2026-00260,Parts Received,2026-04-09 00:58:00,2026-04-09 03:05:00,T-102,North Depot,N-Bay-1,EQ-1488,Conveyor,1407.76,
EVT-0002228,WO-2026-00260,Repair Started,2026-04-09 11:58:00,2026-04-09 13:20:00,T-102,North Depot,N-Bay-1,EQ-1488,Conveyor,249.22,High
EVT-0002229,WO-2026-00260,Repair Completed,2026-04-09 16:58:00,2026-04-09 18:48:00,T-102,North Depot,N-Bay-1,EQ-1488,Conveyor,210.97,High
EVT-0002230,WO-2026-00260,Tested,2026-04-09 20:29:00,2026-04-09 20:43:00,T-102,North Depot,N-Bay-1,EQ-1488,Conveyor,352.83,
EVT-0002231,WO-2026-00260,Repair Started,2026-04-10 00:29:00,2026-04-10 01:10:00,T-102,North Depot,N-Bay-1,EQ-1488,Conveyor,1854.72,Low
EVT-0002232,WO-2026-00260,Repair Completed,2026-04-10 11:29:00,2026-04-10 13:02:00,T-102,North Depot,N-Bay-1,EQ-1488,Conveyor,,
EVT-0002233,WO-2026-00260,Tested,2026-04-10 13:09:00,2026-04-10 14:02:00,T-101,North Depot,N-Bay-1,EQ-1488,Conveyor,,
EVT-0002234,WO-2026-00260,Returned to Service,2026-04-10 13:49:00,2026-04-10 16:08:00,T-101,North Depot,N-Bay-1,EQ-1488,Conveyor,1302.11,
,WO-2026-00261,Fault Reported,2026-01-13 19:33:00,2026-01-13 20:37:00,T-302,South Depot,C-Bay-1,EQ-1119,Compressor,2342.29,Low
,WO-2026-00261,Triaged,2026-01-13 21:01:00,2026-01-13 22:59:00,T-302,South Depot,C-Bay-1,EQ-1119,Compressor,43.11,Medium
,WO-2026-00261,Parts Ordered,2026-01-17 02:01:00,2026-01-17 04:13:00,T-302,South Depot,C-Bay-1,EQ-1119,Compressor,248.94,Low
,WO-2026-00261,Parts Received,2026-01-17 05:29:00,2026-01-17 07:48:00,T-302,South Depot,C-Bay-1,EQ-1119,Compressor,,
,WO-2026-00261,Repair Started,2026-01-17 07:29:00,2026-01-17 09:29:00,T-302,South Depot,C-Bay-1,EQ-1119,Compressor,,Low
,WO-2026-00261,Repair Completed,2026-01-17 17:29:00,2026-01-17 17:50:00,T-302,South Depot,C-Bay-1,EQ-1119,Compressor,391.83,Medium
,WO-2026-00261,Tested,2026-01-17 18:22:00,2026-01-17 19:50:00,T-302,South Depot,C-Bay-1,EQ-1119,Compressor,2118.06,Medium
,WO-2026-00261,Repair Started,2026-01-17 21:22:00,2026-01-17 23:28:00,T-302,South Depot,C-Bay-1,EQ-1119,Compressor,2303.21,Medium
,WO-2026-00261,Repair Completed,2026-01-18 09:22:00,2026-01-18 12:10:00,T-302,South Depot,C-Bay-1,EQ-1119,Compressor,1244.71,High
,WO-2026-00261,Tested,2026-01-18 12:41:00,2026-01-18 13:13:00,T-302,South Depot,C-Bay-1,EQ-1119,Compressor,,Medium
,WO-2026-00261,Returned to Service,2026-01-18 16:05:00,2026-01-18 18:41:00,T-301,South Depot,C-Bay-1,EQ-1119,Compressor,1962.06,
EVT-0002246,WO-2026-00262,Fault Reported,2026-04-24 16:03:00,2026-04-24 16:20:00,T-302,Central Depot,C-Bay-1,EQ-1693,Pump,351.96,
EVT-0002247,WO-2026-00262,Triaged,2026-04-24 19:17:00,2026-04-24 19:24:00,T-302,Central Depot,C-Bay-1,EQ-1693,Pump,2340.76,Medium
EVT-0002248,WO-2026-00262,Parts Ordered,2026-04-26 04:17:00,2026-04-26 04:57:00,T-302,Central Depot,C-Bay-1,EQ-1693,Pump,610.24,High
EVT-0002249,WO-2026-00262,Parts Received,2026-04-26 08:13:00,2026-04-26 10:20:00,T-302,Central Depot,C-Bay-1,EQ-1693,Pump,2416.27,Medium
EVT-0002250,WO-2026-00262,Repair Started,2026-04-26 20:13:00,2026-04-26 21:37:00,T-302,Central Depot,C-Bay-1,EQ-1693,Pump,2174.99,High
EVT-0002251,WO-2026-00262,Repair Completed,2026-04-27 06:13:00,2026-04-27 06:45:00,T-302,Central Depot,C-Bay-1,EQ-1693,Pump,860.31,
EVT-0002252,WO-2026-00262,Tested,2026-04-27 09:14:00,2026-04-27 10:32:00,T-302,Central Depot,C-Bay-1,EQ-1693,Pump,1890.67,
EVT-0002253,WO-2026-00262,Returned to Service,2026-04-27 12:56:00,2026-04-27 15:34:00,T-302,Central Depot,C-Bay-1,EQ-1693,Pump,1745.19,
EVT-0002254,WO-2026-00263,Fault Reported,2026-03-14 01:39:00,2026-03-14 03:27:00,T-202,Central Depot,C-Bay-1,EQ-1612,Conveyor,2575.52,
,WO-2026-00263,Triaged,2026-03-14 02:04:00,2026-03-14 02:15:00,T-301,South Depot,C-Bay-1,EQ-1612,Conveyor,1374.99,Medium
,WO-2026-00263,Parts Ordered,2026-03-17 15:04:00,2026-03-17 17:13:00,T-301,South Depot,C-Bay-1,EQ-1612,Conveyor,,
,WO-2026-00263,Parts Received,2026-03-17 16:23:00,2026-03-17 18:22:00,T-301,South Depot,C-Bay-1,EQ-1612,Conveyor,457.72,
,WO-2026-00263,Repair Started,2026-03-18 01:23:00,2026-03-18 01:37:00,T-301,South Depot,C-Bay-1,EQ-1612,Conveyor,2127.53,Medium
,WO-2026-00263,Repair Completed,2026-03-18 08:23:00,2026-03-18 10:33:00,T-301,South Depot,C-Bay-1,EQ-1612,Conveyor,2196.80,
,WO-2026-00263,Tested,2026-03-18 09:33:00,2026-03-18 12:17:00,T-301,South Depot,C-Bay-1,EQ-1612,Conveyor,2241.10,High
,WO-2026-00263,Returned to Service,2026-03-18 11:51:00,2026-03-18 14:01:00,T-301,South Depot,C-Bay-1,EQ-1612,Conveyor,,Low
EVT-0002262,WO-2026-00264,Fault Reported,2026-03-26 04:17:00,2026-03-26 06:54:00,T-102,North Depot,C-Bay-2,EQ-1488,Conveyor,,
EVT-0002263,WO-2026-00264,Triaged,2026-03-26 05:35:00,2026-03-26 08:02:00,T-102,North Depot,C-Bay-2,EQ-1488,Conveyor,605.23,Low
EVT-0002264,WO-2026-00264,Parts Ordered,2026-03-27 12:35:00,2026-03-27 13:06:00,T-102,North Depot,C-Bay-2,EQ-1488,Conveyor,,High
EVT-0002265,WO-2026-00264,Parts Received,2026-03-27 13:55:00,2026-03-27 16:02:00,T-101,North Depot,C-Bay-2,EQ-1488,Conveyor,1056.83,
,WO-2026-00264,Repair Started,2026-03-27 20:55:00,2026-03-27 23:39:00,T-302,South Depot,C-Bay-2,EQ-1488,Conveyor,1110.88,High
,WO-2026-00264,Repair Completed,2026-03-28 02:55:00,2026-03-28 04:56:00,T-302,South Depot,C-Bay-2,EQ-1488,Conveyor,181.07,Low
,WO-2026-00264,Tested,2026-03-28 04:37:00,2026-03-28 06:54:00,T-302,South Depot,C-Bay-2,EQ-1488,Conveyor,852.33,
,WO-2026-00264,Returned to Service,2026-03-28 08:15:00,2026-03-28 09:23:00,T-302,South Depot,C-Bay-2,EQ-1488,Conveyor,2467.00,Medium
EVT-0002270,WO-2026-00265,Fault Reported,2026-05-03 05:32:00,2026-05-03 05:59:00,T-302,Central Depot,S-Field,EQ-1340,Pump,1657.32,Low
EVT-0002271,WO-2026-00265,Triaged,2026-05-03 06:44:00,2026-05-03 09:09:00,T-302,Central Depot,S-Field,EQ-1340,Pump,892.24,Medium
,WO-2026-00265,Parts Ordered,2026-05-06 17:44:00,2026-05-06 19:20:00,T-301,South Depot,S-Field,EQ-1340,Pump,,Low
,WO-2026-00265,Parts Received,2026-05-06 21:34:00,2026-05-06 23:40:00,T-301,South Depot,S-Field,EQ-1340,Pump,1709.14,Low
,WO-2026-00265,Repair Started,2026-05-07 00:34:00,2026-05-07 02:07:00,T-301,South Depot,S-Field,EQ-1340,Pump,536.39,High
,WO-2026-00265,Repair Completed,2026-05-07 01:34:00,2026-05-07 03:49:00,T-202,South Depot,S-Field,EQ-1340,Pump,2232.33,Medium
,WO-2026-00265,Tested,2026-05-07 04:14:00,2026-05-07 07:09:00,T-202,South Depot,S-Field,EQ-1340,Pump,,Medium
,WO-2026-00265,Returned to Service,2026-05-07 05:50:00,2026-05-07 08:40:00,T-202,South Depot,S-Field,EQ-1340,Pump,643.12,
,WO-2026-00266,Fault Reported,2026-04-12 09:59:00,2026-04-12 10:42:00,T-202,South Depot,C-Bay-2,EQ-1389,Valve Assembly,,Medium
,WO-2026-00266,Triaged,2026-04-12 11:02:00,2026-04-12 13:12:00,T-202,South Depot,C-Bay-2,EQ-1389,Valve Assembly,659.86,Low
,WO-2026-00266,Parts Ordered,2026-04-15 16:02:00,2026-04-15 18:57:00,T-202,South Depot,C-Bay-2,EQ-1389,Valve Assembly,1988.20,High
,WO-2026-00266,Parts Received,2026-04-15 18:51:00,2026-04-15 19:25:00,T-202,South Depot,C-Bay-2,EQ-1389,Valve Assembly,,Medium
,WO-2026-00266,Repair Started,2026-04-15 23:51:00,2026-04-16 01:24:00,T-202,South Depot,C-Bay-2,EQ-1389,Valve Assembly,1700.93,Medium
,WO-2026-00266,Repair Completed,2026-04-16 02:51:00,2026-04-16 04:06:00,T-202,South Depot,C-Bay-2,EQ-1389,Valve Assembly,170.61,Low
,WO-2026-00266,Tested,2026-04-16 04:09:00,2026-04-16 05:28:00,T-202,South Depot,C-Bay-2,EQ-1389,Valve Assembly,1749.96,
,WO-2026-00266,Returned to Service,2026-04-16 05:08:00,2026-04-16 06:13:00,T-202,South Depot,C-Bay-2,EQ-1389,Valve Assembly,211.85,
EVT-0002286,WO-2026-00267,Fault Reported,2026-05-28 20:34:00,2026-05-28 22:45:00,T-101,North Depot,N-Bay-2,EQ-1032,Compressor,138.83,
,WO-2026-00267,Triaged,2026-05-28 21:45:00,2026-05-28 22:46:00,T-202,South Depot,N-Bay-2,EQ-1032,Compressor,204.91,High
EVT-0002288,WO-2026-00268,Fault Reported,2026-05-02 15:21:00,2026-05-02 15:36:00,T-302,Central Depot,N-Bay-1,EQ-1180,Conveyor,1993.72,
EVT-0002289,WO-2026-00268,Triaged,2026-05-02 17:43:00,2026-05-02 18:34:00,T-302,Central Depot,N-Bay-1,EQ-1180,Conveyor,83.88,High
EVT-0002290,WO-2026-00268,Repair Started,2026-05-03 04:43:00,2026-05-03 06:02:00,T-302,Central Depot,N-Bay-1,EQ-1180,Conveyor,2012.96,Medium
EVT-0002291,WO-2026-00268,Repair Completed,2026-05-03 09:43:00,2026-05-03 10:15:00,T-302,Central Depot,N-Bay-1,EQ-1180,Conveyor,382.25,Low
EVT-0002292,WO-2026-00268,Tested,2026-05-03 13:11:00,2026-05-03 14:56:00,T-302,Central Depot,N-Bay-1,EQ-1180,Conveyor,1428.58,Medium
EVT-0002293,WO-2026-00268,Returned to Service,2026-05-03 14:34:00,2026-05-03 15:21:00,T-302,Central Depot,N-Bay-1,EQ-1180,Conveyor,1904.65,Medium
EVT-0002294,WO-2026-00269,Fault Reported,2026-05-29 14:46:00,2026-05-29 17:25:00,T-201,Central Depot,N-Bay-2,EQ-1413,Compressor,610.87,
EVT-0002295,WO-2026-00269,Triaged,2026-05-29 15:38:00,2026-05-29 18:12:00,T-201,Central Depot,N-Bay-2,EQ-1413,Compressor,1702.25,
,WO-2026-00270,Fault Reported,2026-02-24 21:17:00,2026-02-25 00:12:00,T-302,South Depot,N-Bay-2,EQ-1059,Generator,,Low
,WO-2026-00270,Triaged,2026-02-24 21:28:00,2026-02-24 23:34:00,T-302,South Depot,N-Bay-2,EQ-1059,Generator,1936.87,Medium
,WO-2026-00270,Parts Ordered,2026-02-27 09:28:00,2026-02-27 11:06:00,T-302,South Depot,N-Bay-2,EQ-1059,Generator,,Medium
EVT-0002299,WO-2026-00270,Parts Received,2026-02-27 11:53:00,2026-02-27 13:02:00,T-202,Central Depot,N-Bay-2,EQ-1059,Generator,2421.38,Low
EVT-0002300,WO-2026-00270,Repair Started,2026-02-27 12:53:00,2026-02-27 15:09:00,T-202,Central Depot,N-Bay-2,EQ-1059,Generator,,High
EVT-0002301,WO-2026-00270,Repair Completed,2026-02-28 00:53:00,2026-02-28 01:11:00,T-202,Central Depot,N-Bay-2,EQ-1059,Generator,1659.46,
EVT-0002302,WO-2026-00270,Tested,2026-02-28 03:20:00,2026-02-28 06:01:00,T-202,Central Depot,N-Bay-2,EQ-1059,Generator,,Low
EVT-0002303,WO-2026-00270,Returned to Service,2026-02-28 04:03:00,2026-02-28 06:56:00,T-202,Central Depot,N-Bay-2,EQ-1059,Generator,888.75,Low
EVT-0002304,WO-2026-00271,Fault Reported,2026-03-17 16:46:00,2026-03-17 17:02:00,T-201,Central Depot,S-Bay-1,EQ-1201,Valve Assembly,1703.83,High
EVT-0002305,WO-2026-00271,Triaged,2026-03-17 20:32:00,2026-03-17 20:41:00,T-201,Central Depot,S-Bay-1,EQ-1201,Valve Assembly,521.14,Medium
EVT-0002306,WO-2026-00271,Parts Ordered,2026-03-20 10:32:00,2026-03-20 11:47:00,T-201,Central Depot,S-Bay-1,EQ-1201,Valve Assembly,539.75,Low
EVT-0002307,WO-2026-00271,Parts Received,2026-03-20 13:45:00,2026-03-20 14:55:00,T-201,Central Depot,S-Bay-1,EQ-1201,Valve Assembly,2537.00,Medium
EVT-0002308,WO-2026-00271,Repair Started,2026-03-20 20:45:00,2026-03-20 21:34:00,T-201,Central Depot,S-Bay-1,EQ-1201,Valve Assembly,2536.45,
EVT-0002309,WO-2026-00271,Repair Completed,2026-03-21 03:45:00,2026-03-21 03:51:00,T-201,Central Depot,S-Bay-1,EQ-1201,Valve Assembly,611.43,Low
EVT-0002310,WO-2026-00271,Tested,2026-03-21 04:05:00,2026-03-21 06:07:00,T-201,Central Depot,S-Bay-1,EQ-1201,Valve Assembly,2083.33,
EVT-0002311,WO-2026-00271,Repair Started,2026-03-21 07:05:00,2026-03-21 09:16:00,T-201,Central Depot,S-Bay-1,EQ-1201,Valve Assembly,1575.34,Medium
EVT-0002312,WO-2026-00271,Repair Completed,2026-03-21 12:05:00,2026-03-21 13:16:00,T-201,Central Depot,S-Bay-1,EQ-1201,Valve Assembly,991.43,
EVT-0002313,WO-2026-00271,Tested,2026-03-21 14:18:00,2026-03-21 14:35:00,T-201,Central Depot,S-Bay-1,EQ-1201,Valve Assembly,1589.75,Medium
EVT-0002314,WO-2026-00271,Returned to Service,2026-03-21 17:06:00,2026-03-21 18:51:00,T-201,Central Depot,S-Bay-1,EQ-1201,Valve Assembly,1281.95,Low
EVT-0002315,WO-2026-00272,Fault Reported,2026-03-14 08:14:00,2026-03-14 10:51:00,T-202,Central Depot,C-Field,EQ-1243,Compressor,,High
EVT-0002316,WO-2026-00272,Triaged,2026-03-14 11:57:00,2026-03-14 12:51:00,T-202,Central Depot,C-Field,EQ-1243,Compressor,73.91,Low
EVT-0002317,WO-2026-00272,Parts Ordered,2026-03-14 11:57:00,2026-03-14 12:44:00,T-202,Central Depot,C-Field,EQ-1243,Compressor,1532.95,
EVT-0002318,WO-2026-00272,Parts Received,2026-03-14 14:21:00,2026-03-14 15:55:00,T-202,Central Depot,C-Field,EQ-1243,Compressor,1127.41,Medium
,WO-2026-00272,Repair Started,2026-03-15 02:21:00,2026-03-15 04:12:00,T-202,South Depot,C-Field,EQ-1243,Compressor,1179.05,
,WO-2026-00272,Repair Completed,2026-03-15 10:21:00,2026-03-15 12:35:00,T-202,South Depot,C-Field,EQ-1243,Compressor,793.54,Low
,WO-2026-00272,Tested,2026-03-15 11:36:00,2026-03-15 12:14:00,T-202,South Depot,C-Field,EQ-1243,Compressor,,Low
,WO-2026-00272,Repair Started,2026-03-15 18:36:00,2026-03-15 20:27:00,T-202,South Depot,C-Field,EQ-1243,Compressor,1611.05,High
,WO-2026-00272,Repair Completed,2026-03-15 19:36:00,2026-03-15 20:36:00,T-202,South Depot,C-Field,EQ-1243,Compressor,1051.60,
EVT-0002324,WO-2026-00272,Tested,2026-03-15 20:53:00,2026-03-15 21:14:00,T-201,Central Depot,C-Field,EQ-1243,Compressor,2073.19,
EVT-0002325,WO-2026-00272,Returned to Service,2026-03-15 22:09:00,2026-03-15 23:22:00,T-201,Central Depot,C-Field,EQ-1243,Compressor,2016.39,Medium
,WO-2026-00273,Fault Reported,2026-04-05 23:32:00,2026-04-06 01:53:00,T-202,South Depot,N-Field,EQ-1055,Valve Assembly,409.77,High
,WO-2026-00273,Triaged,2026-04-06 02:40:00,2026-04-06 03:50:00,T-202,South Depot,N-Field,EQ-1055,Valve Assembly,1258.76,High
EVT-0002328,WO-2026-00273,Parts Ordered,2026-04-09 00:40:00,2026-04-09 03:30:00,T-101,North Depot,N-Field,EQ-1055,Valve Assembly,1498.31,
EVT-0002329,WO-2026-00273,Parts Received,2026-04-09 01:02:00,2026-04-09 01:45:00,T-101,North Depot,N-Field,EQ-1055,Valve Assembly,,
EVT-0002330,WO-2026-00273,Repair Started,2026-04-09 12:02:00,2026-04-09 13:49:00,T-101,North Depot,N-Field,EQ-1055,Valve Assembly,1513.34,Low
EVT-0002331,WO-2026-00273,Repair Completed,2026-04-10 00:02:00,2026-04-10 01:21:00,T-101,North Depot,N-Field,EQ-1055,Valve Assembly,1259.09,
EVT-0002332,WO-2026-00273,Tested,2026-04-10 03:54:00,2026-04-10 04:05:00,T-101,North Depot,N-Field,EQ-1055,Valve Assembly,459.62,Low
EVT-0002333,WO-2026-00273,Returned to Service,2026-04-10 05:47:00,2026-04-10 07:49:00,T-101,North Depot,N-Field,EQ-1055,Valve Assembly,1318.97,Medium
EVT-0002334,WO-2026-00274,Fault Reported,2026-04-04 06:43:00,2026-04-04 09:13:00,T-201,Central Depot,N-Field,EQ-1086,Pump,2445.27,Medium
EVT-0002335,WO-2026-00274,Triaged,2026-04-04 08:27:00,2026-04-04 10:47:00,T-201,Central Depot,N-Field,EQ-1086,Pump,,High
EVT-0002336,WO-2026-00274,Parts Ordered,2026-04-05 16:27:00,2026-04-05 18:27:00,T-201,Central Depot,N-Field,EQ-1086,Pump,1448.82,High
,WO-2026-00274,Parts Received,2026-04-05 17:56:00,2026-04-05 18:42:00,T-301,South Depot,N-Field,EQ-1086,Pump,2238.43,Low
,WO-2026-00274,Repair Started,2026-04-06 01:56:00,2026-04-06 04:31:00,T-301,South Depot,N-Field,EQ-1086,Pump,597.30,Low
,WO-2026-00274,Repair Completed,2026-04-06 11:56:00,2026-04-06 14:30:00,T-301,South Depot,N-Field,EQ-1086,Pump,1420.58,Medium
,WO-2026-00274,Tested,2026-04-06 12:19:00,2026-04-06 13:22:00,T-301,South Depot,N-Field,EQ-1086,Pump,1562.18,Low
,WO-2026-00274,Returned to Service,2026-04-06 12:53:00,2026-04-06 13:12:00,T-301,South Depot,N-Field,EQ-1086,Pump,1478.12,Medium
,WO-2026-00275,Fault Reported,2026-01-26 02:28:00,2026-01-26 03:33:00,T-301,South Depot,C-Bay-2,EQ-1553,Valve Assembly,872.49,High
EVT-0002343,WO-2026-00275,Triaged,2026-01-26 02:55:00,2026-01-26 03:37:00,T-201,Central Depot,C-Bay-2,EQ-1553,Valve Assembly,1034.16,Low
EVT-0002344,WO-2026-00275,Parts Ordered,2026-01-28 22:55:00,2026-01-28 23:46:00,T-201,Central Depot,C-Bay-2,EQ-1553,Valve Assembly,,
EVT-0002345,WO-2026-00275,Parts Received,2026-01-29 01:42:00,2026-01-29 03:10:00,T-201,Central Depot,C-Bay-2,EQ-1553,Valve Assembly,1983.26,Low
EVT-0002346,WO-2026-00275,Repair Started,2026-01-29 12:42:00,2026-01-29 15:01:00,T-201,Central Depot,C-Bay-2,EQ-1553,Valve Assembly,1213.18,Medium
EVT-0002347,WO-2026-00275,Repair Completed,2026-01-29 13:42:00,2026-01-29 16:10:00,T-201,Central Depot,C-Bay-2,EQ-1553,Valve Assembly,2268.33,
EVT-0002348,WO-2026-00275,Tested,2026-01-29 14:11:00,2026-01-29 14:42:00,T-201,Central Depot,C-Bay-2,EQ-1553,Valve Assembly,1727.51,Medium
EVT-0002349,WO-2026-00275,Returned to Service,2026-01-29 15:41:00,2026-01-29 18:00:00,T-201,Central Depot,C-Bay-2,EQ-1553,Valve Assembly,1367.55,High
EVT-0002350,WO-2026-00276,Fault Reported,2026-01-18 20:27:00,2026-01-18 20:45:00,T-101,North Depot,N-Bay-1,EQ-1346,Compressor,1366.23,Medium
EVT-0002351,WO-2026-00276,Triaged,2026-01-18 21:24:00,2026-01-18 23:40:00,T-101,North Depot,N-Bay-1,EQ-1346,Compressor,,High
EVT-0002352,WO-2026-00276,Parts Ordered,2026-01-20 20:24:00,2026-01-20 22:26:00,T-101,North Depot,N-Bay-1,EQ-1346,Compressor,2209.99,
EVT-0002353,WO-2026-00276,Parts Received,2026-01-20 22:19:00,2026-01-20 22:38:00,T-101,North Depot,N-Bay-1,EQ-1346,Compressor,2553.93,High
EVT-0002354,WO-2026-00276,Parts Ordered,2026-01-22 14:19:00,2026-01-22 14:31:00,T-101,North Depot,N-Bay-1,EQ-1346,Compressor,2329.20,Medium
EVT-0002355,WO-2026-00276,Parts Received,2026-01-22 14:53:00,2026-01-22 15:38:00,T-101,North Depot,N-Bay-1,EQ-1346,Compressor,,Medium
EVT-0002356,WO-2026-00276,Repair Started,2026-01-22 21:53:00,2026-01-22 23:43:00,T-101,North Depot,N-Bay-1,EQ-1346,Compressor,113.99,High
EVT-0002357,WO-2026-00276,Repair Completed,2026-01-23 00:53:00,2026-01-23 01:25:00,T-101,North Depot,N-Bay-1,EQ-1346,Compressor,2002.37,
EVT-0002358,WO-2026-00276,Tested,2026-01-23 04:00:00,2026-01-23 06:19:00,T-101,North Depot,N-Bay-1,EQ-1346,Compressor,500.45,
EVT-0002359,WO-2026-00276,Returned to Service,2026-01-23 07:24:00,2026-01-23 10:07:00,T-101,North Depot,N-Bay-1,EQ-1346,Compressor,,High
EVT-0002360,WO-2026-00277,Fault Reported,2026-04-12 22:49:00,2026-04-13 01:13:00,T-101,North Depot,C-Bay-2,EQ-1115,Compressor,1784.85,Low
EVT-0002361,WO-2026-00277,Triaged,2026-04-13 00:59:00,2026-04-13 02:38:00,T-101,North Depot,C-Bay-2,EQ-1115,Compressor,,Medium
,WO-2026-00277,Triaged,2026-04-13 02:00:00,2026-04-13 02:45:00,T-301,South Depot,C-Bay-2,EQ-1115,Compressor,1682.65,Low
,WO-2026-00277,Parts Ordered,2026-04-13 20:00:00,2026-04-13 22:01:00,T-301,South Depot,C-Bay-2,EQ-1115,Compressor,,
,WO-2026-00277,Parts Received,2026-04-13 20:18:00,2026-04-13 22:50:00,T-301,South Depot,C-Bay-2,EQ-1115,Compressor,1647.86,
,WO-2026-00277,Repair Started,2026-04-14 06:18:00,2026-04-14 08:25:00,T-301,South Depot,C-Bay-2,EQ-1115,Compressor,546.31,Medium
,WO-2026-00277,Repair Completed,2026-04-14 18:18:00,2026-04-14 19:33:00,T-301,South Depot,C-Bay-2,EQ-1115,Compressor,2045.77,Low
,WO-2026-00277,Tested,2026-04-14 19:59:00,2026-04-14 20:54:00,T-301,South Depot,C-Bay-2,EQ-1115,Compressor,2388.28,Low
,WO-2026-00277,Returned to Service,2026-04-14 22:57:00,2026-04-14 23:14:00,T-301,South Depot,C-Bay-2,EQ-1115,Compressor,1417.17,Low
EVT-0002369,WO-2026-00278,Fault Reported,2026-02-28 05:39:00,2026-02-28 07:34:00,T-201,Central Depot,C-Bay-2,EQ-1132,Pump,2591.32,Low
EVT-0002370,WO-2026-00278,Triaged,2026-02-28 08:34:00,2026-02-28 08:39:00,T-201,Central Depot,C-Bay-2,EQ-1132,Pump,2287.97,
,WO-2026-00278,Parts Ordered,2026-03-01 14:34:00,2026-03-01 15:39:00,T-302,South Depot,C-Bay-2,EQ-1132,Pump,376.19,High
,WO-2026-00278,Parts Received,2026-03-01 17:54:00,2026-03-01 20:01:00,T-302,South Depot,C-Bay-2,EQ-1132,Pump,725.46,Medium
,WO-2026-00278,Repair Started,2026-03-02 00:54:00,2026-03-02 01:39:00,T-302,South Depot,C-Bay-2,EQ-1132,Pump,1956.77,Low
,WO-2026-00278,Repair Completed,2026-03-02 10:54:00,2026-03-02 11:16:00,T-302,South Depot,C-Bay-2,EQ-1132,Pump,1582.02,Low
,WO-2026-00278,Tested,2026-03-02 14:52:00,2026-03-02 16:44:00,T-302,South Depot,C-Bay-2,EQ-1132,Pump,1846.23,
,WO-2026-00278,Returned to Service,2026-03-02 17:40:00,2026-03-02 17:56:00,T-302,South Depot,C-Bay-2,EQ-1132,Pump,920.54,Medium
EVT-0002377,WO-2026-00279,Fault Reported,2026-04-24 14:51:00,2026-04-24 15:23:00,T-101,North Depot,S-Bay-1,EQ-1888,Compressor,2099.94,Low
EVT-0002378,WO-2026-00279,Triaged,2026-04-24 15:29:00,2026-04-24 16:32:00,T-101,North Depot,S-Bay-1,EQ-1888,Compressor,1678.50,Low
EVT-0002379,WO-2026-00279,Parts Ordered,2026-04-26 22:29:00,2026-04-27 00:16:00,T-101,North Depot,S-Bay-1,EQ-1888,Compressor,65.17,Low
EVT-0002380,WO-2026-00279,Parts Received,2026-04-26 23:48:00,2026-04-27 00:52:00,T-101,North Depot,S-Bay-1,EQ-1888,Compressor,,
EVT-0002381,WO-2026-00279,Repair Started,2026-04-27 03:48:00,2026-04-27 04:23:00,T-101,North Depot,S-Bay-1,EQ-1888,Compressor,2240.54,High
EVT-0002382,WO-2026-00279,Repair Completed,2026-04-27 06:48:00,2026-04-27 07:48:00,T-101,North Depot,S-Bay-1,EQ-1888,Compressor,,Low
EVT-0002383,WO-2026-00279,Tested,2026-04-27 10:06:00,2026-04-27 11:00:00,T-101,North Depot,S-Bay-1,EQ-1888,Compressor,,Low
EVT-0002384,WO-2026-00279,Returned to Service,2026-04-27 12:08:00,2026-04-27 13:40:00,T-101,North Depot,S-Bay-1,EQ-1888,Compressor,755.56,Low
EVT-0002385,WO-2026-00280,Fault Reported,2026-04-07 18:26:00,2026-04-07 19:12:00,T-101,North Depot,S-Bay-1,EQ-1352,Conveyor,1579.96,Low
EVT-0002386,WO-2026-00280,Triaged,2026-04-07 20:57:00,2026-04-07 23:02:00,T-101,North Depot,S-Bay-1,EQ-1352,Conveyor,,Low
,WO-2026-00280,Repair Started,2026-04-08 03:57:00,2026-04-08 05:50:00,T-301,South Depot,S-Bay-1,EQ-1352,Conveyor,176.69,Low
,WO-2026-00280,Repair Completed,2026-04-08 08:57:00,2026-04-08 09:26:00,T-301,South Depot,S-Bay-1,EQ-1352,Conveyor,1069.69,Medium
,WO-2026-00280,Tested,2026-04-08 11:05:00,2026-04-08 13:33:00,T-301,South Depot,S-Bay-1,EQ-1352,Conveyor,2112.53,Low
,WO-2026-00280,Returned to Service,2026-04-08 11:38:00,2026-04-08 13:10:00,T-301,South Depot,S-Bay-1,EQ-1352,Conveyor,,
EVT-0002391,WO-2026-00281,Fault Reported,2026-03-06 07:17:00,2026-03-06 07:40:00,T-202,Central Depot,S-Field,EQ-1167,Compressor,1836.17,
EVT-0002392,WO-2026-00281,Triaged,2026-03-06 10:27:00,2026-03-06 11:09:00,T-202,Central Depot,S-Field,EQ-1167,Compressor,,Low
EVT-0002393,WO-2026-00281,Parts Ordered,2026-03-08 01:27:00,2026-03-08 03:15:00,T-202,Central Depot,S-Field,EQ-1167,Compressor,881.98,Low
EVT-0002394,WO-2026-00281,Parts Received,2026-03-08 02:32:00,2026-03-08 03:51:00,T-202,Central Depot,S-Field,EQ-1167,Compressor,474.11,High
EVT-0002395,WO-2026-00281,Repair Started,2026-03-08 14:32:00,2026-03-08 15:34:00,T-202,Central Depot,S-Field,EQ-1167,Compressor,683.41,Low
EVT-0002396,WO-2026-00281,Repair Completed,2026-03-08 16:32:00,2026-03-08 18:29:00,T-202,Central Depot,S-Field,EQ-1167,Compressor,853.04,Medium
EVT-0002397,WO-2026-00281,Tested,2026-03-08 19:58:00,2026-03-08 21:59:00,T-202,Central Depot,S-Field,EQ-1167,Compressor,673.81,High
EVT-0002398,WO-2026-00281,Returned to Service,2026-03-08 20:07:00,2026-03-08 20:20:00,T-101,North Depot,S-Field,EQ-1167,Compressor,1852.16,Low
EVT-0002399,WO-2026-00282,Fault Reported,2026-01-27 19:15:00,2026-01-27 19:22:00,T-102,North Depot,N-Field,EQ-1681,Valve Assembly,1697.87,High
EVT-0002400,WO-2026-00282,Triaged,2026-01-27 22:55:00,2026-01-28 00:47:00,T-101,North Depot,N-Field,EQ-1681,Valve Assembly,76.72,
,WO-2026-00282,Parts Ordered,2026-01-30 11:55:00,2026-01-30 12:32:00,T-301,South Depot,N-Field,EQ-1681,Valve Assembly,507.17,
,WO-2026-00282,Parts Received,2026-01-30 14:59:00,2026-01-30 17:04:00,T-301,South Depot,N-Field,EQ-1681,Valve Assembly,2541.07,
,WO-2026-00282,Repair Started,2026-01-30 20:59:00,2026-01-30 21:18:00,T-301,South Depot,N-Field,EQ-1681,Valve Assembly,1437.66,Medium
,WO-2026-00282,Repair Completed,2026-01-31 07:59:00,2026-01-31 09:59:00,T-301,South Depot,N-Field,EQ-1681,Valve Assembly,325.40,Low
,WO-2026-00282,Tested,2026-01-31 11:30:00,2026-01-31 13:50:00,T-301,South Depot,N-Field,EQ-1681,Valve Assembly,2035.96,High
EVT-0002406,WO-2026-00282,Repair Started,2026-01-31 14:30:00,2026-01-31 15:00:00,T-101,North Depot,N-Field,EQ-1681,Valve Assembly,2013.70,Medium
EVT-0002407,WO-2026-00282,Repair Completed,2026-01-31 22:30:00,2026-02-01 00:09:00,T-101,North Depot,N-Field,EQ-1681,Valve Assembly,,Medium
EVT-0002408,WO-2026-00282,Tested,2026-01-31 23:49:00,2026-02-01 01:57:00,T-101,North Depot,N-Field,EQ-1681,Valve Assembly,966.16,Medium
EVT-0002409,WO-2026-00282,Returned to Service,2026-02-01 03:48:00,2026-02-01 04:10:00,T-101,North Depot,N-Field,EQ-1681,Valve Assembly,443.15,High
,WO-2026-00283,Fault Reported,2026-03-27 22:57:00,2026-03-27 23:27:00,T-302,South Depot,S-Field,EQ-1091,Pump,2360.33,
,WO-2026-00283,Triaged,2026-03-27 23:54:00,2026-03-28 02:38:00,T-302,South Depot,S-Field,EQ-1091,Pump,,Low
,WO-2026-00283,Parts Ordered,2026-03-31 18:54:00,2026-03-31 21:43:00,T-302,South Depot,S-Field,EQ-1091,Pump,2132.13,
,WO-2026-00283,Parts Received,2026-03-31 20:55:00,2026-03-31 21:03:00,T-302,South Depot,S-Field,EQ-1091,Pump,1571.43,
,WO-2026-00283,Repair Started,2026-03-31 21:55:00,2026-04-01 00:00:00,T-302,South Depot,S-Field,EQ-1091,Pump,1813.55,Low
EVT-0002415,WO-2026-00283,Repair Completed,2026-04-01 01:55:00,2026-04-01 02:31:00,T-302,Central Depot,S-Field,EQ-1091,Pump,1968.24,
EVT-0002416,WO-2026-00283,Tested,2026-04-01 05:24:00,2026-04-01 08:05:00,T-302,Central Depot,S-Field,EQ-1091,Pump,1961.77,High
EVT-0002417,WO-2026-00283,Returned to Service,2026-04-01 09:16:00,2026-04-01 10:43:00,T-302,Central Depot,S-Field,EQ-1091,Pump,1444.69,High
EVT-0002418,WO-2026-00284,Fault Reported,2026-05-15 03:03:00,2026-05-15 05:49:00,T-101,North Depot,N-Bay-1,EQ-1304,Conveyor,2457.44,Low
EVT-0002419,WO-2026-00284,Triaged,2026-05-15 06:10:00,2026-05-15 08:39:00,T-101,North Depot,N-Bay-1,EQ-1304,Conveyor,775.15,Medium
EVT-0002420,WO-2026-00284,Parts Ordered,2026-05-18 04:10:00,2026-05-18 05:28:00,T-101,North Depot,N-Bay-1,EQ-1304,Conveyor,2464.95,Medium
EVT-0002421,WO-2026-00284,Parts Received,2026-05-18 07:19:00,2026-05-18 07:28:00,T-302,Central Depot,N-Bay-1,EQ-1304,Conveyor,771.18,Medium
EVT-0002422,WO-2026-00284,Repair Started,2026-05-18 08:19:00,2026-05-18 09:00:00,T-302,Central Depot,N-Bay-1,EQ-1304,Conveyor,1051.41,Medium
EVT-0002423,WO-2026-00284,Repair Completed,2026-05-18 19:19:00,2026-05-18 20:23:00,T-302,Central Depot,N-Bay-1,EQ-1304,Conveyor,2440.18,Low
EVT-0002424,WO-2026-00284,Tested,2026-05-18 19:48:00,2026-05-18 19:56:00,T-302,Central Depot,N-Bay-1,EQ-1304,Conveyor,669.52,
EVT-0002425,WO-2026-00284,Repair Started,2026-05-19 01:48:00,2026-05-19 04:25:00,T-302,Central Depot,N-Bay-1,EQ-1304,Conveyor,57.31,Medium
EVT-0002426,WO-2026-00284,Repair Completed,2026-05-19 11:48:00,2026-05-19 12:07:00,T-302,Central Depot,N-Bay-1,EQ-1304,Conveyor,2418.86,Low
EVT-0002427,WO-2026-00284,Tested,2026-05-19 13:22:00,2026-05-19 13:39:00,T-302,Central Depot,N-Bay-1,EQ-1304,Conveyor,794.50,
EVT-0002428,WO-2026-00284,Returned to Service,2026-05-19 13:38:00,2026-05-19 15:25:00,T-302,Central Depot,N-Bay-1,EQ-1304,Conveyor,483.47,High
EVT-0002429,WO-2026-00285,Fault Reported,2026-04-24 01:42:00,2026-04-24 02:07:00,T-201,Central Depot,S-Bay-1,EQ-1188,Compressor,779.08,Low
EVT-0002430,WO-2026-00285,Triaged,2026-04-24 02:39:00,2026-04-24 05:33:00,T-201,Central Depot,S-Bay-1,EQ-1188,Compressor,,Low
EVT-0002431,WO-2026-00285,Repair Started,2026-04-24 08:39:00,2026-04-24 09:05:00,T-201,Central Depot,S-Bay-1,EQ-1188,Compressor,,
EVT-0002432,WO-2026-00285,Repair Completed,2026-04-24 17:39:00,2026-04-24 20:35:00,T-201,Central Depot,S-Bay-1,EQ-1188,Compressor,251.33,High
EVT-0002433,WO-2026-00285,Tested,2026-04-24 20:51:00,2026-04-24 23:17:00,T-201,Central Depot,S-Bay-1,EQ-1188,Compressor,58.78,Low
EVT-0002434,WO-2026-00285,Returned to Service,2026-04-24 22:29:00,2026-04-25 01:26:00,T-201,Central Depot,S-Bay-1,EQ-1188,Compressor,1207.20,Medium
EVT-0002435,WO-2026-00286,Fault Reported,2026-04-10 12:51:00,2026-04-10 12:57:00,T-101,North Depot,S-Field,EQ-1262,Compressor,2275.86,High
EVT-0002436,WO-2026-00286,Triaged,2026-04-10 14:10:00,2026-04-10 14:32:00,T-101,North Depot,S-Field,EQ-1262,Compressor,,High
EVT-0002437,WO-2026-00286,Parts Ordered,2026-04-12 22:10:00,2026-04-13 00:19:00,T-101,North Depot,S-Field,EQ-1262,Compressor,,Medium
EVT-0002438,WO-2026-00286,Parts Received,2026-04-12 23:18:00,2026-04-13 01:09:00,T-101,North Depot,S-Field,EQ-1262,Compressor,1749.63,Low
,WO-2026-00286,Repair Started,2026-04-13 10:18:00,2026-04-13 13:11:00,T-301,South Depot,S-Field,EQ-1262,Compressor,1575.21,High
,WO-2026-00286,Repair Completed,2026-04-13 12:18:00,2026-04-13 14:25:00,T-301,South Depot,S-Field,EQ-1262,Compressor,1748.37,High
,WO-2026-00286,Tested,2026-04-13 15:15:00,2026-04-13 16:30:00,T-301,South Depot,S-Field,EQ-1262,Compressor,886.28,Low
,WO-2026-00286,Returned to Service,2026-04-13 19:08:00,2026-04-13 20:40:00,T-301,South Depot,S-Field,EQ-1262,Compressor,1592.53,Low
EVT-0002443,WO-2026-00287,Fault Reported,2026-05-13 19:49:00,2026-05-13 21:32:00,T-102,North Depot,N-Field,EQ-1797,Pump,1524.75,
EVT-0002444,WO-2026-00287,Triaged,2026-05-13 20:23:00,2026-05-13 20:58:00,T-102,North Depot,N-Field,EQ-1797,Pump,206.67,Low
EVT-0002445,WO-2026-00287,Parts Ordered,2026-05-15 16:23:00,2026-05-15 18:42:00,T-102,North Depot,N-Field,EQ-1797,Pump,,Medium
EVT-0002446,WO-2026-00287,Parts Received,2026-05-15 17:35:00,2026-05-15 19:24:00,T-102,North Depot,N-Field,EQ-1797,Pump,2224.64,Medium
EVT-0002447,WO-2026-00287,Repair Started,2026-05-16 05:35:00,2026-05-16 08:19:00,T-201,Central Depot,N-Field,EQ-1797,Pump,2242.53,Low
EVT-0002448,WO-2026-00287,Repair Completed,2026-05-16 15:35:00,2026-05-16 17:14:00,T-201,Central Depot,N-Field,EQ-1797,Pump,2461.93,High
EVT-0002449,WO-2026-00287,Tested,2026-05-16 17:08:00,2026-05-16 17:58:00,T-201,Central Depot,N-Field,EQ-1797,Pump,1661.70,High
EVT-0002450,WO-2026-00287,Returned to Service,2026-05-16 20:32:00,2026-05-16 21:16:00,T-201,Central Depot,N-Field,EQ-1797,Pump,1320.38,Medium
EVT-0002451,WO-2026-00288,Fault Reported,2026-04-19 19:11:00,2026-04-19 21:00:00,T-302,Central Depot,N-Bay-1,EQ-1239,Conveyor,,Low
EVT-0002452,WO-2026-00288,Triaged,2026-04-19 20:26:00,2026-04-19 23:06:00,T-302,Central Depot,N-Bay-1,EQ-1239,Conveyor,1174.58,High
EVT-0002453,WO-2026-00288,Parts Ordered,2026-04-23 09:26:00,2026-04-23 10:28:00,T-302,Central Depot,N-Bay-1,EQ-1239,Conveyor,,High
EVT-0002454,WO-2026-00288,Parts Received,2026-04-23 10:06:00,2026-04-23 11:06:00,T-302,Central Depot,N-Bay-1,EQ-1239,Conveyor,,
EVT-0002455,WO-2026-00288,Repair Started,2026-04-23 14:06:00,2026-04-23 16:27:00,T-302,Central Depot,N-Bay-1,EQ-1239,Conveyor,1975.71,Low
EVT-0002456,WO-2026-00288,Repair Completed,2026-04-23 19:06:00,2026-04-23 22:01:00,T-302,Central Depot,N-Bay-1,EQ-1239,Conveyor,1235.14,Low
EVT-0002457,WO-2026-00288,Tested,2026-04-23 20:55:00,2026-04-23 21:34:00,T-302,Central Depot,N-Bay-1,EQ-1239,Conveyor,1802.20,Low
EVT-0002458,WO-2026-00288,Returned to Service,2026-04-23 21:22:00,2026-04-23 22:02:00,T-302,Central Depot,N-Bay-1,EQ-1239,Conveyor,1495.20,
EVT-0002459,WO-2026-00289,Fault Reported,2026-03-21 18:22:00,2026-03-21 19:13:00,T-102,North Depot,S-Field,EQ-1822,Generator,,
EVT-0002460,WO-2026-00289,Triaged,2026-03-21 20:49:00,2026-03-21 22:12:00,T-102,North Depot,S-Field,EQ-1822,Generator,1464.22,High
EVT-0002461,WO-2026-00289,Parts Ordered,2026-03-21 20:49:00,2026-03-21 21:41:00,T-102,North Depot,S-Field,EQ-1822,Generator,280.12,
EVT-0002462,WO-2026-00289,Parts Received,2026-03-21 22:20:00,2026-03-21 23:38:00,T-102,North Depot,S-Field,EQ-1822,Generator,148.39,Medium
EVT-0002463,WO-2026-00289,Repair Started,2026-03-22 07:20:00,2026-03-22 08:07:00,T-102,North Depot,S-Field,EQ-1822,Generator,2569.45,Medium
EVT-0002464,WO-2026-00289,Repair Completed,2026-03-22 18:20:00,2026-03-22 20:58:00,T-102,North Depot,S-Field,EQ-1822,Generator,585.23,High
EVT-0002465,WO-2026-00289,Tested,2026-03-22 19:43:00,2026-03-22 19:49:00,T-102,North Depot,S-Field,EQ-1822,Generator,,Low
,WO-2026-00289,Returned to Service,2026-03-22 19:54:00,2026-03-22 21:52:00,T-202,South Depot,S-Field,EQ-1822,Generator,1950.12,High
EVT-0002467,WO-2026-00290,Fault Reported,2026-05-25 22:29:00,2026-05-26 01:23:00,T-302,Central Depot,N-Bay-2,EQ-1645,Valve Assembly,435.65,
EVT-0002468,WO-2026-00290,Triaged,2026-05-25 23:20:00,2026-05-25 23:40:00,T-302,Central Depot,N-Bay-2,EQ-1645,Valve Assembly,1758.32,High
EVT-0002469,WO-2026-00290,Parts Ordered,2026-05-28 09:20:00,2026-05-28 12:13:00,T-302,Central Depot,N-Bay-2,EQ-1645,Valve Assembly,,Medium
EVT-0002470,WO-2026-00290,Parts Received,2026-05-28 11:54:00,2026-05-28 13:23:00,T-302,Central Depot,N-Bay-2,EQ-1645,Valve Assembly,1920.18,
EVT-0002471,WO-2026-00290,Repair Started,2026-05-28 15:54:00,2026-05-28 16:37:00,T-302,Central Depot,N-Bay-2,EQ-1645,Valve Assembly,454.70,Medium
EVT-0002472,WO-2026-00290,Repair Completed,2026-05-28 21:54:00,2026-05-28 23:53:00,T-302,Central Depot,N-Bay-2,EQ-1645,Valve Assembly,,Medium
EVT-0002473,WO-2026-00290,Tested,2026-05-28 22:25:00,2026-05-28 23:21:00,T-302,Central Depot,N-Bay-2,EQ-1645,Valve Assembly,1265.93,High
EVT-0002474,WO-2026-00290,Returned to Service,2026-05-28 23:38:00,2026-05-29 00:55:00,T-302,Central Depot,N-Bay-2,EQ-1645,Valve Assembly,2483.79,
EVT-0002475,WO-2026-00291,Fault Reported,2026-03-25 22:46:00,2026-03-26 00:32:00,T-101,North Depot,S-Bay-1,EQ-1799,Valve Assembly,1296.52,Medium
EVT-0002476,WO-2026-00291,Triaged,2026-03-26 01:35:00,2026-03-26 02:30:00,T-101,North Depot,S-Bay-1,EQ-1799,Valve Assembly,,Low
,WO-2026-00291,Parts Ordered,2026-03-27 09:35:00,2026-03-27 10:01:00,T-301,South Depot,S-Bay-1,EQ-1799,Valve Assembly,586.53,Low
,WO-2026-00291,Parts Received,2026-03-27 13:14:00,2026-03-27 16:05:00,T-301,South Depot,S-Bay-1,EQ-1799,Valve Assembly,965.17,High
,WO-2026-00291,Repair Started,2026-03-27 15:14:00,2026-03-27 16:32:00,T-301,South Depot,S-Bay-1,EQ-1799,Valve Assembly,529.03,
,WO-2026-00291,Repair Completed,2026-03-27 23:14:00,2026-03-28 00:56:00,T-301,South Depot,S-Bay-1,EQ-1799,Valve Assembly,2556.23,
EVT-0002481,WO-2026-00291,Tested,2026-03-28 01:47:00,2026-03-28 02:17:00,T-201,Central Depot,S-Bay-1,EQ-1799,Valve Assembly,252.26,Low
EVT-0002482,WO-2026-00291,Repair Started,2026-03-28 02:47:00,2026-03-28 04:25:00,T-201,Central Depot,S-Bay-1,EQ-1799,Valve Assembly,646.36,High
EVT-0002483,WO-2026-00291,Repair Completed,2026-03-28 06:47:00,2026-03-28 09:41:00,T-201,Central Depot,S-Bay-1,EQ-1799,Valve Assembly,692.21,Low
EVT-0002484,WO-2026-00291,Tested,2026-03-28 09:20:00,2026-03-28 10:47:00,T-201,Central Depot,S-Bay-1,EQ-1799,Valve Assembly,754.17,Medium
EVT-0002485,WO-2026-00291,Returned to Service,2026-03-28 12:49:00,2026-03-28 15:20:00,T-201,Central Depot,S-Bay-1,EQ-1799,Valve Assembly,1020.41,Medium
,WO-2026-00292,Fault Reported,2026-05-06 09:43:00,2026-05-06 12:40:00,T-202,South Depot,S-Bay-1,EQ-1911,Conveyor,1360.94,Low
,WO-2026-00292,Triaged,2026-05-06 11:34:00,2026-05-06 12:02:00,T-202,South Depot,S-Bay-1,EQ-1911,Conveyor,,
,WO-2026-00292,Parts Ordered,2026-05-09 17:34:00,2026-05-09 20:01:00,T-202,South Depot,S-Bay-1,EQ-1911,Conveyor,738.28,Medium
,WO-2026-00292,Parts Received,2026-05-09 18:52:00,2026-05-09 20:00:00,T-202,South Depot,S-Bay-1,EQ-1911,Conveyor,584.39,High
EVT-0002490,WO-2026-00292,Repair Started,2026-05-09 23:52:00,2026-05-10 00:56:00,T-201,Central Depot,S-Bay-1,EQ-1911,Conveyor,1121.80,
EVT-0002491,WO-2026-00292,Repair Completed,2026-05-10 01:52:00,2026-05-10 02:22:00,T-201,Central Depot,S-Bay-1,EQ-1911,Conveyor,2174.66,High
EVT-0002492,WO-2026-00292,Tested,2026-05-10 04:02:00,2026-05-10 05:32:00,T-201,Central Depot,S-Bay-1,EQ-1911,Conveyor,1065.94,Low
EVT-0002493,WO-2026-00292,Returned to Service,2026-05-10 04:46:00,2026-05-10 07:16:00,T-201,Central Depot,S-Bay-1,EQ-1911,Conveyor,,Low
EVT-0002494,WO-2026-00293,Fault Reported,2026-05-25 21:22:00,2026-05-25 22:00:00,T-302,Central Depot,N-Bay-1,EQ-1589,Generator,2214.79,Low
EVT-0002495,WO-2026-00293,Triaged,2026-05-25 21:34:00,2026-05-25 23:39:00,T-302,Central Depot,N-Bay-1,EQ-1589,Generator,1540.70,High
EVT-0002496,WO-2026-00293,Repair Started,2026-05-26 06:34:00,2026-05-26 08:21:00,T-302,Central Depot,N-Bay-1,EQ-1589,Generator,2500.42,High
EVT-0002497,WO-2026-00293,Repair Completed,2026-05-26 15:34:00,2026-05-26 17:50:00,T-302,Central Depot,N-Bay-1,EQ-1589,Generator,2340.67,Medium
EVT-0002498,WO-2026-00293,Tested,2026-05-26 18:40:00,2026-05-26 19:22:00,T-302,Central Depot,N-Bay-1,EQ-1589,Generator,1312.23,
EVT-0002499,WO-2026-00293,Returned to Service,2026-05-26 21:56:00,2026-05-27 00:45:00,T-302,Central Depot,N-Bay-1,EQ-1589,Generator,1679.40,Medium
EVT-0002500,WO-2026-00294,Fault Reported,2026-05-12 06:38:00,2026-05-12 08:40:00,T-302,Central Depot,C-Field,EQ-1136,Conveyor,2150.79,Low
EVT-0002501,WO-2026-00294,Triaged,2026-05-12 08:49:00,2026-05-12 09:50:00,T-302,Central Depot,C-Field,EQ-1136,Conveyor,1441.59,
EVT-0002502,WO-2026-00294,Parts Ordered,2026-05-14 11:49:00,2026-05-14 13:13:00,T-302,Central Depot,C-Field,EQ-1136,Conveyor,552.26,Low
EVT-0002503,WO-2026-00294,Parts Received,2026-05-14 15:36:00,2026-05-14 17:42:00,T-302,Central Depot,C-Field,EQ-1136,Conveyor,,Low
EVT-0002504,WO-2026-00294,Repair Started,2026-05-14 23:36:00,2026-05-15 02:16:00,T-302,Central Depot,C-Field,EQ-1136,Conveyor,288.84,
EVT-0002505,WO-2026-00294,Repair Completed,2026-05-15 00:36:00,2026-05-15 03:08:00,T-302,Central Depot,C-Field,EQ-1136,Conveyor,1708.10,
EVT-0002506,WO-2026-00294,Tested,2026-05-15 02:18:00,2026-05-15 04:45:00,T-302,Central Depot,C-Field,EQ-1136,Conveyor,929.21,
EVT-0002507,WO-2026-00294,Repair Started,2026-05-15 06:18:00,2026-05-15 07:48:00,T-302,Central Depot,C-Field,EQ-1136,Conveyor,,
,WO-2026-00294,Repair Completed,2026-05-15 10:18:00,2026-05-15 12:19:00,T-202,South Depot,C-Field,EQ-1136,Conveyor,790.01,
,WO-2026-00294,Tested,2026-05-15 13:06:00,2026-05-15 13:39:00,T-202,South Depot,C-Field,EQ-1136,Conveyor,2444.83,
,WO-2026-00294,Returned to Service,2026-05-15 14:38:00,2026-05-15 17:29:00,T-202,South Depot,C-Field,EQ-1136,Conveyor,537.27,Medium
EVT-0002511,WO-2026-00295,Fault Reported,2026-02-26 03:38:00,2026-02-26 04:29:00,T-202,Central Depot,C-Workshop,EQ-1666,Pump,,
EVT-0002512,WO-2026-00295,Triaged,2026-02-26 05:05:00,2026-02-26 07:50:00,T-202,Central Depot,C-Workshop,EQ-1666,Pump,,High
EVT-0002513,WO-2026-00295,Parts Ordered,2026-02-27 23:05:00,2026-02-28 00:53:00,T-202,Central Depot,C-Workshop,EQ-1666,Pump,1900.09,High
EVT-0002514,WO-2026-00295,Parts Received,2026-02-28 01:24:00,2026-02-28 02:26:00,T-202,Central Depot,C-Workshop,EQ-1666,Pump,1872.09,Medium
EVT-0002515,WO-2026-00295,Repair Started,2026-02-28 11:24:00,2026-02-28 13:23:00,T-101,North Depot,C-Workshop,EQ-1666,Pump,,High
EVT-0002516,WO-2026-00295,Repair Completed,2026-02-28 19:24:00,2026-02-28 21:10:00,T-101,North Depot,C-Workshop,EQ-1666,Pump,,Medium
EVT-0002517,WO-2026-00295,Tested,2026-02-28 21:17:00,2026-02-28 23:48:00,T-101,North Depot,C-Workshop,EQ-1666,Pump,1062.14,High
EVT-0002518,WO-2026-00295,Repair Started,2026-02-28 23:17:00,2026-02-28 23:52:00,T-101,North Depot,C-Workshop,EQ-1666,Pump,146.37,Low
EVT-0002519,WO-2026-00295,Repair Completed,2026-03-01 00:17:00,2026-03-01 02:16:00,T-101,North Depot,C-Workshop,EQ-1666,Pump,1232.51,Low
EVT-0002520,WO-2026-00295,Tested,2026-03-01 01:04:00,2026-03-01 03:22:00,T-101,North Depot,C-Workshop,EQ-1666,Pump,1499.68,Low
EVT-0002521,WO-2026-00295,Returned to Service,2026-03-01 02:29:00,2026-03-01 03:16:00,T-101,North Depot,C-Workshop,EQ-1666,Pump,1058.03,
EVT-0002522,WO-2026-00296,Fault Reported,2026-01-27 14:14:00,2026-01-27 15:59:00,T-102,North Depot,S-Field,EQ-1201,Compressor,2213.03,
EVT-0002523,WO-2026-00296,Triaged,2026-01-27 15:12:00,2026-01-27 17:16:00,T-102,North Depot,S-Field,EQ-1201,Compressor,1265.56,High
EVT-0002524,WO-2026-00296,Parts Ordered,2026-01-31 15:12:00,2026-01-31 15:38:00,T-102,North Depot,S-Field,EQ-1201,Compressor,,Low
EVT-0002525,WO-2026-00296,Parts Received,2026-01-31 17:06:00,2026-01-31 19:42:00,T-102,North Depot,S-Field,EQ-1201,Compressor,,Low
EVT-0002526,WO-2026-00296,Repair Started,2026-01-31 19:06:00,2026-01-31 22:03:00,T-102,North Depot,S-Field,EQ-1201,Compressor,2258.13,
EVT-0002527,WO-2026-00296,Repair Completed,2026-02-01 00:06:00,2026-02-01 01:16:00,T-102,North Depot,S-Field,EQ-1201,Compressor,815.63,Medium
EVT-0002528,WO-2026-00296,Tested,2026-02-01 02:22:00,2026-02-01 03:26:00,T-102,North Depot,S-Field,EQ-1201,Compressor,1578.25,
EVT-0002529,WO-2026-00296,Returned to Service,2026-02-01 04:44:00,2026-02-01 06:37:00,T-102,North Depot,S-Field,EQ-1201,Compressor,210.66,Medium
,WO-2026-00297,Fault Reported,2026-03-01 14:34:00,2026-03-01 16:14:00,T-301,South Depot,C-Field,EQ-1828,Pump,1619.82,High
,WO-2026-00297,Triaged,2026-03-01 17:51:00,2026-03-01 19:12:00,T-301,South Depot,C-Field,EQ-1828,Pump,2362.47,
,WO-2026-00297,Parts Ordered,2026-03-02 14:51:00,2026-03-02 15:23:00,T-301,South Depot,C-Field,EQ-1828,Pump,156.09,Medium
,WO-2026-00297,Parts Received,2026-03-02 15:57:00,2026-03-02 16:09:00,T-301,South Depot,C-Field,EQ-1828,Pump,1619.19,High
,WO-2026-00297,Repair Started,2026-03-03 02:57:00,2026-03-03 05:35:00,T-302,South Depot,C-Field,EQ-1828,Pump,1050.51,Medium
,WO-2026-00297,Repair Completed,2026-03-03 07:57:00,2026-03-03 10:29:00,T-302,South Depot,C-Field,EQ-1828,Pump,1048.05,Low
,WO-2026-00297,Tested,2026-03-03 10:28:00,2026-03-03 12:08:00,T-302,South Depot,C-Field,EQ-1828,Pump,762.72,Medium
,WO-2026-00297,Returned to Service,2026-03-03 12:16:00,2026-03-03 12:23:00,T-302,South Depot,C-Field,EQ-1828,Pump,1914.06,
,WO-2026-00298,Fault Reported,2026-02-25 15:52:00,2026-02-25 18:30:00,T-301,South Depot,S-Bay-1,EQ-1374,Conveyor,2401.13,
,WO-2026-00298,Triaged,2026-02-25 18:22:00,2026-02-25 19:19:00,T-301,South Depot,S-Bay-1,EQ-1374,Conveyor,,Low
EVT-0002540,WO-2026-00298,Escalated to Specialist,2026-02-25 21:14:00,2026-02-25 22:19:00,T-102,North Depot,S-Bay-1,EQ-1374,Conveyor,155.19,
EVT-0002541,WO-2026-00298,Parts Ordered,2026-02-28 12:14:00,2026-02-28 15:12:00,T-102,North Depot,S-Bay-1,EQ-1374,Conveyor,2448.63,Low
EVT-0002542,WO-2026-00298,Parts Received,2026-02-28 12:50:00,2026-02-28 13:11:00,T-102,North Depot,S-Bay-1,EQ-1374,Conveyor,2057.26,High
EVT-0002543,WO-2026-00298,Repair Started,2026-02-28 23:50:00,2026-03-01 00:49:00,T-102,North Depot,S-Bay-1,EQ-1374,Conveyor,1790.99,High
EVT-0002544,WO-2026-00298,Repair Completed,2026-03-01 11:50:00,2026-03-01 13:37:00,T-102,North Depot,S-Bay-1,EQ-1374,Conveyor,207.69,Medium
EVT-0002545,WO-2026-00298,Tested,2026-03-01 13:13:00,2026-03-01 14:55:00,T-102,North Depot,S-Bay-1,EQ-1374,Conveyor,2560.85,Medium
EVT-0002546,WO-2026-00298,Returned to Service,2026-03-01 14:58:00,2026-03-01 17:09:00,T-102,North Depot,S-Bay-1,EQ-1374,Conveyor,697.98,Low
EVT-0002547,WO-2026-00299,Fault Reported,2026-02-10 06:02:00,2026-02-10 06:30:00,T-101,North Depot,N-Bay-1,EQ-1708,Pump,,
EVT-0002548,WO-2026-00299,Triaged,2026-02-10 08:02:00,2026-02-10 08:33:00,T-101,North Depot,N-Bay-1,EQ-1708,Pump,2215.84,
EVT-0002549,WO-2026-00299,Parts Ordered,2026-02-11 12:02:00,2026-02-11 14:02:00,T-101,North Depot,N-Bay-1,EQ-1708,Pump,,
EVT-0002550,WO-2026-00299,Parts Received,2026-02-11 13:48:00,2026-02-11 15:33:00,T-101,North Depot,N-Bay-1,EQ-1708,Pump,1780.39,High
EVT-0002551,WO-2026-00299,Repair Started,2026-02-11 15:48:00,2026-02-11 17:20:00,T-101,North Depot,N-Bay-1,EQ-1708,Pump,2326.46,Medium
EVT-0002552,WO-2026-00299,Repair Completed,2026-02-11 18:48:00,2026-02-11 19:10:00,T-101,North Depot,N-Bay-1,EQ-1708,Pump,,Low
EVT-0002553,WO-2026-00299,Tested,2026-02-11 21:52:00,2026-02-11 23:56:00,T-101,North Depot,N-Bay-1,EQ-1708,Pump,2187.66,
EVT-0002554,WO-2026-00299,Returned to Service,2026-02-11 22:19:00,2026-02-12 01:01:00,T-101,North Depot,N-Bay-1,EQ-1708,Pump,346.44,High
,WO-2026-00300,Fault Reported,2026-03-09 11:25:00,2026-03-09 13:52:00,T-301,South Depot,N-Field,EQ-1861,Valve Assembly,1765.23,
,WO-2026-00300,Triaged,2026-03-09 12:31:00,2026-03-09 14:50:00,T-302,South Depot,N-Field,EQ-1861,Valve Assembly,,
,WO-2026-00300,Parts Ordered,2026-03-11 08:31:00,2026-03-11 10:23:00,T-302,South Depot,N-Field,EQ-1861,Valve Assembly,1670.02,
,WO-2026-00300,Parts Received,2026-03-11 09:48:00,2026-03-11 12:44:00,T-302,South Depot,N-Field,EQ-1861,Valve Assembly,1205.10,Low
,WO-2026-00300,Repair Started,2026-03-11 11:48:00,2026-03-11 13:40:00,T-302,South Depot,N-Field,EQ-1861,Valve Assembly,1466.22,
,WO-2026-00300,Repair Completed,2026-03-11 13:48:00,2026-03-11 15:14:00,T-302,South Depot,N-Field,EQ-1861,Valve Assembly,1849.60,
,WO-2026-00300,Tested,2026-03-11 15:13:00,2026-03-11 18:02:00,T-302,South Depot,N-Field,EQ-1861,Valve Assembly,,Low
,WO-2026-00300,Returned to Service,2026-03-11 17:36:00,2026-03-11 18:48:00,T-302,South Depot,N-Field,EQ-1861,Valve Assembly,1924.02,Medium
EVT-0002563,WO-2026-00301,Fault Reported,2026-05-09 04:15:00,2026-05-09 05:38:00,T-102,North Depot,S-Field,EQ-1399,Conveyor,1166.64,
EVT-0002564,WO-2026-00301,Triaged,2026-05-09 04:39:00,2026-05-09 05:55:00,T-102,North Depot,S-Field,EQ-1399,Conveyor,1135.89,
EVT-0002565,WO-2026-00301,Parts Ordered,2026-05-10 11:39:00,2026-05-10 14:30:00,T-102,North Depot,S-Field,EQ-1399,Conveyor,1602.40,
EVT-0002566,WO-2026-00301,Parts Received,2026-05-10 14:28:00,2026-05-10 15:53:00,T-102,North Depot,S-Field,EQ-1399,Conveyor,1191.21,Medium
EVT-0002567,WO-2026-00301,Repair Started,2026-05-10 16:28:00,2026-05-10 17:30:00,T-102,North Depot,S-Field,EQ-1399,Conveyor,933.62,
EVT-0002568,WO-2026-00301,Repair Completed,2026-05-11 04:28:00,2026-05-11 06:17:00,T-102,North Depot,S-Field,EQ-1399,Conveyor,117.61,
EVT-0002569,WO-2026-00301,Tested,2026-05-11 08:04:00,2026-05-11 08:14:00,T-102,North Depot,S-Field,EQ-1399,Conveyor,,Medium
EVT-0002570,WO-2026-00301,Returned to Service,2026-05-11 08:33:00,2026-05-11 09:52:00,T-102,North Depot,S-Field,EQ-1399,Conveyor,,High
EVT-0002571,WO-2026-00302,Fault Reported,2026-04-24 06:43:00,2026-04-24 08:15:00,T-101,North Depot,N-Bay-1,EQ-1615,Generator,348.43,Low
EVT-0002572,WO-2026-00302,Triaged,2026-04-24 08:22:00,2026-04-24 10:55:00,T-101,North Depot,N-Bay-1,EQ-1615,Generator,1475.54,Low
EVT-0002573,WO-2026-00302,Parts Ordered,2026-04-26 23:22:00,2026-04-26 23:39:00,T-101,North Depot,N-Bay-1,EQ-1615,Generator,2518.73,
EVT-0002574,WO-2026-00302,Parts Received,2026-04-27 02:59:00,2026-04-27 03:07:00,T-101,North Depot,N-Bay-1,EQ-1615,Generator,1457.63,
EVT-0002575,WO-2026-00302,Repair Started,2026-04-27 05:59:00,2026-04-27 07:25:00,T-101,North Depot,N-Bay-1,EQ-1615,Generator,2136.02,Low
EVT-0002576,WO-2026-00302,Repair Completed,2026-04-27 06:59:00,2026-04-27 07:41:00,T-101,North Depot,N-Bay-1,EQ-1615,Generator,1192.29,High
EVT-0002577,WO-2026-00302,Tested,2026-04-27 10:15:00,2026-04-27 12:23:00,T-101,North Depot,N-Bay-1,EQ-1615,Generator,,Low
EVT-0002578,WO-2026-00302,Returned to Service,2026-04-27 13:56:00,2026-04-27 15:16:00,T-101,North Depot,N-Bay-1,EQ-1615,Generator,1660.27,Medium
,WO-2026-00303,Fault Reported,2026-01-31 05:35:00,2026-01-31 06:00:00,T-302,South Depot,S-Field,EQ-1619,Valve Assembly,2376.63,
EVT-0002580,WO-2026-00303,Triaged,2026-01-31 06:02:00,2026-01-31 06:18:00,T-201,Central Depot,S-Field,EQ-1619,Valve Assembly,1429.32,Low
EVT-0002581,WO-2026-00303,Parts Ordered,2026-02-01 22:02:00,2026-02-01 22:48:00,T-201,Central Depot,S-Field,EQ-1619,Valve Assembly,,High
EVT-0002582,WO-2026-00303,Parts Received,2026-02-01 23:56:00,2026-02-02 02:15:00,T-201,Central Depot,S-Field,EQ-1619,Valve Assembly,1398.00,Medium
EVT-0002583,WO-2026-00303,Repair Started,2026-02-02 04:56:00,2026-02-02 07:08:00,T-201,Central Depot,S-Field,EQ-1619,Valve Assembly,1990.76,Medium
EVT-0002584,WO-2026-00303,Repair Completed,2026-02-02 10:56:00,2026-02-02 13:38:00,T-201,Central Depot,S-Field,EQ-1619,Valve Assembly,,Low
EVT-0002585,WO-2026-00303,Tested,2026-02-02 11:44:00,2026-02-02 14:17:00,T-201,Central Depot,S-Field,EQ-1619,Valve Assembly,1330.20,Low
EVT-0002586,WO-2026-00303,Returned to Service,2026-02-02 15:28:00,2026-02-02 16:30:00,T-201,Central Depot,S-Field,EQ-1619,Valve Assembly,705.32,High
,WO-2026-00304,Fault Reported,2026-05-09 19:51:00,2026-05-09 20:08:00,T-301,South Depot,N-Field,EQ-1511,Pump,2599.01,
,WO-2026-00304,Triaged,2026-05-09 21:24:00,2026-05-09 23:39:00,T-301,South Depot,N-Field,EQ-1511,Pump,,
,WO-2026-00304,Parts Ordered,2026-05-11 00:24:00,2026-05-11 00:43:00,T-301,South Depot,N-Field,EQ-1511,Pump,,High
,WO-2026-00304,Parts Received,2026-05-11 02:17:00,2026-05-11 04:59:00,T-301,South Depot,N-Field,EQ-1511,Pump,537.67,Low
,WO-2026-00304,Repair Started,2026-05-11 11:17:00,2026-05-11 13:35:00,T-301,South Depot,N-Field,EQ-1511,Pump,,Low
,WO-2026-00304,Repair Completed,2026-05-11 13:17:00,2026-05-11 15:34:00,T-301,South Depot,N-Field,EQ-1511,Pump,727.09,Low
,WO-2026-00304,Tested,2026-05-11 14:24:00,2026-05-11 16:47:00,T-301,South Depot,N-Field,EQ-1511,Pump,591.90,Medium
,WO-2026-00304,Returned to Service,2026-05-11 14:31:00,2026-05-11 15:15:00,T-301,South Depot,N-Field,EQ-1511,Pump,,
,WO-2026-00305,Fault Reported,2026-01-30 02:03:00,2026-01-30 04:39:00,T-301,South Depot,N-Bay-1,EQ-1203,Conveyor,1083.97,Low
,WO-2026-00305,Triaged,2026-01-30 03:46:00,2026-01-30 05:13:00,T-301,South Depot,N-Bay-1,EQ-1203,Conveyor,845.44,
,WO-2026-00305,Parts Ordered,2026-02-02 05:46:00,2026-02-02 07:31:00,T-301,South Depot,N-Bay-1,EQ-1203,Conveyor,1047.66,Low
,WO-2026-00305,Parts Received,2026-02-02 07:23:00,2026-02-02 08:33:00,T-301,South Depot,N-Bay-1,EQ-1203,Conveyor,2132.51,
,WO-2026-00305,Parts Ordered,2026-02-04 06:23:00,2026-02-04 08:49:00,T-301,South Depot,N-Bay-1,EQ-1203,Conveyor,2203.77,High
EVT-0002600,WO-2026-00305,Parts Received,2026-02-04 08:25:00,2026-02-04 11:04:00,T-201,Central Depot,N-Bay-1,EQ-1203,Conveyor,1675.84,
EVT-0002601,WO-2026-00305,Repair Started,2026-02-04 14:25:00,2026-02-04 16:51:00,T-201,Central Depot,N-Bay-1,EQ-1203,Conveyor,2282.02,Medium
EVT-0002602,WO-2026-00305,Repair Completed,2026-02-04 23:25:00,2026-02-05 00:46:00,T-201,Central Depot,N-Bay-1,EQ-1203,Conveyor,,High
EVT-0002603,WO-2026-00305,Tested,2026-02-05 00:11:00,2026-02-05 01:38:00,T-201,Central Depot,N-Bay-1,EQ-1203,Conveyor,329.41,Medium
EVT-0002604,WO-2026-00305,Returned to Service,2026-02-05 00:26:00,2026-02-05 00:33:00,T-201,Central Depot,N-Bay-1,EQ-1203,Conveyor,2131.29,
EVT-0002605,WO-2026-00306,Fault Reported,2026-01-18 18:15:00,2026-01-18 18:21:00,T-102,North Depot,S-Bay-1,EQ-1438,Valve Assembly,,
EVT-0002606,WO-2026-00306,Triaged,2026-01-18 21:42:00,2026-01-18 23:02:00,T-102,North Depot,S-Bay-1,EQ-1438,Valve Assembly,222.18,
EVT-0002607,WO-2026-00306,Parts Ordered,2026-01-18 21:42:00,2026-01-18 22:24:00,T-102,North Depot,S-Bay-1,EQ-1438,Valve Assembly,1574.46,High
EVT-0002608,WO-2026-00306,Parts Received,2026-01-19 01:26:00,2026-01-19 02:02:00,T-102,North Depot,S-Bay-1,EQ-1438,Valve Assembly,2194.91,
EVT-0002609,WO-2026-00306,Repair Started,2026-01-19 04:26:00,2026-01-19 05:52:00,T-102,North Depot,S-Bay-1,EQ-1438,Valve Assembly,,Low
,WO-2026-00306,Repair Completed,2026-01-19 13:26:00,2026-01-19 14:36:00,T-301,South Depot,S-Bay-1,EQ-1438,Valve Assembly,,Medium
,WO-2026-00306,Tested,2026-01-19 13:58:00,2026-01-19 14:37:00,T-301,South Depot,S-Bay-1,EQ-1438,Valve Assembly,2522.62,
,WO-2026-00306,Repair Started,2026-01-19 17:58:00,2026-01-19 19:37:00,T-301,South Depot,S-Bay-1,EQ-1438,Valve Assembly,2090.94,High
,WO-2026-00306,Repair Completed,2026-01-19 23:58:00,2026-01-20 02:41:00,T-301,South Depot,S-Bay-1,EQ-1438,Valve Assembly,1783.88,
,WO-2026-00306,Tested,2026-01-20 01:28:00,2026-01-20 03:02:00,T-301,South Depot,S-Bay-1,EQ-1438,Valve Assembly,635.84,
,WO-2026-00306,Returned to Service,2026-01-20 05:06:00,2026-01-20 07:01:00,T-301,South Depot,S-Bay-1,EQ-1438,Valve Assembly,,Low
,WO-2026-00307,Fault Reported,2026-01-16 07:01:00,2026-01-16 07:27:00,T-301,South Depot,N-Field,EQ-1280,Conveyor,1033.07,Medium
,WO-2026-00307,Triaged,2026-01-16 10:52:00,2026-01-16 11:28:00,T-301,South Depot,N-Field,EQ-1280,Conveyor,759.63,
EVT-0002618,WO-2026-00307,Parts Ordered,2026-01-17 10:52:00,2026-01-17 13:50:00,T-101,North Depot,N-Field,EQ-1280,Conveyor,2359.78,Medium
EVT-0002619,WO-2026-00307,Parts Received,2026-01-17 11:56:00,2026-01-17 12:16:00,T-101,North Depot,N-Field,EQ-1280,Conveyor,684.65,Medium
EVT-0002620,WO-2026-00307,Repair Started,2026-01-17 20:56:00,2026-01-17 22:47:00,T-101,North Depot,N-Field,EQ-1280,Conveyor,2019.71,High
EVT-0002621,WO-2026-00307,Repair Completed,2026-01-17 21:56:00,2026-01-18 00:00:00,T-101,North Depot,N-Field,EQ-1280,Conveyor,1918.39,High
EVT-0002622,WO-2026-00307,Tested,2026-01-17 22:13:00,2026-01-17 22:53:00,T-101,North Depot,N-Field,EQ-1280,Conveyor,,Low
EVT-0002623,WO-2026-00307,Returned to Service,2026-01-17 22:31:00,2026-01-17 22:49:00,T-101,North Depot,N-Field,EQ-1280,Conveyor,,Medium
EVT-0002624,WO-2026-00308,Fault Reported,2026-02-03 01:52:00,2026-02-03 03:41:00,T-101,North Depot,N-Bay-1,EQ-1276,Compressor,1379.24,
EVT-0002625,WO-2026-00308,Triaged,2026-02-03 03:55:00,2026-02-03 04:23:00,T-101,North Depot,N-Bay-1,EQ-1276,Compressor,1559.58,
EVT-0002626,WO-2026-00308,Parts Ordered,2026-02-05 17:55:00,2026-02-05 20:11:00,T-101,North Depot,N-Bay-1,EQ-1276,Compressor,989.18,High
EVT-0002627,WO-2026-00308,Parts Received,2026-02-05 19:18:00,2026-02-05 20:09:00,T-101,North Depot,N-Bay-1,EQ-1276,Compressor,1943.50,Medium
EVT-0002628,WO-2026-00308,Repair Started,2026-02-06 01:18:00,2026-02-06 03:34:00,T-101,North Depot,N-Bay-1,EQ-1276,Compressor,197.79,High
,WO-2026-00308,Repair Completed,2026-02-06 09:18:00,2026-02-06 09:52:00,T-302,South Depot,N-Bay-1,EQ-1276,Compressor,,Medium
,WO-2026-00308,Tested,2026-02-06 12:00:00,2026-02-06 14:13:00,T-302,South Depot,N-Bay-1,EQ-1276,Compressor,2036.21,High
,WO-2026-00308,Repair Started,2026-02-06 22:00:00,2026-02-07 00:02:00,T-302,South Depot,N-Bay-1,EQ-1276,Compressor,1410.82,Medium
,WO-2026-00308,Repair Completed,2026-02-06 23:00:00,2026-02-07 00:28:00,T-302,South Depot,N-Bay-1,EQ-1276,Compressor,,Medium
,WO-2026-00308,Tested,2026-02-07 02:53:00,2026-02-07 04:27:00,T-302,South Depot,N-Bay-1,EQ-1276,Compressor,1419.99,
,WO-2026-00308,Returned to Service,2026-02-07 05:09:00,2026-02-07 07:40:00,T-302,South Depot,N-Bay-1,EQ-1276,Compressor,,Medium
,WO-2026-00309,Fault Reported,2026-04-20 09:08:00,2026-04-20 10:54:00,T-202,South Depot,N-Field,EQ-1547,Compressor,,Low
,WO-2026-00309,Triaged,2026-04-20 10:56:00,2026-04-20 13:09:00,T-202,South Depot,N-Field,EQ-1547,Compressor,,High
,WO-2026-00309,Parts Ordered,2026-04-23 20:56:00,2026-04-23 21:48:00,T-202,South Depot,N-Field,EQ-1547,Compressor,348.92,Medium
,WO-2026-00309,Parts Received,2026-04-23 22:13:00,2026-04-23 22:33:00,T-202,South Depot,N-Field,EQ-1547,Compressor,,Low
,WO-2026-00309,Repair Started,2026-04-24 03:13:00,2026-04-24 03:18:00,T-202,South Depot,N-Field,EQ-1547,Compressor,677.71,
,WO-2026-00309,Repair Completed,2026-04-24 14:13:00,2026-04-24 15:42:00,T-202,South Depot,N-Field,EQ-1547,Compressor,851.69,High
,WO-2026-00309,Tested,2026-04-24 18:02:00,2026-04-24 19:58:00,T-202,South Depot,N-Field,EQ-1547,Compressor,734.63,Medium
EVT-0002642,WO-2026-00309,Returned to Service,2026-04-24 19:18:00,2026-04-24 20:40:00,T-102,North Depot,N-Field,EQ-1547,Compressor,1347.54,High
EVT-0002643,WO-2026-00310,Fault Reported,2026-03-05 16:23:00,2026-03-05 18:46:00,T-101,North Depot,S-Field,EQ-1214,Conveyor,2254.44,High
EVT-0002644,WO-2026-00310,Triaged,2026-03-05 20:22:00,2026-03-05 23:07:00,T-201,Central Depot,S-Field,EQ-1214,Conveyor,,Low
EVT-0002645,WO-2026-00310,Parts Ordered,2026-03-09 17:22:00,2026-03-09 19:01:00,T-201,Central Depot,S-Field,EQ-1214,Conveyor,1869.23,Medium
EVT-0002646,WO-2026-00310,Parts Received,2026-03-09 20:34:00,2026-03-09 23:29:00,T-201,Central Depot,S-Field,EQ-1214,Conveyor,652.23,Low
EVT-0002647,WO-2026-00310,Repair Started,2026-03-10 07:34:00,2026-03-10 10:19:00,T-201,Central Depot,S-Field,EQ-1214,Conveyor,,Low
EVT-0002648,WO-2026-00310,Repair Completed,2026-03-10 11:34:00,2026-03-10 14:03:00,T-201,Central Depot,S-Field,EQ-1214,Conveyor,2456.79,High
EVT-0002649,WO-2026-00310,Tested,2026-03-10 14:13:00,2026-03-10 15:33:00,T-201,Central Depot,S-Field,EQ-1214,Conveyor,487.63,Low
EVT-0002650,WO-2026-00310,Returned to Service,2026-03-10 17:07:00,2026-03-10 18:03:00,T-201,Central Depot,S-Field,EQ-1214,Conveyor,,High
EVT-0002651,WO-2026-00311,Fault Reported,2026-04-07 05:50:00,2026-04-07 07:50:00,T-102,North Depot,N-Field,EQ-1170,Generator,1106.97,
EVT-0002652,WO-2026-00311,Triaged,2026-04-07 08:18:00,2026-04-07 08:47:00,T-102,North Depot,N-Field,EQ-1170,Generator,1016.44,Medium
EVT-0002653,WO-2026-00311,Parts Ordered,2026-04-09 03:18:00,2026-04-09 04:15:00,T-102,North Depot,N-Field,EQ-1170,Generator,251.17,Low
EVT-0002654,WO-2026-00311,Parts Received,2026-04-09 06:52:00,2026-04-09 09:51:00,T-102,North Depot,N-Field,EQ-1170,Generator,2524.06,Low
EVT-0002655,WO-2026-00311,Repair Started,2026-04-09 10:52:00,2026-04-09 13:28:00,T-102,North Depot,N-Field,EQ-1170,Generator,2292.36,Medium
EVT-0002656,WO-2026-00311,Repair Completed,2026-04-09 15:52:00,2026-04-09 16:50:00,T-102,North Depot,N-Field,EQ-1170,Generator,2549.45,Medium
EVT-0002657,WO-2026-00311,Tested,2026-04-09 19:06:00,2026-04-09 21:36:00,T-102,North Depot,N-Field,EQ-1170,Generator,1535.14,
EVT-0002658,WO-2026-00311,Repair Started,2026-04-10 00:06:00,2026-04-10 02:41:00,T-102,North Depot,N-Field,EQ-1170,Generator,1378.79,Medium
EVT-0002659,WO-2026-00311,Repair Completed,2026-04-10 09:06:00,2026-04-10 10:10:00,T-302,Central Depot,N-Field,EQ-1170,Generator,396.96,Low
EVT-0002660,WO-2026-00311,Tested,2026-04-10 12:29:00,2026-04-10 13:56:00,T-302,Central Depot,N-Field,EQ-1170,Generator,878.30,Low
EVT-0002661,WO-2026-00311,Returned to Service,2026-04-10 14:14:00,2026-04-10 15:21:00,T-302,Central Depot,N-Field,EQ-1170,Generator,,
,WO-2026-00312,Fault Reported,2026-03-27 21:50:00,2026-03-27 22:59:00,T-302,South Depot,N-Bay-2,EQ-1573,Valve Assembly,,Low
,WO-2026-00312,Triaged,2026-03-28 00:04:00,2026-03-28 00:14:00,T-302,South Depot,N-Bay-2,EQ-1573,Valve Assembly,2203.56,Medium
EVT-0002664,WO-2026-00312,Parts Ordered,2026-04-01 00:04:00,2026-04-01 01:30:00,T-302,Central Depot,N-Bay-2,EQ-1573,Valve Assembly,753.97,High
EVT-0002665,WO-2026-00312,Parts Received,2026-04-01 00:24:00,2026-04-01 01:29:00,T-101,North Depot,N-Bay-2,EQ-1573,Valve Assembly,644.76,Medium
EVT-0002666,WO-2026-00312,Parts Ordered,2026-04-03 05:24:00,2026-04-03 08:24:00,T-101,North Depot,N-Bay-2,EQ-1573,Valve Assembly,,
EVT-0002667,WO-2026-00312,Parts Received,2026-04-03 06:44:00,2026-04-03 06:59:00,T-101,North Depot,N-Bay-2,EQ-1573,Valve Assembly,2376.99,Low
EVT-0002668,WO-2026-00312,Repair Started,2026-04-03 07:44:00,2026-04-03 09:32:00,T-101,North Depot,N-Bay-2,EQ-1573,Valve Assembly,,Medium
EVT-0002669,WO-2026-00312,Repair Completed,2026-04-03 17:44:00,2026-04-03 19:13:00,T-101,North Depot,N-Bay-2,EQ-1573,Valve Assembly,462.39,Medium
EVT-0002670,WO-2026-00312,Tested,2026-04-03 20:06:00,2026-04-03 22:07:00,T-101,North Depot,N-Bay-2,EQ-1573,Valve Assembly,,
EVT-0002671,WO-2026-00312,Returned to Service,2026-04-03 21:14:00,2026-04-03 23:11:00,T-101,North Depot,N-Bay-2,EQ-1573,Valve Assembly,,Medium
,WO-2026-00313,Fault Reported,2026-02-18 04:58:00,2026-02-18 05:57:00,T-302,South Depot,S-Field,EQ-1937,Pump,,High
,WO-2026-00313,Triaged,2026-02-18 07:50:00,2026-02-18 10:03:00,T-302,South Depot,S-Field,EQ-1937,Pump,2032.00,
,WO-2026-00313,Parts Ordered,2026-02-19 10:50:00,2026-02-19 12:40:00,T-302,South Depot,S-Field,EQ-1937,Pump,2048.13,Low
,WO-2026-00313,Parts Received,2026-02-19 13:16:00,2026-02-19 15:01:00,T-302,South Depot,S-Field,EQ-1937,Pump,583.91,Low
,WO-2026-00313,Parts Ordered,2026-02-23 13:16:00,2026-02-23 13:25:00,T-302,South Depot,S-Field,EQ-1937,Pump,1975.47,High
EVT-0002677,WO-2026-00313,Parts Received,2026-02-23 15:17:00,2026-02-23 17:06:00,T-202,Central Depot,S-Field,EQ-1937,Pump,540.04,High
EVT-0002678,WO-2026-00313,Repair Started,2026-02-24 02:17:00,2026-02-24 04:24:00,T-202,Central Depot,S-Field,EQ-1937,Pump,41.72,Low
EVT-0002679,WO-2026-00313,Repair Completed,2026-02-24 05:17:00,2026-02-24 07:09:00,T-202,Central Depot,S-Field,EQ-1937,Pump,,Medium
EVT-0002680,WO-2026-00313,Tested,2026-02-24 07:31:00,2026-02-24 08:01:00,T-202,Central Depot,S-Field,EQ-1937,Pump,,High
EVT-0002681,WO-2026-00313,Returned to Service,2026-02-24 08:42:00,2026-02-24 09:58:00,T-202,Central Depot,S-Field,EQ-1937,Pump,827.29,
EVT-0002682,WO-2026-00314,Fault Reported,2026-04-20 03:39:00,2026-04-20 04:38:00,T-102,North Depot,N-Bay-2,EQ-1874,Pump,1210.87,Medium
EVT-0002683,WO-2026-00314,Triaged,2026-04-20 07:29:00,2026-04-20 09:11:00,T-102,North Depot,N-Bay-2,EQ-1874,Pump,1952.13,
EVT-0002684,WO-2026-00314,Parts Ordered,2026-04-22 14:29:00,2026-04-22 17:22:00,T-102,North Depot,N-Bay-2,EQ-1874,Pump,1192.10,Low
,WO-2026-00314,Parts Received,2026-04-22 16:49:00,2026-04-22 17:50:00,T-202,South Depot,N-Bay-2,EQ-1874,Pump,2367.86,Low
EVT-0002686,WO-2026-00314,Repair Started,2026-04-23 01:49:00,2026-04-23 02:14:00,T-101,North Depot,N-Bay-2,EQ-1874,Pump,,Low
EVT-0002687,WO-2026-00314,Repair Completed,2026-04-23 10:49:00,2026-04-23 11:51:00,T-201,Central Depot,N-Bay-2,EQ-1874,Pump,365.04,
EVT-0002688,WO-2026-00314,Tested,2026-04-23 12:51:00,2026-04-23 13:17:00,T-201,Central Depot,N-Bay-2,EQ-1874,Pump,1395.65,High
EVT-0002689,WO-2026-00314,Returned to Service,2026-04-23 15:30:00,2026-04-23 17:43:00,T-201,Central Depot,N-Bay-2,EQ-1874,Pump,1310.39,
,WO-2026-00315,Fault Reported,2026-03-10 20:59:00,2026-03-10 23:15:00,T-301,South Depot,S-Field,EQ-1297,Generator,1671.56,Low
,WO-2026-00315,Triaged,2026-03-10 23:05:00,2026-03-11 01:59:00,T-301,South Depot,S-Field,EQ-1297,Generator,,High
,WO-2026-00315,Parts Ordered,2026-03-12 00:05:00,2026-03-12 02:29:00,T-301,South Depot,S-Field,EQ-1297,Generator,1787.98,Low
,WO-2026-00315,Parts Received,2026-03-12 00:33:00,2026-03-12 01:13:00,T-301,South Depot,S-Field,EQ-1297,Generator,1253.09,High
,WO-2026-00315,Repair Started,2026-03-12 07:33:00,2026-03-12 09:10:00,T-301,South Depot,S-Field,EQ-1297,Generator,,High
,WO-2026-00315,Repair Completed,2026-03-12 12:33:00,2026-03-12 13:21:00,T-301,South Depot,S-Field,EQ-1297,Generator,,High
EVT-0002696,WO-2026-00315,Tested,2026-03-12 13:48:00,2026-03-12 15:22:00,T-102,North Depot,S-Field,EQ-1297,Generator,2309.54,High
EVT-0002697,WO-2026-00315,Repair Started,2026-03-12 17:48:00,2026-03-12 18:31:00,T-102,North Depot,S-Field,EQ-1297,Generator,,
EVT-0002698,WO-2026-00315,Repair Completed,2026-03-12 21:48:00,2026-03-13 00:22:00,T-102,North Depot,S-Field,EQ-1297,Generator,529.55,Medium
EVT-0002699,WO-2026-00315,Tested,2026-03-12 22:10:00,2026-03-12 23:30:00,T-102,North Depot,S-Field,EQ-1297,Generator,1593.03,
EVT-0002700,WO-2026-00315,Returned to Service,2026-03-13 01:26:00,2026-03-13 03:40:00,T-102,North Depot,S-Field,EQ-1297,Generator,1359.64,Low
,WO-2026-00316,Fault Reported,2026-04-24 16:19:00,2026-04-24 17:12:00,T-202,South Depot,N-Bay-1,EQ-1421,Compressor,,
,WO-2026-00316,Triaged,2026-04-24 19:00:00,2026-04-24 21:23:00,T-202,South Depot,N-Bay-1,EQ-1421,Compressor,1207.91,
,WO-2026-00316,Parts Ordered,2026-04-26 15:00:00,2026-04-26 15:57:00,T-202,South Depot,N-Bay-1,EQ-1421,Compressor,,Low
,WO-2026-00316,Parts Received,2026-04-26 18:15:00,2026-04-26 21:06:00,T-202,South Depot,N-Bay-1,EQ-1421,Compressor,2345.96,Low
,WO-2026-00316,Repair Started,2026-04-27 04:15:00,2026-04-27 04:56:00,T-202,South Depot,N-Bay-1,EQ-1421,Compressor,329.62,High
,WO-2026-00316,Repair Completed,2026-04-27 16:15:00,2026-04-27 16:29:00,T-202,South Depot,N-Bay-1,EQ-1421,Compressor,,Medium
,WO-2026-00316,Tested,2026-04-27 17:28:00,2026-04-27 20:27:00,T-202,South Depot,N-Bay-1,EQ-1421,Compressor,2487.89,
EVT-0002708,WO-2026-00316,Returned to Service,2026-04-27 20:05:00,2026-04-27 22:19:00,T-102,North Depot,N-Bay-1,EQ-1421,Compressor,2503.40,
,WO-2026-00317,Fault Reported,2026-03-27 03:30:00,2026-03-27 03:48:00,T-302,South Depot,C-Bay-2,EQ-1015,Generator,951.06,High
,WO-2026-00317,Triaged,2026-03-27 06:01:00,2026-03-27 08:45:00,T-302,South Depot,C-Bay-2,EQ-1015,Generator,922.85,High
,WO-2026-00317,Triaged,2026-03-27 07:39:00,2026-03-27 08:29:00,T-302,South Depot,C-Bay-2,EQ-1015,Generator,,Low
,WO-2026-00317,Parts Ordered,2026-03-29 05:39:00,2026-03-29 08:38:00,T-301,South Depot,C-Bay-2,EQ-1015,Generator,119.56,
,WO-2026-00317,Parts Received,2026-03-29 07:02:00,2026-03-29 09:33:00,T-301,South Depot,C-Bay-2,EQ-1015,Generator,,
,WO-2026-00317,Repair Started,2026-03-29 12:02:00,2026-03-29 12:22:00,T-301,South Depot,C-Bay-2,EQ-1015,Generator,,High
,WO-2026-00317,Repair Completed,2026-03-29 19:02:00,2026-03-29 21:29:00,T-202,South Depot,C-Bay-2,EQ-1015,Generator,320.58,Low
,WO-2026-00317,Tested,2026-03-29 21:00:00,2026-03-29 23:45:00,T-202,South Depot,C-Bay-2,EQ-1015,Generator,1421.74,
,WO-2026-00317,Returned to Service,2026-03-30 00:13:00,2026-03-30 03:01:00,T-202,South Depot,C-Bay-2,EQ-1015,Generator,738.05,
,WO-2026-00318,Fault Reported,2026-05-12 19:32:00,2026-05-12 21:30:00,T-301,South Depot,C-Field,EQ-1311,Valve Assembly,2541.15,Low
,WO-2026-00318,Triaged,2026-05-12 21:44:00,2026-05-12 22:25:00,T-301,South Depot,C-Field,EQ-1311,Valve Assembly,,Low
,WO-2026-00318,Escalated to Specialist,2026-05-12 21:58:00,2026-05-12 22:34:00,T-301,South Depot,C-Field,EQ-1311,Valve Assembly,1780.75,
,WO-2026-00318,Parts Ordered,2026-05-15 04:58:00,2026-05-15 06:55:00,T-301,South Depot,C-Field,EQ-1311,Valve Assembly,1757.25,Medium
,WO-2026-00318,Parts Received,2026-05-15 06:37:00,2026-05-15 08:54:00,T-301,South Depot,C-Field,EQ-1311,Valve Assembly,1353.34,
EVT-0002723,WO-2026-00318,Repair Started,2026-05-15 13:37:00,2026-05-15 13:45:00,T-201,Central Depot,C-Field,EQ-1311,Valve Assembly,,High
EVT-0002724,WO-2026-00318,Repair Completed,2026-05-15 23:37:00,2026-05-16 02:31:00,T-201,Central Depot,C-Field,EQ-1311,Valve Assembly,709.54,Medium
,WO-2026-00318,Tested,2026-05-16 01:20:00,2026-05-16 03:17:00,T-301,South Depot,C-Field,EQ-1311,Valve Assembly,1910.42,
,WO-2026-00318,Returned to Service,2026-05-16 03:39:00,2026-05-16 05:19:00,T-301,South Depot,C-Field,EQ-1311,Valve Assembly,2174.76,
EVT-0002727,WO-2026-00319,Fault Reported,2026-05-16 11:36:00,2026-05-16 11:51:00,T-101,North Depot,C-Workshop,EQ-1022,Pump,,High
EVT-0002728,WO-2026-00319,Triaged,2026-05-16 11:56:00,2026-05-16 12:47:00,T-101,North Depot,C-Workshop,EQ-1022,Pump,1936.13,
EVT-0002729,WO-2026-00319,Parts Ordered,2026-05-18 12:56:00,2026-05-18 13:15:00,T-101,North Depot,C-Workshop,EQ-1022,Pump,2000.95,Medium
EVT-0002730,WO-2026-00319,Parts Received,2026-05-18 16:11:00,2026-05-18 19:05:00,T-101,North Depot,C-Workshop,EQ-1022,Pump,688.55,Medium
EVT-0002731,WO-2026-00319,Repair Started,2026-05-18 20:11:00,2026-05-18 20:42:00,T-101,North Depot,C-Workshop,EQ-1022,Pump,2559.42,High
EVT-0002732,WO-2026-00319,Repair Completed,2026-05-19 00:11:00,2026-05-19 01:10:00,T-101,North Depot,C-Workshop,EQ-1022,Pump,379.39,Medium
EVT-0002733,WO-2026-00319,Tested,2026-05-19 00:23:00,2026-05-19 02:01:00,T-101,North Depot,C-Workshop,EQ-1022,Pump,144.38,
EVT-0002734,WO-2026-00319,Returned to Service,2026-05-19 01:11:00,2026-05-19 02:15:00,T-101,North Depot,C-Workshop,EQ-1022,Pump,,
EVT-0002735,WO-2026-00320,Fault Reported,2026-05-11 20:11:00,2026-05-11 21:13:00,T-102,North Depot,C-Bay-1,EQ-1539,Conveyor,,Low
EVT-0002736,WO-2026-00320,Triaged,2026-05-11 23:50:00,2026-05-12 02:41:00,T-102,North Depot,C-Bay-1,EQ-1539,Conveyor,1608.85,High
,WO-2026-00320,Parts Ordered,2026-05-13 01:50:00,2026-05-13 03:36:00,T-202,South Depot,C-Bay-1,EQ-1539,Conveyor,,Medium
,WO-2026-00320,Parts Received,2026-05-13 02:13:00,2026-05-13 05:09:00,T-202,South Depot,C-Bay-1,EQ-1539,Conveyor,2487.88,High
,WO-2026-00320,Repair Started,2026-05-13 05:13:00,2026-05-13 05:32:00,T-202,South Depot,C-Bay-1,EQ-1539,Conveyor,,Medium
,WO-2026-00320,Repair Completed,2026-05-13 14:13:00,2026-05-13 15:03:00,T-301,South Depot,C-Bay-1,EQ-1539,Conveyor,,Medium
,WO-2026-00320,Tested,2026-05-13 16:29:00,2026-05-13 17:01:00,T-301,South Depot,C-Bay-1,EQ-1539,Conveyor,197.53,Low
,WO-2026-00320,Returned to Service,2026-05-13 17:35:00,2026-05-13 18:36:00,T-301,South Depot,C-Bay-1,EQ-1539,Conveyor,377.74,Medium
,WO-2026-00321,Fault Reported,2026-04-19 08:17:00,2026-04-19 08:30:00,T-202,South Depot,N-Bay-1,EQ-1664,Generator,1595.08,Medium
,WO-2026-00321,Triaged,2026-04-19 10:49:00,2026-04-19 12:18:00,T-202,South Depot,N-Bay-1,EQ-1664,Generator,59.59,
EVT-0002745,WO-2026-00321,Parts Ordered,2026-04-21 05:49:00,2026-04-21 07:49:00,T-101,North Depot,N-Bay-1,EQ-1664,Generator,818.36,High
EVT-0002746,WO-2026-00321,Parts Received,2026-04-21 09:01:00,2026-04-21 11:25:00,T-101,North Depot,N-Bay-1,EQ-1664,Generator,1410.00,
EVT-0002747,WO-2026-00321,Repair Started,2026-04-21 13:01:00,2026-04-21 14:36:00,T-101,North Depot,N-Bay-1,EQ-1664,Generator,1603.78,High
EVT-0002748,WO-2026-00321,Repair Completed,2026-04-22 00:01:00,2026-04-22 02:35:00,T-101,North Depot,N-Bay-1,EQ-1664,Generator,1442.18,High
EVT-0002749,WO-2026-00321,Tested,2026-04-22 03:29:00,2026-04-22 05:40:00,T-101,North Depot,N-Bay-1,EQ-1664,Generator,2168.81,High
EVT-0002750,WO-2026-00321,Returned to Service,2026-04-22 06:07:00,2026-04-22 06:53:00,T-101,North Depot,N-Bay-1,EQ-1664,Generator,1700.24,
EVT-0002751,WO-2026-00322,Fault Reported,2026-05-18 01:13:00,2026-05-18 03:43:00,T-201,Central Depot,C-Bay-2,EQ-1131,Generator,576.83,Medium
EVT-0002752,WO-2026-00322,Triaged,2026-05-18 04:05:00,2026-05-18 06:37:00,T-201,Central Depot,C-Bay-2,EQ-1131,Generator,,Low
EVT-0002753,WO-2026-00322,Parts Ordered,2026-05-21 23:05:00,2026-05-21 23:55:00,T-201,Central Depot,C-Bay-2,EQ-1131,Generator,394.26,Low
EVT-0002754,WO-2026-00322,Parts Received,2026-05-22 02:38:00,2026-05-22 05:24:00,T-201,Central Depot,C-Bay-2,EQ-1131,Generator,2089.60,Low
EVT-0002755,WO-2026-00322,Repair Started,2026-05-22 13:38:00,2026-05-22 15:32:00,T-201,Central Depot,C-Bay-2,EQ-1131,Generator,1487.51,High
EVT-0002756,WO-2026-00322,Repair Completed,2026-05-22 21:38:00,2026-05-23 00:33:00,T-201,Central Depot,C-Bay-2,EQ-1131,Generator,790.64,
EVT-0002757,WO-2026-00322,Tested,2026-05-22 22:55:00,2026-05-22 23:33:00,T-201,Central Depot,C-Bay-2,EQ-1131,Generator,641.03,Low
EVT-0002758,WO-2026-00322,Repair Started,2026-05-23 05:55:00,2026-05-23 06:37:00,T-201,Central Depot,C-Bay-2,EQ-1131,Generator,1546.71,
EVT-0002759,WO-2026-00322,Repair Completed,2026-05-23 16:55:00,2026-05-23 18:47:00,T-201,Central Depot,C-Bay-2,EQ-1131,Generator,1616.23,Low
EVT-0002760,WO-2026-00322,Tested,2026-05-23 19:54:00,2026-05-23 22:45:00,T-201,Central Depot,C-Bay-2,EQ-1131,Generator,1429.76,Medium
EVT-0002761,WO-2026-00322,Returned to Service,2026-05-23 21:28:00,2026-05-23 21:47:00,T-201,Central Depot,C-Bay-2,EQ-1131,Generator,840.41,High
EVT-0002762,WO-2026-00323,Fault Reported,2026-02-19 17:10:00,2026-02-19 19:32:00,T-201,Central Depot,S-Field,EQ-1202,Conveyor,999.73,Medium
EVT-0002763,WO-2026-00323,Triaged,2026-02-19 20:18:00,2026-02-19 22:35:00,T-201,Central Depot,S-Field,EQ-1202,Conveyor,1448.63,High
EVT-0002764,WO-2026-00323,Parts Ordered,2026-02-19 20:18:00,2026-02-19 21:07:00,T-201,Central Depot,S-Field,EQ-1202,Conveyor,2569.64,Medium
EVT-0002765,WO-2026-00323,Parts Received,2026-02-19 22:32:00,2026-02-19 22:55:00,T-201,Central Depot,S-Field,EQ-1202,Conveyor,1863.54,Low
EVT-0002766,WO-2026-00323,Repair Started,2026-02-20 10:32:00,2026-02-20 11:32:00,T-201,Central Depot,S-Field,EQ-1202,Conveyor,,Medium
EVT-0002767,WO-2026-00323,Repair Completed,2026-02-20 12:32:00,2026-02-20 13:43:00,T-201,Central Depot,S-Field,EQ-1202,Conveyor,2568.32,Low
EVT-0002768,WO-2026-00323,Tested,2026-02-20 16:03:00,2026-02-20 17:04:00,T-201,Central Depot,S-Field,EQ-1202,Conveyor,,High
EVT-0002769,WO-2026-00323,Returned to Service,2026-02-20 17:38:00,2026-02-20 19:27:00,T-201,Central Depot,S-Field,EQ-1202,Conveyor,962.90,Low
EVT-0002770,WO-2026-00324,Fault Reported,2026-04-21 09:37:00,2026-04-21 11:25:00,T-101,North Depot,S-Field,EQ-1419,Compressor,1477.29,Low
EVT-0002771,WO-2026-00324,Triaged,2026-04-21 13:18:00,2026-04-21 13:34:00,T-101,North Depot,S-Field,EQ-1419,Compressor,2003.36,Medium
EVT-0002772,WO-2026-00324,Parts Ordered,2026-04-25 11:18:00,2026-04-25 13:35:00,T-101,North Depot,S-Field,EQ-1419,Compressor,2384.36,Low
EVT-0002773,WO-2026-00324,Parts Received,2026-04-25 12:37:00,2026-04-25 14:06:00,T-201,Central Depot,S-Field,EQ-1419,Compressor,548.16,Medium
EVT-0002774,WO-2026-00324,Repair Started,2026-04-26 00:37:00,2026-04-26 02:33:00,T-201,Central Depot,S-Field,EQ-1419,Compressor,1034.54,High
EVT-0002775,WO-2026-00324,Repair Completed,2026-04-26 08:37:00,2026-04-26 10:18:00,T-201,Central Depot,S-Field,EQ-1419,Compressor,2383.13,
EVT-0002776,WO-2026-00324,Tested,2026-04-26 11:38:00,2026-04-26 12:17:00,T-201,Central Depot,S-Field,EQ-1419,Compressor,2253.87,High
EVT-0002777,WO-2026-00324,Returned to Service,2026-04-26 14:15:00,2026-04-26 15:39:00,T-201,Central Depot,S-Field,EQ-1419,Compressor,1370.28,High
EVT-0002778,WO-2026-00325,Fault Reported,2026-05-27 15:04:00,2026-05-27 17:57:00,T-302,Central Depot,S-Field,EQ-1956,Generator,600.98,High
EVT-0002779,WO-2026-00325,Triaged,2026-05-27 18:58:00,2026-05-27 20:23:00,T-302,Central Depot,S-Field,EQ-1956,Generator,71.30,
,WO-2026-00326,Fault Reported,2026-03-16 03:02:00,2026-03-16 05:00:00,T-301,South Depot,N-Bay-1,EQ-1592,Valve Assembly,453.20,Medium
,WO-2026-00326,Triaged,2026-03-16 06:33:00,2026-03-16 06:59:00,T-301,South Depot,N-Bay-1,EQ-1592,Valve Assembly,,High
,WO-2026-00326,Parts Ordered,2026-03-19 16:33:00,2026-03-19 19:03:00,T-301,South Depot,N-Bay-1,EQ-1592,Valve Assembly,1413.43,Medium
,WO-2026-00326,Parts Received,2026-03-19 20:23:00,2026-03-19 20:40:00,T-301,South Depot,N-Bay-1,EQ-1592,Valve Assembly,1099.17,Low
,WO-2026-00326,Repair Started,2026-03-20 00:23:00,2026-03-20 02:48:00,T-301,South Depot,N-Bay-1,EQ-1592,Valve Assembly,,Medium
,WO-2026-00326,Repair Completed,2026-03-20 03:23:00,2026-03-20 04:07:00,T-301,South Depot,N-Bay-1,EQ-1592,Valve Assembly,775.32,Low
,WO-2026-00326,Tested,2026-03-20 06:23:00,2026-03-20 08:01:00,T-301,South Depot,N-Bay-1,EQ-1592,Valve Assembly,1823.66,
EVT-0002787,WO-2026-00326,Returned to Service,2026-03-20 09:55:00,2026-03-20 10:41:00,T-102,North Depot,N-Bay-1,EQ-1592,Valve Assembly,1643.15,
EVT-0002788,WO-2026-00327,Fault Reported,2026-01-25 15:41:00,2026-01-25 18:29:00,T-201,Central Depot,S-Field,EQ-1066,Conveyor,679.67,Low
EVT-0002789,WO-2026-00327,Triaged,2026-01-25 16:18:00,2026-01-25 17:19:00,T-201,Central Depot,S-Field,EQ-1066,Conveyor,,
EVT-0002790,WO-2026-00327,Parts Ordered,2026-01-28 17:18:00,2026-01-28 17:39:00,T-202,Central Depot,S-Field,EQ-1066,Conveyor,850.90,Low
EVT-0002791,WO-2026-00327,Parts Received,2026-01-28 17:45:00,2026-01-28 19:40:00,T-202,Central Depot,S-Field,EQ-1066,Conveyor,,
EVT-0002792,WO-2026-00327,Repair Started,2026-01-29 03:45:00,2026-01-29 06:12:00,T-202,Central Depot,S-Field,EQ-1066,Conveyor,345.47,Medium
EVT-0002793,WO-2026-00327,Repair Completed,2026-01-29 11:45:00,2026-01-29 12:58:00,T-202,Central Depot,S-Field,EQ-1066,Conveyor,,High
EVT-0002794,WO-2026-00327,Tested,2026-01-29 13:40:00,2026-01-29 14:48:00,T-202,Central Depot,S-Field,EQ-1066,Conveyor,,
EVT-0002795,WO-2026-00327,Repair Started,2026-01-30 00:40:00,2026-01-30 01:32:00,T-202,Central Depot,S-Field,EQ-1066,Conveyor,1082.62,High
EVT-0002796,WO-2026-00327,Repair Completed,2026-01-30 07:40:00,2026-01-30 09:15:00,T-202,Central Depot,S-Field,EQ-1066,Conveyor,2301.62,Low
EVT-0002797,WO-2026-00327,Tested,2026-01-30 08:21:00,2026-01-30 09:48:00,T-202,Central Depot,S-Field,EQ-1066,Conveyor,,
EVT-0002798,WO-2026-00327,Returned to Service,2026-01-30 11:33:00,2026-01-30 14:07:00,T-202,Central Depot,S-Field,EQ-1066,Conveyor,2047.30,Low
EVT-0002799,WO-2026-00328,Fault Reported,2026-05-05 11:01:00,2026-05-05 12:23:00,T-102,North Depot,S-Field,EQ-1945,Generator,,Medium
EVT-0002800,WO-2026-00328,Triaged,2026-05-05 12:32:00,2026-05-05 12:49:00,T-102,North Depot,S-Field,EQ-1945,Generator,1083.97,Low
EVT-0002801,WO-2026-00328,Parts Ordered,2026-05-07 12:32:00,2026-05-07 14:56:00,T-102,North Depot,S-Field,EQ-1945,Generator,1195.40,High
EVT-0002802,WO-2026-00328,Parts Received,2026-05-07 15:41:00,2026-05-07 15:58:00,T-102,North Depot,S-Field,EQ-1945,Generator,1483.68,Medium
EVT-0002803,WO-2026-00328,Repair Started,2026-05-07 21:41:00,2026-05-07 23:01:00,T-102,North Depot,S-Field,EQ-1945,Generator,2228.23,Low
EVT-0002804,WO-2026-00328,Repair Completed,2026-05-08 00:41:00,2026-05-08 01:39:00,T-102,North Depot,S-Field,EQ-1945,Generator,1744.87,Low
EVT-0002805,WO-2026-00328,Tested,2026-05-08 02:38:00,2026-05-08 04:00:00,T-102,North Depot,S-Field,EQ-1945,Generator,2344.94,High
EVT-0002806,WO-2026-00328,Returned to Service,2026-05-08 04:39:00,2026-05-08 07:31:00,T-102,North Depot,S-Field,EQ-1945,Generator,2066.29,High
,WO-2026-00329,Fault Reported,2026-04-06 06:49:00,2026-04-06 07:20:00,T-301,South Depot,C-Workshop,EQ-1996,Valve Assembly,1324.93,Medium
,WO-2026-00329,Triaged,2026-04-06 07:13:00,2026-04-06 09:59:00,T-301,South Depot,C-Workshop,EQ-1996,Valve Assembly,,High
,WO-2026-00329,Parts Ordered,2026-04-09 04:13:00,2026-04-09 06:54:00,T-301,South Depot,C-Workshop,EQ-1996,Valve Assembly,894.39,Medium
,WO-2026-00329,Parts Received,2026-04-09 06:03:00,2026-04-09 07:42:00,T-301,South Depot,C-Workshop,EQ-1996,Valve Assembly,,
,WO-2026-00329,Repair Started,2026-04-09 11:03:00,2026-04-09 11:43:00,T-301,South Depot,C-Workshop,EQ-1996,Valve Assembly,1470.65,Medium
,WO-2026-00329,Repair Completed,2026-04-09 17:03:00,2026-04-09 18:34:00,T-301,South Depot,C-Workshop,EQ-1996,Valve Assembly,1564.47,
,WO-2026-00329,Tested,2026-04-09 20:16:00,2026-04-09 22:46:00,T-301,South Depot,C-Workshop,EQ-1996,Valve Assembly,715.18,Medium
,WO-2026-00329,Returned to Service,2026-04-09 21:39:00,2026-04-09 23:59:00,T-301,South Depot,C-Workshop,EQ-1996,Valve Assembly,2482.40,High
EVT-0002815,WO-2026-00330,Fault Reported,2026-05-06 21:46:00,2026-05-06 22:21:00,T-101,North Depot,N-Bay-1,EQ-1036,Generator,130.38,
EVT-0002816,WO-2026-00330,Triaged,2026-05-06 23:05:00,2026-05-07 01:51:00,T-101,North Depot,N-Bay-1,EQ-1036,Generator,,High
EVT-0002817,WO-2026-00330,Parts Ordered,2026-05-09 00:05:00,2026-05-09 01:50:00,T-101,North Depot,N-Bay-1,EQ-1036,Generator,1915.71,
EVT-0002818,WO-2026-00330,Parts Received,2026-05-09 01:45:00,2026-05-09 03:13:00,T-101,North Depot,N-Bay-1,EQ-1036,Generator,676.70,High
EVT-0002819,WO-2026-00330,Repair Started,2026-05-09 09:45:00,2026-05-09 10:45:00,T-101,North Depot,N-Bay-1,EQ-1036,Generator,1878.40,
EVT-0002820,WO-2026-00330,Repair Completed,2026-05-09 10:45:00,2026-05-09 13:41:00,T-101,North Depot,N-Bay-1,EQ-1036,Generator,1407.00,Medium
EVT-0002821,WO-2026-00330,Tested,2026-05-09 14:21:00,2026-05-09 16:45:00,T-101,North Depot,N-Bay-1,EQ-1036,Generator,1715.96,Low
EVT-0002822,WO-2026-00330,Repair Started,2026-05-09 16:21:00,2026-05-09 17:22:00,T-302,Central Depot,N-Bay-1,EQ-1036,Generator,1320.52,Medium
EVT-0002823,WO-2026-00330,Repair Completed,2026-05-09 18:21:00,2026-05-09 19:36:00,T-302,Central Depot,N-Bay-1,EQ-1036,Generator,1479.69,Medium
EVT-0002824,WO-2026-00330,Tested,2026-05-09 20:37:00,2026-05-09 23:16:00,T-302,Central Depot,N-Bay-1,EQ-1036,Generator,1656.73,High
EVT-0002825,WO-2026-00330,Returned to Service,2026-05-09 23:17:00,2026-05-10 00:10:00,T-302,Central Depot,N-Bay-1,EQ-1036,Generator,2243.03,Low
,WO-2026-00331,Fault Reported,2026-04-07 18:10:00,2026-04-07 20:36:00,T-202,South Depot,C-Field,EQ-1392,Generator,2419.37,High
,WO-2026-00331,Triaged,2026-04-07 20:18:00,2026-04-07 21:30:00,T-202,South Depot,C-Field,EQ-1392,Generator,1334.48,Medium
,WO-2026-00331,Escalated to Specialist,2026-04-07 21:43:00,2026-04-08 00:34:00,T-202,South Depot,C-Field,EQ-1392,Generator,742.94,
,WO-2026-00331,Parts Ordered,2026-04-09 09:43:00,2026-04-09 10:57:00,T-202,South Depot,C-Field,EQ-1392,Generator,,
,WO-2026-00331,Parts Received,2026-04-09 12:21:00,2026-04-09 14:03:00,T-202,South Depot,C-Field,EQ-1392,Generator,1550.04,
,WO-2026-00331,Repair Started,2026-04-09 14:21:00,2026-04-09 15:18:00,T-202,South Depot,C-Field,EQ-1392,Generator,,
,WO-2026-00331,Repair Completed,2026-04-10 02:21:00,2026-04-10 03:26:00,T-202,South Depot,C-Field,EQ-1392,Generator,1587.16,Medium
,WO-2026-00331,Tested,2026-04-10 03:32:00,2026-04-10 03:53:00,T-202,South Depot,C-Field,EQ-1392,Generator,2303.89,Medium
,WO-2026-00331,Returned to Service,2026-04-10 06:28:00,2026-04-10 08:36:00,T-202,South Depot,C-Field,EQ-1392,Generator,1063.74,
,WO-2026-00332,Fault Reported,2026-04-18 02:19:00,2026-04-18 04:18:00,T-301,South Depot,S-Bay-1,EQ-1166,Compressor,434.78,High
,WO-2026-00332,Triaged,2026-04-18 02:58:00,2026-04-18 04:47:00,T-301,South Depot,S-Bay-1,EQ-1166,Compressor,2259.48,Medium
,WO-2026-00332,Escalated to Specialist,2026-04-18 06:46:00,2026-04-18 08:31:00,T-301,South Depot,S-Bay-1,EQ-1166,Compressor,1763.76,Low
,WO-2026-00332,Parts Ordered,2026-04-21 04:46:00,2026-04-21 06:37:00,T-301,South Depot,S-Bay-1,EQ-1166,Compressor,,Low
,WO-2026-00332,Parts Received,2026-04-21 06:35:00,2026-04-21 09:25:00,T-301,South Depot,S-Bay-1,EQ-1166,Compressor,,Low
,WO-2026-00332,Repair Started,2026-04-21 11:35:00,2026-04-21 14:30:00,T-301,South Depot,S-Bay-1,EQ-1166,Compressor,948.01,Low
,WO-2026-00332,Repair Completed,2026-04-21 15:35:00,2026-04-21 17:24:00,T-301,South Depot,S-Bay-1,EQ-1166,Compressor,654.54,Low
,WO-2026-00332,Tested,2026-04-21 17:15:00,2026-04-21 17:42:00,T-301,South Depot,S-Bay-1,EQ-1166,Compressor,,Medium
,WO-2026-00332,Returned to Service,2026-04-21 17:39:00,2026-04-21 19:10:00,T-301,South Depot,S-Bay-1,EQ-1166,Compressor,2103.40,High
,WO-2026-00333,Fault Reported,2026-03-15 02:49:00,2026-03-15 05:48:00,T-202,South Depot,S-Field,EQ-1330,Conveyor,1142.34,
,WO-2026-00333,Triaged,2026-03-15 05:36:00,2026-03-15 06:08:00,T-202,South Depot,S-Field,EQ-1330,Conveyor,,Medium
,WO-2026-00333,Parts Ordered,2026-03-16 16:36:00,2026-03-16 18:28:00,T-202,South Depot,S-Field,EQ-1330,Conveyor,2499.38,Low
,WO-2026-00333,Parts Received,2026-03-16 18:19:00,2026-03-16 19:35:00,T-202,South Depot,S-Field,EQ-1330,Conveyor,1217.48,High
,WO-2026-00333,Repair Started,2026-03-16 23:19:00,2026-03-17 01:44:00,T-202,South Depot,S-Field,EQ-1330,Conveyor,1653.33,Medium
,WO-2026-00333,Repair Completed,2026-03-17 06:19:00,2026-03-17 06:34:00,T-202,South Depot,S-Field,EQ-1330,Conveyor,2464.22,Medium
,WO-2026-00333,Tested,2026-03-17 09:22:00,2026-03-17 09:29:00,T-202,South Depot,S-Field,EQ-1330,Conveyor,432.62,Low
,WO-2026-00333,Returned to Service,2026-03-17 10:22:00,2026-03-17 11:46:00,T-202,South Depot,S-Field,EQ-1330,Conveyor,1887.37,Low
,WO-2026-00334,Fault Reported,2026-03-11 06:32:00,2026-03-11 08:54:00,T-301,South Depot,S-Field,EQ-1059,Conveyor,2578.43,High
,WO-2026-00334,Triaged,2026-03-11 08:23:00,2026-03-11 10:58:00,T-301,South Depot,S-Field,EQ-1059,Conveyor,1701.70,
,WO-2026-00334,Parts Ordered,2026-03-12 08:23:00,2026-03-12 11:20:00,T-301,South Depot,S-Field,EQ-1059,Conveyor,771.52,
,WO-2026-00334,Parts Received,2026-03-12 12:20:00,2026-03-12 14:34:00,T-301,South Depot,S-Field,EQ-1059,Conveyor,352.34,High
EVT-0002856,WO-2026-00334,Parts Ordered,2026-03-15 21:20:00,2026-03-15 21:37:00,T-201,Central Depot,S-Field,EQ-1059,Conveyor,1021.68,Low
EVT-0002857,WO-2026-00334,Parts Received,2026-03-15 23:18:00,2026-03-15 23:33:00,T-201,Central Depot,S-Field,EQ-1059,Conveyor,256.68,High
EVT-0002858,WO-2026-00334,Repair Started,2026-03-16 11:18:00,2026-03-16 13:17:00,T-201,Central Depot,S-Field,EQ-1059,Conveyor,1862.45,Low
EVT-0002859,WO-2026-00334,Repair Completed,2026-03-16 17:18:00,2026-03-16 17:23:00,T-101,North Depot,S-Field,EQ-1059,Conveyor,332.77,High
EVT-0002860,WO-2026-00334,Tested,2026-03-16 18:38:00,2026-03-16 21:16:00,T-101,North Depot,S-Field,EQ-1059,Conveyor,,High
EVT-0002861,WO-2026-00334,Returned to Service,2026-03-16 20:12:00,2026-03-16 21:08:00,T-101,North Depot,S-Field,EQ-1059,Conveyor,1390.47,High
,WO-2026-00335,Fault Reported,2026-01-13 07:39:00,2026-01-13 10:19:00,T-302,South Depot,S-Field,EQ-1644,Generator,1040.11,
,WO-2026-00335,Triaged,2026-01-13 10:53:00,2026-01-13 12:55:00,T-302,South Depot,S-Field,EQ-1644,Generator,715.09,High
,WO-2026-00335,Parts Ordered,2026-01-15 09:53:00,2026-01-15 11:46:00,T-302,South Depot,S-Field,EQ-1644,Generator,,
,WO-2026-00335,Parts Received,2026-01-15 12:47:00,2026-01-15 13:12:00,T-302,South Depot,S-Field,EQ-1644,Generator,1567.24,High
,WO-2026-00335,Repair Started,2026-01-15 14:47:00,2026-01-15 17:04:00,T-302,South Depot,S-Field,EQ-1644,Generator,446.79,High
,WO-2026-00335,Repair Completed,2026-01-16 01:47:00,2026-01-16 02:42:00,T-302,South Depot,S-Field,EQ-1644,Generator,1359.28,Medium
,WO-2026-00335,Tested,2026-01-16 03:01:00,2026-01-16 04:24:00,T-302,South Depot,S-Field,EQ-1644,Generator,146.40,
,WO-2026-00335,Returned to Service,2026-01-16 04:59:00,2026-01-16 05:22:00,T-302,South Depot,S-Field,EQ-1644,Generator,191.44,Low
,WO-2026-00336,Fault Reported,2026-03-17 20:27:00,2026-03-17 23:09:00,T-302,South Depot,S-Bay-1,EQ-1137,Conveyor,393.76,
,WO-2026-00336,Triaged,2026-03-17 23:33:00,2026-03-18 01:37:00,T-302,South Depot,S-Bay-1,EQ-1137,Conveyor,1333.52,
,WO-2026-00336,Parts Ordered,2026-03-21 01:33:00,2026-03-21 03:38:00,T-302,South Depot,S-Bay-1,EQ-1137,Conveyor,1469.43,Medium
,WO-2026-00336,Parts Received,2026-03-21 02:44:00,2026-03-21 04:42:00,T-302,South Depot,S-Bay-1,EQ-1137,Conveyor,288.96,
,WO-2026-00336,Repair Started,2026-03-21 09:44:00,2026-03-21 12:34:00,T-302,South Depot,S-Bay-1,EQ-1137,Conveyor,2403.33,Medium
,WO-2026-00336,Repair Completed,2026-03-21 13:44:00,2026-03-21 15:03:00,T-302,South Depot,S-Bay-1,EQ-1137,Conveyor,,Low
,WO-2026-00336,Tested,2026-03-21 14:16:00,2026-03-21 16:02:00,T-302,South Depot,S-Bay-1,EQ-1137,Conveyor,,Low
,WO-2026-00336,Returned to Service,2026-03-21 18:14:00,2026-03-21 20:08:00,T-302,South Depot,S-Bay-1,EQ-1137,Conveyor,,Low
EVT-0002878,WO-2026-00337,Fault Reported,2026-05-22 01:28:00,2026-05-22 04:06:00,T-201,Central Depot,N-Bay-2,EQ-1517,Compressor,,Low
EVT-0002879,WO-2026-00337,Triaged,2026-05-22 02:10:00,2026-05-22 02:55:00,T-201,Central Depot,N-Bay-2,EQ-1517,Compressor,,Low
,WO-2026-00337,Parts Ordered,2026-05-23 04:10:00,2026-05-23 06:07:00,T-202,South Depot,N-Bay-2,EQ-1517,Compressor,,Medium
EVT-0002881,WO-2026-00337,Parts Received,2026-05-23 06:57:00,2026-05-23 09:33:00,T-302,Central Depot,N-Bay-2,EQ-1517,Compressor,2277.51,High
EVT-0002882,WO-2026-00337,Repair Started,2026-05-23 18:57:00,2026-05-23 20:09:00,T-302,Central Depot,N-Bay-2,EQ-1517,Compressor,668.72,High
EVT-0002883,WO-2026-00337,Repair Completed,2026-05-24 04:57:00,2026-05-24 06:30:00,T-302,Central Depot,N-Bay-2,EQ-1517,Compressor,1453.35,Low
EVT-0002884,WO-2026-00337,Tested,2026-05-24 06:21:00,2026-05-24 06:26:00,T-302,Central Depot,N-Bay-2,EQ-1517,Compressor,,Medium
EVT-0002885,WO-2026-00337,Returned to Service,2026-05-24 06:32:00,2026-05-24 08:27:00,T-302,Central Depot,N-Bay-2,EQ-1517,Compressor,1146.69,Medium
EVT-0002886,WO-2026-00338,Fault Reported,2026-01-09 20:19:00,2026-01-09 22:35:00,T-102,North Depot,C-Field,EQ-1164,Compressor,868.73,Medium
EVT-0002887,WO-2026-00338,Triaged,2026-01-09 22:22:00,2026-01-10 00:40:00,T-102,North Depot,C-Field,EQ-1164,Compressor,759.32,Medium
EVT-0002888,WO-2026-00338,Parts Ordered,2026-01-10 22:22:00,2026-01-10 22:57:00,T-102,North Depot,C-Field,EQ-1164,Compressor,173.54,High
EVT-0002889,WO-2026-00338,Parts Received,2026-01-11 00:39:00,2026-01-11 03:04:00,T-102,North Depot,C-Field,EQ-1164,Compressor,721.48,
EVT-0002890,WO-2026-00338,Repair Started,2026-01-11 03:39:00,2026-01-11 04:21:00,T-102,North Depot,C-Field,EQ-1164,Compressor,1739.45,Medium
EVT-0002891,WO-2026-00338,Repair Completed,2026-01-11 08:39:00,2026-01-11 10:52:00,T-102,North Depot,C-Field,EQ-1164,Compressor,2336.46,
EVT-0002892,WO-2026-00338,Tested,2026-01-11 09:57:00,2026-01-11 10:51:00,T-102,North Depot,C-Field,EQ-1164,Compressor,2256.62,High
EVT-0002893,WO-2026-00338,Returned to Service,2026-01-11 13:03:00,2026-01-11 15:17:00,T-102,North Depot,C-Field,EQ-1164,Compressor,2092.90,Low
EVT-0002894,WO-2026-00339,Fault Reported,2026-03-26 14:18:00,2026-03-26 16:05:00,T-102,North Depot,S-Field,EQ-1518,Conveyor,1510.39,
EVT-0002895,WO-2026-00339,Triaged,2026-03-26 17:01:00,2026-03-26 19:26:00,T-102,North Depot,S-Field,EQ-1518,Conveyor,624.53,High
EVT-0002896,WO-2026-00339,Parts Ordered,2026-03-30 09:01:00,2026-03-30 10:31:00,T-102,North Depot,S-Field,EQ-1518,Conveyor,377.00,
EVT-0002897,WO-2026-00339,Parts Received,2026-03-30 12:27:00,2026-03-30 15:12:00,T-102,North Depot,S-Field,EQ-1518,Conveyor,,Low
EVT-0002898,WO-2026-00339,Parts Ordered,2026-04-02 13:27:00,2026-04-02 15:12:00,T-102,North Depot,S-Field,EQ-1518,Conveyor,501.51,High
EVT-0002899,WO-2026-00339,Parts Received,2026-04-02 16:38:00,2026-04-02 19:21:00,T-102,North Depot,S-Field,EQ-1518,Conveyor,1298.68,Low
EVT-0002900,WO-2026-00339,Repair Started,2026-04-02 19:38:00,2026-04-02 21:56:00,T-102,North Depot,S-Field,EQ-1518,Conveyor,618.98,
EVT-0002901,WO-2026-00339,Repair Completed,2026-04-03 06:38:00,2026-04-03 07:10:00,T-102,North Depot,S-Field,EQ-1518,Conveyor,1810.62,Low
EVT-0002902,WO-2026-00339,Tested,2026-04-03 09:14:00,2026-04-03 11:31:00,T-102,North Depot,S-Field,EQ-1518,Conveyor,1238.15,Medium
EVT-0002903,WO-2026-00339,Returned to Service,2026-04-03 11:07:00,2026-04-03 12:08:00,T-102,North Depot,S-Field,EQ-1518,Conveyor,1214.40,
,WO-2026-00340,Fault Reported,2026-03-22 11:02:00,2026-03-22 11:19:00,T-302,South Depot,S-Field,EQ-1160,Conveyor,963.64,Medium
,WO-2026-00340,Triaged,2026-03-22 12:48:00,2026-03-22 15:34:00,T-302,South Depot,S-Field,EQ-1160,Conveyor,2178.42,Medium
,WO-2026-00340,Parts Ordered,2026-03-22 12:48:00,2026-03-22 13:31:00,T-302,South Depot,S-Field,EQ-1160,Conveyor,2499.98,Low
,WO-2026-00340,Parts Received,2026-03-22 15:46:00,2026-03-22 16:08:00,T-302,South Depot,S-Field,EQ-1160,Conveyor,1559.73,Medium
,WO-2026-00340,Repair Started,2026-03-23 02:46:00,2026-03-23 03:17:00,T-302,South Depot,S-Field,EQ-1160,Conveyor,1533.16,Medium
,WO-2026-00340,Repair Completed,2026-03-23 05:46:00,2026-03-23 07:59:00,T-302,South Depot,S-Field,EQ-1160,Conveyor,2121.58,Low
,WO-2026-00340,Tested,2026-03-23 07:01:00,2026-03-23 07:55:00,T-302,South Depot,S-Field,EQ-1160,Conveyor,1962.53,
EVT-0002911,WO-2026-00340,Returned to Service,2026-03-23 09:34:00,2026-03-23 10:06:00,T-101,North Depot,S-Field,EQ-1160,Conveyor,,
,WO-2026-00341,Fault Reported,2026-01-30 14:15:00,2026-01-30 16:06:00,T-302,South Depot,S-Bay-1,EQ-1064,Compressor,1446.16,Low
EVT-0002913,WO-2026-00341,Triaged,2026-01-30 17:18:00,2026-01-30 18:58:00,T-202,Central Depot,S-Bay-1,EQ-1064,Compressor,1793.25,Low
EVT-0002914,WO-2026-00341,Parts Ordered,2026-02-03 05:18:00,2026-02-03 07:09:00,T-202,Central Depot,S-Bay-1,EQ-1064,Compressor,,Medium
EVT-0002915,WO-2026-00341,Parts Received,2026-02-03 09:15:00,2026-02-03 12:03:00,T-202,Central Depot,S-Bay-1,EQ-1064,Compressor,496.41,Low
EVT-0002916,WO-2026-00341,Parts Ordered,2026-02-06 10:15:00,2026-02-06 12:07:00,T-202,Central Depot,S-Bay-1,EQ-1064,Compressor,747.13,
EVT-0002917,WO-2026-00341,Parts Received,2026-02-06 12:02:00,2026-02-06 13:39:00,T-202,Central Depot,S-Bay-1,EQ-1064,Compressor,1120.60,
EVT-0002918,WO-2026-00341,Repair Started,2026-02-06 23:02:00,2026-02-07 01:08:00,T-202,Central Depot,S-Bay-1,EQ-1064,Compressor,476.19,Low
EVT-0002919,WO-2026-00341,Repair Completed,2026-02-07 06:02:00,2026-02-07 06:43:00,T-202,Central Depot,S-Bay-1,EQ-1064,Compressor,906.76,High
EVT-0002920,WO-2026-00341,Tested,2026-02-07 08:14:00,2026-02-07 09:39:00,T-202,Central Depot,S-Bay-1,EQ-1064,Compressor,586.43,Medium
EVT-0002921,WO-2026-00341,Returned to Service,2026-02-07 11:49:00,2026-02-07 13:22:00,T-202,Central Depot,S-Bay-1,EQ-1064,Compressor,1191.52,
EVT-0002922,WO-2026-00342,Fault Reported,2026-02-26 09:07:00,2026-02-26 11:21:00,T-102,North Depot,S-Field,EQ-1300,Compressor,509.52,
EVT-0002923,WO-2026-00342,Triaged,2026-02-26 10:34:00,2026-02-26 12:00:00,T-102,North Depot,S-Field,EQ-1300,Compressor,,Medium
EVT-0002924,WO-2026-00342,Parts Ordered,2026-03-01 12:34:00,2026-03-01 13:00:00,T-102,North Depot,S-Field,EQ-1300,Compressor,779.57,Low
EVT-0002925,WO-2026-00342,Parts Received,2026-03-01 15:35:00,2026-03-01 15:44:00,T-102,North Depot,S-Field,EQ-1300,Compressor,256.67,Medium
EVT-0002926,WO-2026-00342,Repair Started,2026-03-01 20:35:00,2026-03-01 22:37:00,T-102,North Depot,S-Field,EQ-1300,Compressor,1125.93,High
EVT-0002927,WO-2026-00342,Repair Completed,2026-03-02 03:35:00,2026-03-02 03:51:00,T-102,North Depot,S-Field,EQ-1300,Compressor,903.31,
EVT-0002928,WO-2026-00342,Tested,2026-03-02 07:22:00,2026-03-02 07:52:00,T-102,North Depot,S-Field,EQ-1300,Compressor,1533.86,
EVT-0002929,WO-2026-00342,Returned to Service,2026-03-02 09:17:00,2026-03-02 12:00:00,T-102,North Depot,S-Field,EQ-1300,Compressor,1339.94,Medium
EVT-0002930,WO-2026-00343,Fault Reported,2026-02-14 00:27:00,2026-02-14 02:56:00,T-101,North Depot,S-Field,EQ-1293,Pump,951.70,
EVT-0002931,WO-2026-00343,Triaged,2026-02-14 03:20:00,2026-02-14 04:19:00,T-101,North Depot,S-Field,EQ-1293,Pump,1161.58,
EVT-0002932,WO-2026-00343,Repair Started,2026-02-14 12:20:00,2026-02-14 13:11:00,T-101,North Depot,S-Field,EQ-1293,Pump,,Low
EVT-0002933,WO-2026-00343,Repair Completed,2026-02-14 23:20:00,2026-02-14 23:27:00,T-201,Central Depot,S-Field,EQ-1293,Pump,1949.70,
EVT-0002934,WO-2026-00343,Tested,2026-02-15 01:28:00,2026-02-15 02:17:00,T-201,Central Depot,S-Field,EQ-1293,Pump,894.38,Low
EVT-0002935,WO-2026-00343,Returned to Service,2026-02-15 03:49:00,2026-02-15 04:11:00,T-201,Central Depot,S-Field,EQ-1293,Pump,2124.89,
EVT-0002936,WO-2026-00344,Fault Reported,2026-01-22 16:46:00,2026-01-22 18:30:00,T-102,North Depot,C-Field,EQ-1135,Valve Assembly,1620.32,Medium
EVT-0002937,WO-2026-00344,Triaged,2026-01-22 20:18:00,2026-01-22 22:00:00,T-102,North Depot,C-Field,EQ-1135,Valve Assembly,2209.70,
EVT-0002938,WO-2026-00344,Parts Ordered,2026-01-25 12:18:00,2026-01-25 13:11:00,T-102,North Depot,C-Field,EQ-1135,Valve Assembly,2270.70,High
EVT-0002939,WO-2026-00344,Parts Received,2026-01-25 14:28:00,2026-01-25 17:16:00,T-102,North Depot,C-Field,EQ-1135,Valve Assembly,825.89,Medium
EVT-0002940,WO-2026-00344,Repair Started,2026-01-25 17:28:00,2026-01-25 20:12:00,T-102,North Depot,C-Field,EQ-1135,Valve Assembly,2590.32,
EVT-0002941,WO-2026-00344,Repair Completed,2026-01-25 18:28:00,2026-01-25 18:42:00,T-102,North Depot,C-Field,EQ-1135,Valve Assembly,867.92,Low
EVT-0002942,WO-2026-00344,Tested,2026-01-25 20:44:00,2026-01-25 22:40:00,T-102,North Depot,C-Field,EQ-1135,Valve Assembly,484.19,Low
EVT-0002943,WO-2026-00344,Returned to Service,2026-01-25 23:56:00,2026-01-26 02:07:00,T-102,North Depot,C-Field,EQ-1135,Valve Assembly,2141.69,
EVT-0002944,WO-2026-00345,Fault Reported,2026-05-04 23:01:00,2026-05-05 00:38:00,T-101,North Depot,S-Field,EQ-1365,Pump,385.18,Medium
EVT-0002945,WO-2026-00345,Triaged,2026-05-05 01:49:00,2026-05-05 02:48:00,T-101,North Depot,S-Field,EQ-1365,Pump,1957.49,Low
EVT-0002946,WO-2026-00345,Parts Ordered,2026-05-07 23:49:00,2026-05-08 02:37:00,T-101,North Depot,S-Field,EQ-1365,Pump,261.16,Low
EVT-0002947,WO-2026-00345,Parts Received,2026-05-08 00:18:00,2026-05-08 00:57:00,T-101,North Depot,S-Field,EQ-1365,Pump,1778.71,High
EVT-0002948,WO-2026-00345,Repair Started,2026-05-08 12:18:00,2026-05-08 13:42:00,T-101,North Depot,S-Field,EQ-1365,Pump,,Medium
EVT-0002949,WO-2026-00345,Repair Completed,2026-05-08 21:18:00,2026-05-08 22:13:00,T-101,North Depot,S-Field,EQ-1365,Pump,630.81,High
EVT-0002950,WO-2026-00345,Tested,2026-05-09 00:54:00,2026-05-09 03:00:00,T-101,North Depot,S-Field,EQ-1365,Pump,,Medium
,WO-2026-00345,Returned to Service,2026-05-09 03:02:00,2026-05-09 04:50:00,T-202,South Depot,S-Field,EQ-1365,Pump,913.19,High
,WO-2026-00346,Fault Reported,2026-04-05 16:14:00,2026-04-05 18:35:00,T-202,South Depot,S-Bay-1,EQ-1805,Generator,963.89,
,WO-2026-00346,Triaged,2026-04-05 17:31:00,2026-04-05 19:56:00,T-202,South Depot,S-Bay-1,EQ-1805,Generator,,Low
,WO-2026-00346,Parts Ordered,2026-04-09 12:31:00,2026-04-09 14:05:00,T-202,South Depot,S-Bay-1,EQ-1805,Generator,,
,WO-2026-00346,Parts Received,2026-04-09 15:15:00,2026-04-09 17:05:00,T-202,South Depot,S-Bay-1,EQ-1805,Generator,890.97,
,WO-2026-00346,Parts Ordered,2026-04-12 23:15:00,2026-04-13 00:19:00,T-202,South Depot,S-Bay-1,EQ-1805,Generator,806.64,High
,WO-2026-00346,Parts Received,2026-04-13 01:54:00,2026-04-13 03:25:00,T-301,South Depot,S-Bay-1,EQ-1805,Generator,751.33,High
EVT-0002958,WO-2026-00346,Repair Started,2026-04-13 08:54:00,2026-04-13 11:39:00,T-302,Central Depot,S-Bay-1,EQ-1805,Generator,1241.02,Low
EVT-0002959,WO-2026-00346,Repair Completed,2026-04-13 15:54:00,2026-04-13 16:09:00,T-302,Central Depot,S-Bay-1,EQ-1805,Generator,155.40,Medium
EVT-0002960,WO-2026-00346,Tested,2026-04-13 18:28:00,2026-04-13 19:10:00,T-302,Central Depot,S-Bay-1,EQ-1805,Generator,961.09,Medium
EVT-0002961,WO-2026-00346,Returned to Service,2026-04-13 22:24:00,2026-04-14 00:10:00,T-302,Central Depot,S-Bay-1,EQ-1805,Generator,2513.75,High
EVT-0002962,WO-2026-00347,Fault Reported,2026-05-21 20:17:00,2026-05-21 21:42:00,T-302,Central Depot,N-Bay-1,EQ-1916,Conveyor,,Low
EVT-0002963,WO-2026-00347,Triaged,2026-05-21 20:47:00,2026-05-21 23:46:00,T-302,Central Depot,N-Bay-1,EQ-1916,Conveyor,743.63,High
EVT-0002964,WO-2026-00347,Parts Ordered,2026-05-24 18:47:00,2026-05-24 19:00:00,T-302,Central Depot,N-Bay-1,EQ-1916,Conveyor,2231.85,Low
EVT-0002965,WO-2026-00347,Parts Received,2026-05-24 21:26:00,2026-05-24 22:16:00,T-302,Central Depot,N-Bay-1,EQ-1916,Conveyor,232.56,Low
EVT-0002966,WO-2026-00347,Repair Started,2026-05-25 04:26:00,2026-05-25 06:58:00,T-302,Central Depot,N-Bay-1,EQ-1916,Conveyor,1940.24,Medium
EVT-0002967,WO-2026-00347,Repair Completed,2026-05-25 09:26:00,2026-05-25 09:33:00,T-101,North Depot,N-Bay-1,EQ-1916,Conveyor,227.79,Medium
EVT-0002968,WO-2026-00347,Tested,2026-05-25 13:14:00,2026-05-25 15:03:00,T-102,North Depot,N-Bay-1,EQ-1916,Conveyor,,Low
EVT-0002969,WO-2026-00347,Returned to Service,2026-05-25 15:38:00,2026-05-25 15:48:00,T-102,North Depot,N-Bay-1,EQ-1916,Conveyor,261.85,High
EVT-0002970,WO-2026-00348,Fault Reported,2026-04-23 04:55:00,2026-04-23 07:13:00,T-201,Central Depot,N-Field,EQ-1904,Pump,2419.81,Medium
EVT-0002971,WO-2026-00348,Triaged,2026-04-23 05:38:00,2026-04-23 08:01:00,T-201,Central Depot,N-Field,EQ-1904,Pump,686.15,Medium
EVT-0002972,WO-2026-00348,Escalated to Specialist,2026-04-23 09:30:00,2026-04-23 11:15:00,T-201,Central Depot,N-Field,EQ-1904,Pump,1293.72,Low
EVT-0002973,WO-2026-00348,Parts Ordered,2026-04-26 07:30:00,2026-04-26 08:05:00,T-101,North Depot,N-Field,EQ-1904,Pump,874.50,Low
EVT-0002974,WO-2026-00348,Parts Received,2026-04-26 07:38:00,2026-04-26 08:32:00,T-102,North Depot,N-Field,EQ-1904,Pump,832.32,High
EVT-0002975,WO-2026-00348,Repair Started,2026-04-26 19:38:00,2026-04-26 20:18:00,T-102,North Depot,N-Field,EQ-1904,Pump,769.92,High
EVT-0002976,WO-2026-00348,Repair Completed,2026-04-27 05:38:00,2026-04-27 06:45:00,T-102,North Depot,N-Field,EQ-1904,Pump,2206.93,Low
EVT-0002977,WO-2026-00348,Tested,2026-04-27 05:51:00,2026-04-27 07:49:00,T-101,North Depot,N-Field,EQ-1904,Pump,,
EVT-0002978,WO-2026-00348,Returned to Service,2026-04-27 08:13:00,2026-04-27 10:03:00,T-101,North Depot,N-Field,EQ-1904,Pump,766.80,
EVT-0002979,WO-2026-00349,Fault Reported,2026-02-25 17:27:00,2026-02-25 19:39:00,T-102,North Depot,N-Field,EQ-1981,Generator,,Low
EVT-0002980,WO-2026-00349,Triaged,2026-02-25 18:26:00,2026-02-25 18:50:00,T-102,North Depot,N-Field,EQ-1981,Generator,984.46,High
EVT-0002981,WO-2026-00349,Parts Ordered,2026-02-27 06:26:00,2026-02-27 07:34:00,T-102,North Depot,N-Field,EQ-1981,Generator,1979.04,Low
,WO-2026-00349,Parts Received,2026-02-27 09:53:00,2026-02-27 10:23:00,T-301,South Depot,N-Field,EQ-1981,Generator,1988.04,
,WO-2026-00349,Repair Started,2026-02-27 15:53:00,2026-02-27 17:03:00,T-301,South Depot,N-Field,EQ-1981,Generator,2558.02,
,WO-2026-00349,Repair Completed,2026-02-27 21:53:00,2026-02-27 22:10:00,T-301,South Depot,N-Field,EQ-1981,Generator,1495.41,Low
,WO-2026-00349,Tested,2026-02-27 23:47:00,2026-02-28 01:57:00,T-302,South Depot,N-Field,EQ-1981,Generator,1004.67,Medium
EVT-0002986,WO-2026-00349,Returned to Service,2026-02-28 02:43:00,2026-02-28 05:15:00,T-201,Central Depot,N-Field,EQ-1981,Generator,1335.74,Medium
EVT-0002987,WO-2026-00350,Fault Reported,2026-02-20 11:59:00,2026-02-20 14:54:00,T-102,North Depot,S-Field,EQ-1009,Compressor,1773.66,Medium
EVT-0002988,WO-2026-00350,Triaged,2026-02-20 14:37:00,2026-02-20 15:24:00,T-102,North Depot,S-Field,EQ-1009,Compressor,1904.29,
EVT-0002989,WO-2026-00350,Parts Ordered,2026-02-23 19:37:00,2026-02-23 21:51:00,T-102,North Depot,S-Field,EQ-1009,Compressor,2146.12,
EVT-0002990,WO-2026-00350,Parts Received,2026-02-23 21:39:00,2026-02-24 00:32:00,T-102,North Depot,S-Field,EQ-1009,Compressor,817.90,
EVT-0002991,WO-2026-00350,Repair Started,2026-02-24 07:39:00,2026-02-24 08:05:00,T-102,North Depot,S-Field,EQ-1009,Compressor,1526.20,Medium
EVT-0002992,WO-2026-00350,Repair Completed,2026-02-24 19:39:00,2026-02-24 22:28:00,T-102,North Depot,S-Field,EQ-1009,Compressor,419.83,High
EVT-0002993,WO-2026-00350,Tested,2026-02-24 19:53:00,2026-02-24 20:47:00,T-102,North Depot,S-Field,EQ-1009,Compressor,1212.06,Medium
EVT-0002994,WO-2026-00350,Returned to Service,2026-02-24 23:46:00,2026-02-25 00:51:00,T-102,North Depot,S-Field,EQ-1009,Compressor,707.49,
EVT-0002995,WO-2026-00351,Fault Reported,2026-05-20 04:14:00,2026-05-20 06:12:00,T-102,North Depot,S-Field,EQ-1315,Valve Assembly,2273.98,High
EVT-0002996,WO-2026-00351,Triaged,2026-05-20 06:05:00,2026-05-20 06:41:00,T-102,North Depot,S-Field,EQ-1315,Valve Assembly,,Low
EVT-0002997,WO-2026-00351,Triaged,2026-05-20 08:30:00,2026-05-20 11:23:00,T-102,North Depot,S-Field,EQ-1315,Valve Assembly,,
EVT-0002998,WO-2026-00351,Parts Ordered,2026-05-22 20:30:00,2026-05-22 23:29:00,T-102,North Depot,S-Field,EQ-1315,Valve Assembly,2232.46,Low
EVT-0002999,WO-2026-00351,Parts Received,2026-05-22 21:13:00,2026-05-22 23:24:00,T-102,North Depot,S-Field,EQ-1315,Valve Assembly,,High
EVT-0003000,WO-2026-00351,Repair Started,2026-05-23 09:13:00,2026-05-23 11:43:00,T-102,North Depot,S-Field,EQ-1315,Valve Assembly,,Low
EVT-0003001,WO-2026-00351,Repair Completed,2026-05-23 20:13:00,2026-05-23 21:59:00,T-102,North Depot,S-Field,EQ-1315,Valve Assembly,656.43,Medium
EVT-0003002,WO-2026-00351,Tested,2026-05-23 22:30:00,2026-05-24 01:09:00,T-102,North Depot,S-Field,EQ-1315,Valve Assembly,2177.27,High
EVT-0003003,WO-2026-00351,Returned to Service,2026-05-24 01:43:00,2026-05-24 03:20:00,T-102,North Depot,S-Field,EQ-1315,Valve Assembly,837.19,High
EVT-0003004,WO-2026-00352,Fault Reported,2026-05-07 15:31:00,2026-05-07 17:55:00,T-102,North Depot,S-Bay-1,EQ-1303,Compressor,2255.15,Low
EVT-0003005,WO-2026-00352,Triaged,2026-05-07 16:14:00,2026-05-07 17:55:00,T-102,North Depot,S-Bay-1,EQ-1303,Compressor,912.66,Low
EVT-0003006,WO-2026-00352,Parts Ordered,2026-05-10 06:14:00,2026-05-10 07:30:00,T-101,North Depot,S-Bay-1,EQ-1303,Compressor,668.65,Low
EVT-0003007,WO-2026-00352,Parts Received,2026-05-10 08:37:00,2026-05-10 09:43:00,T-101,North Depot,S-Bay-1,EQ-1303,Compressor,1011.70,Low
EVT-0003008,WO-2026-00352,Repair Started,2026-05-10 18:37:00,2026-05-10 18:58:00,T-101,North Depot,S-Bay-1,EQ-1303,Compressor,1001.47,Low
EVT-0003009,WO-2026-00352,Repair Completed,2026-05-10 19:37:00,2026-05-10 20:47:00,T-101,North Depot,S-Bay-1,EQ-1303,Compressor,479.97,
EVT-0003010,WO-2026-00352,Tested,2026-05-10 20:49:00,2026-05-10 23:14:00,T-101,North Depot,S-Bay-1,EQ-1303,Compressor,958.06,Medium
EVT-0003011,WO-2026-00352,Returned to Service,2026-05-10 22:49:00,2026-05-11 01:33:00,T-101,North Depot,S-Bay-1,EQ-1303,Compressor,511.00,Low
,WO-2026-00353,Fault Reported,2026-02-03 13:59:00,2026-02-03 16:24:00,T-301,South Depot,N-Bay-1,EQ-1013,Generator,511.59,Low
,WO-2026-00353,Triaged,2026-02-03 16:05:00,2026-02-03 16:20:00,T-301,South Depot,N-Bay-1,EQ-1013,Generator,,High
,WO-2026-00353,Parts Ordered,2026-02-07 11:05:00,2026-02-07 12:59:00,T-301,South Depot,N-Bay-1,EQ-1013,Generator,1431.54,Low
,WO-2026-00353,Parts Received,2026-02-07 11:39:00,2026-02-07 12:15:00,T-301,South Depot,N-Bay-1,EQ-1013,Generator,851.84,High
,WO-2026-00353,Parts Ordered,2026-02-09 19:39:00,2026-02-09 20:08:00,T-301,South Depot,N-Bay-1,EQ-1013,Generator,1849.18,High
,WO-2026-00353,Parts Received,2026-02-09 22:04:00,2026-02-09 22:46:00,T-301,South Depot,N-Bay-1,EQ-1013,Generator,,High
,WO-2026-00353,Repair Started,2026-02-10 03:04:00,2026-02-10 04:52:00,T-301,South Depot,N-Bay-1,EQ-1013,Generator,65.79,
,WO-2026-00353,Repair Completed,2026-02-10 14:04:00,2026-02-10 16:34:00,T-301,South Depot,N-Bay-1,EQ-1013,Generator,,Medium
,WO-2026-00353,Tested,2026-02-10 17:43:00,2026-02-10 18:36:00,T-302,South Depot,N-Bay-1,EQ-1013,Generator,2424.11,
,WO-2026-00353,Returned to Service,2026-02-10 18:29:00,2026-02-10 19:43:00,T-302,South Depot,N-Bay-1,EQ-1013,Generator,2205.86,
EVT-0003022,WO-2026-00354,Fault Reported,2026-04-03 15:37:00,2026-04-03 16:19:00,T-102,North Depot,C-Field,EQ-1596,Pump,647.52,Low
EVT-0003023,WO-2026-00354,Triaged,2026-04-03 17:32:00,2026-04-03 20:17:00,T-102,North Depot,C-Field,EQ-1596,Pump,,
,WO-2026-00354,Parts Ordered,2026-04-05 21:32:00,2026-04-06 00:01:00,T-301,South Depot,C-Field,EQ-1596,Pump,,Medium
,WO-2026-00354,Parts Received,2026-04-05 23:37:00,2026-04-06 02:13:00,T-301,South Depot,C-Field,EQ-1596,Pump,,
,WO-2026-00354,Repair Started,2026-04-06 04:37:00,2026-04-06 04:43:00,T-301,South Depot,C-Field,EQ-1596,Pump,952.52,Medium
EVT-0003027,WO-2026-00354,Repair Completed,2026-04-06 10:37:00,2026-04-06 12:32:00,T-102,North Depot,C-Field,EQ-1596,Pump,1977.72,Low
EVT-0003028,WO-2026-00354,Tested,2026-04-06 13:46:00,2026-04-06 15:21:00,T-102,North Depot,C-Field,EQ-1596,Pump,129.31,High
EVT-0003029,WO-2026-00354,Returned to Service,2026-04-06 16:33:00,2026-04-06 17:50:00,T-102,North Depot,C-Field,EQ-1596,Pump,,
,WO-2026-00355,Fault Reported,2026-02-26 05:17:00,2026-02-26 06:56:00,T-302,South Depot,S-Field,EQ-1310,Compressor,1892.65,
,WO-2026-00355,Triaged,2026-02-26 07:23:00,2026-02-26 09:03:00,T-302,South Depot,S-Field,EQ-1310,Compressor,2341.79,
EVT-0003032,WO-2026-00355,Parts Ordered,2026-03-01 01:23:00,2026-03-01 01:49:00,T-101,North Depot,S-Field,EQ-1310,Compressor,1928.21,Medium
EVT-0003033,WO-2026-00355,Parts Received,2026-03-01 04:51:00,2026-03-01 05:29:00,T-201,Central Depot,S-Field,EQ-1310,Compressor,1242.84,High
EVT-0003034,WO-2026-00355,Repair Started,2026-03-01 07:51:00,2026-03-01 10:22:00,T-201,Central Depot,S-Field,EQ-1310,Compressor,2183.88,
,WO-2026-00355,Repair Completed,2026-03-01 11:51:00,2026-03-01 12:01:00,T-302,South Depot,S-Field,EQ-1310,Compressor,2305.91,High
,WO-2026-00355,Tested,2026-03-01 12:58:00,2026-03-01 15:19:00,T-302,South Depot,S-Field,EQ-1310,Compressor,1707.97,Medium
,WO-2026-00355,Returned to Service,2026-03-01 13:03:00,2026-03-01 15:35:00,T-302,South Depot,S-Field,EQ-1310,Compressor,1910.27,Low
,WO-2026-00356,Fault Reported,2026-02-21 11:00:00,2026-02-21 13:44:00,T-302,South Depot,S-Field,EQ-1337,Compressor,,
,WO-2026-00356,Triaged,2026-02-21 13:02:00,2026-02-21 15:44:00,T-302,South Depot,S-Field,EQ-1337,Compressor,801.30,
,WO-2026-00356,Parts Ordered,2026-02-23 20:02:00,2026-02-23 22:28:00,T-302,South Depot,S-Field,EQ-1337,Compressor,2440.04,High
,WO-2026-00356,Parts Received,2026-02-23 21:42:00,2026-02-23 23:01:00,T-302,South Depot,S-Field,EQ-1337,Compressor,2074.68,Medium
EVT-0003042,WO-2026-00356,Repair Started,2026-02-24 06:42:00,2026-02-24 07:39:00,T-102,North Depot,S-Field,EQ-1337,Compressor,1802.59,
EVT-0003043,WO-2026-00356,Repair Completed,2026-02-24 18:42:00,2026-02-24 21:12:00,T-202,Central Depot,S-Field,EQ-1337,Compressor,1315.92,Low
EVT-0003044,WO-2026-00356,Tested,2026-02-24 20:04:00,2026-02-24 22:26:00,T-202,Central Depot,S-Field,EQ-1337,Compressor,995.54,High
EVT-0003045,WO-2026-00356,Returned to Service,2026-02-24 21:44:00,2026-02-25 00:00:00,T-202,Central Depot,S-Field,EQ-1337,Compressor,1677.69,High
EVT-0003046,WO-2026-00357,Fault Reported,2026-03-30 23:20:00,2026-03-31 00:09:00,T-102,North Depot,C-Bay-2,EQ-1969,Pump,,High
EVT-0003047,WO-2026-00357,Triaged,2026-03-31 01:55:00,2026-03-31 02:46:00,T-102,North Depot,C-Bay-2,EQ-1969,Pump,520.71,Low
,WO-2026-00357,Parts Ordered,2026-03-31 01:55:00,2026-03-31 04:15:00,T-202,South Depot,C-Bay-2,EQ-1969,Pump,2064.93,
,WO-2026-00357,Parts Received,2026-03-31 02:32:00,2026-03-31 03:38:00,T-202,South Depot,C-Bay-2,EQ-1969,Pump,1010.43,High
,WO-2026-00357,Repair Started,2026-03-31 14:32:00,2026-03-31 15:07:00,T-202,South Depot,C-Bay-2,EQ-1969,Pump,,High
,WO-2026-00357,Repair Completed,2026-03-31 18:32:00,2026-03-31 19:47:00,T-202,South Depot,C-Bay-2,EQ-1969,Pump,379.91,
,WO-2026-00357,Tested,2026-03-31 20:02:00,2026-03-31 22:07:00,T-202,South Depot,C-Bay-2,EQ-1969,Pump,579.31,Medium
,WO-2026-00357,Returned to Service,2026-03-31 20:45:00,2026-03-31 22:33:00,T-202,South Depot,C-Bay-2,EQ-1969,Pump,2040.20,High
,WO-2026-00358,Fault Reported,2026-03-23 03:18:00,2026-03-23 06:14:00,T-202,South Depot,S-Field,EQ-1003,Conveyor,1805.84,
,WO-2026-00358,Triaged,2026-03-23 05:05:00,2026-03-23 08:02:00,T-202,South Depot,S-Field,EQ-1003,Conveyor,1446.06,
,WO-2026-00358,Parts Ordered,2026-03-26 23:05:00,2026-03-26 23:22:00,T-202,South Depot,S-Field,EQ-1003,Conveyor,171.94,High
,WO-2026-00358,Parts Received,2026-03-27 01:14:00,2026-03-27 03:56:00,T-202,South Depot,S-Field,EQ-1003,Conveyor,1535.16,Low
,WO-2026-00358,Repair Started,2026-03-27 06:14:00,2026-03-27 07:49:00,T-202,South Depot,S-Field,EQ-1003,Conveyor,730.40,Low
,WO-2026-00358,Repair Completed,2026-03-27 11:14:00,2026-03-27 13:41:00,T-202,South Depot,S-Field,EQ-1003,Conveyor,752.12,High
,WO-2026-00358,Tested,2026-03-27 14:38:00,2026-03-27 15:12:00,T-202,South Depot,S-Field,EQ-1003,Conveyor,2549.01,Low
,WO-2026-00358,Returned to Service,2026-03-27 15:20:00,2026-03-27 17:05:00,T-202,South Depot,S-Field,EQ-1003,Conveyor,795.38,High
EVT-0003062,WO-2026-00359,Fault Reported,2026-04-17 13:29:00,2026-04-17 15:43:00,T-102,North Depot,S-Bay-1,EQ-1467,Pump,2588.94,
EVT-0003063,WO-2026-00359,Triaged,2026-04-17 15:20:00,2026-04-17 17:07:00,T-102,North Depot,S-Bay-1,EQ-1467,Pump,1602.53,
EVT-0003064,WO-2026-00359,Parts Ordered,2026-04-18 20:20:00,2026-04-18 20:53:00,T-102,North Depot,S-Bay-1,EQ-1467,Pump,2364.00,High
EVT-0003065,WO-2026-00359,Parts Received,2026-04-18 22:02:00,2026-04-19 00:17:00,T-102,North Depot,S-Bay-1,EQ-1467,Pump,524.62,High
EVT-0003066,WO-2026-00359,Repair Started,2026-04-19 07:02:00,2026-04-19 09:52:00,T-102,North Depot,S-Bay-1,EQ-1467,Pump,,High
EVT-0003067,WO-2026-00359,Repair Completed,2026-04-19 10:02:00,2026-04-19 11:05:00,T-102,North Depot,S-Bay-1,EQ-1467,Pump,518.03,High
EVT-0003068,WO-2026-00359,Tested,2026-04-19 12:46:00,2026-04-19 15:18:00,T-102,North Depot,S-Bay-1,EQ-1467,Pump,371.99,Medium
EVT-0003069,WO-2026-00359,Returned to Service,2026-04-19 12:53:00,2026-04-19 15:32:00,T-102,North Depot,S-Bay-1,EQ-1467,Pump,2528.95,High
,WO-2026-00360,Fault Reported,2026-03-07 02:35:00,2026-03-07 03:05:00,T-301,South Depot,S-Field,EQ-1096,Compressor,1979.89,
EVT-0003071,WO-2026-00360,Triaged,2026-03-07 04:16:00,2026-03-07 07:14:00,T-201,Central Depot,S-Field,EQ-1096,Compressor,1840.02,
EVT-0003072,WO-2026-00360,Parts Ordered,2026-03-10 21:16:00,2026-03-10 23:54:00,T-201,Central Depot,S-Field,EQ-1096,Compressor,1211.89,
EVT-0003073,WO-2026-00360,Parts Received,2026-03-10 23:18:00,2026-03-11 00:03:00,T-201,Central Depot,S-Field,EQ-1096,Compressor,558.50,High
EVT-0003074,WO-2026-00360,Repair Started,2026-03-11 02:18:00,2026-03-11 05:10:00,T-201,Central Depot,S-Field,EQ-1096,Compressor,1900.84,
EVT-0003075,WO-2026-00360,Repair Completed,2026-03-11 04:18:00,2026-03-11 06:40:00,T-201,Central Depot,S-Field,EQ-1096,Compressor,2564.50,Medium
EVT-0003076,WO-2026-00360,Tested,2026-03-11 06:29:00,2026-03-11 08:19:00,T-101,North Depot,S-Field,EQ-1096,Compressor,300.18,Medium
EVT-0003077,WO-2026-00360,Returned to Service,2026-03-11 09:45:00,2026-03-11 10:48:00,T-101,North Depot,S-Field,EQ-1096,Compressor,,Medium
EVT-0003078,WO-2026-00361,Fault Reported,2026-05-11 19:53:00,2026-05-11 20:59:00,T-101,North Depot,C-Bay-2,EQ-1189,Valve Assembly,75.34,High
EVT-0003079,WO-2026-00361,Triaged,2026-05-11 21:59:00,2026-05-12 00:46:00,T-101,North Depot,C-Bay-2,EQ-1189,Valve Assembly,,Low
EVT-0003080,WO-2026-00361,Parts Ordered,2026-05-14 22:59:00,2026-05-15 00:49:00,T-101,North Depot,C-Bay-2,EQ-1189,Valve Assembly,2450.81,
EVT-0003081,WO-2026-00361,Parts Received,2026-05-15 00:06:00,2026-05-15 00:13:00,T-101,North Depot,C-Bay-2,EQ-1189,Valve Assembly,,High
EVT-0003082,WO-2026-00361,Repair Started,2026-05-15 05:06:00,2026-05-15 07:21:00,T-101,North Depot,C-Bay-2,EQ-1189,Valve Assembly,73.34,
EVT-0003083,WO-2026-00361,Repair Completed,2026-05-15 17:06:00,2026-05-15 17:34:00,T-101,North Depot,C-Bay-2,EQ-1189,Valve Assembly,1723.58,Low
EVT-0003084,WO-2026-00361,Tested,2026-05-15 18:14:00,2026-05-15 20:41:00,T-101,North Depot,C-Bay-2,EQ-1189,Valve Assembly,127.30,Low
EVT-0003085,WO-2026-00361,Repair Started,2026-05-16 01:14:00,2026-05-16 03:03:00,T-101,North Depot,C-Bay-2,EQ-1189,Valve Assembly,,Low
EVT-0003086,WO-2026-00361,Repair Completed,2026-05-16 13:14:00,2026-05-16 14:59:00,T-101,North Depot,C-Bay-2,EQ-1189,Valve Assembly,,Medium
EVT-0003087,WO-2026-00361,Tested,2026-05-16 15:52:00,2026-05-16 16:51:00,T-101,North Depot,C-Bay-2,EQ-1189,Valve Assembly,2266.14,High
EVT-0003088,WO-2026-00361,Returned to Service,2026-05-16 19:10:00,2026-05-16 20:58:00,T-101,North Depot,C-Bay-2,EQ-1189,Valve Assembly,2373.62,
EVT-0003089,WO-2026-00362,Fault Reported,2026-04-04 07:34:00,2026-04-04 08:21:00,T-101,North Depot,S-Field,EQ-1275,Valve Assembly,1873.62,
EVT-0003090,WO-2026-00362,Triaged,2026-04-04 08:52:00,2026-04-04 09:00:00,T-101,North Depot,S-Field,EQ-1275,Valve Assembly,1171.64,Low
EVT-0003091,WO-2026-00362,Parts Ordered,2026-04-07 12:52:00,2026-04-07 15:06:00,T-101,North Depot,S-Field,EQ-1275,Valve Assembly,258.33,Medium
EVT-0003092,WO-2026-00362,Parts Received,2026-04-07 13:29:00,2026-04-07 13:52:00,T-101,North Depot,S-Field,EQ-1275,Valve Assembly,582.99,High
EVT-0003093,WO-2026-00362,Repair Started,2026-04-07 22:29:00,2026-04-08 00:51:00,T-101,North Depot,S-Field,EQ-1275,Valve Assembly,1956.98,Low
EVT-0003094,WO-2026-00362,Repair Completed,2026-04-08 02:29:00,2026-04-08 02:39:00,T-101,North Depot,S-Field,EQ-1275,Valve Assembly,,
EVT-0003095,WO-2026-00362,Tested,2026-04-08 04:42:00,2026-04-08 05:47:00,T-101,North Depot,S-Field,EQ-1275,Valve Assembly,1455.30,High
EVT-0003096,WO-2026-00362,Returned to Service,2026-04-08 07:25:00,2026-04-08 08:26:00,T-101,North Depot,S-Field,EQ-1275,Valve Assembly,2211.78,Low
,WO-2026-00363,Fault Reported,2026-02-07 05:22:00,2026-02-07 08:20:00,T-301,South Depot,S-Field,EQ-1310,Pump,1628.80,High
EVT-0003098,WO-2026-00363,Triaged,2026-02-07 08:07:00,2026-02-07 08:43:00,T-102,North Depot,S-Field,EQ-1310,Pump,2241.87,Low
EVT-0003099,WO-2026-00363,Parts Ordered,2026-02-10 09:07:00,2026-02-10 09:16:00,T-102,North Depot,S-Field,EQ-1310,Pump,978.88,Medium
EVT-0003100,WO-2026-00363,Parts Received,2026-02-10 12:23:00,2026-02-10 14:03:00,T-102,North Depot,S-Field,EQ-1310,Pump,1860.90,
EVT-0003101,WO-2026-00363,Parts Ordered,2026-02-14 03:23:00,2026-02-14 06:14:00,T-102,North Depot,S-Field,EQ-1310,Pump,,Low
EVT-0003102,WO-2026-00363,Parts Received,2026-02-14 06:03:00,2026-02-14 08:38:00,T-102,North Depot,S-Field,EQ-1310,Pump,1091.16,High
EVT-0003103,WO-2026-00363,Repair Started,2026-02-14 14:03:00,2026-02-14 15:30:00,T-102,North Depot,S-Field,EQ-1310,Pump,1535.84,Low
EVT-0003104,WO-2026-00363,Repair Completed,2026-02-14 21:03:00,2026-02-14 21:14:00,T-102,North Depot,S-Field,EQ-1310,Pump,452.78,Low
EVT-0003105,WO-2026-00363,Tested,2026-02-15 00:31:00,2026-02-15 02:52:00,T-102,North Depot,S-Field,EQ-1310,Pump,,Low
EVT-0003106,WO-2026-00363,Returned to Service,2026-02-15 01:21:00,2026-02-15 04:01:00,T-102,North Depot,S-Field,EQ-1310,Pump,,
EVT-0003107,WO-2026-00364,Fault Reported,2026-03-01 07:26:00,2026-03-01 08:19:00,T-101,North Depot,S-Field,EQ-1491,Pump,1037.70,
EVT-0003108,WO-2026-00364,Triaged,2026-03-01 10:24:00,2026-03-01 10:55:00,T-101,North Depot,S-Field,EQ-1491,Pump,338.81,High
EVT-0003109,WO-2026-00364,Parts Ordered,2026-03-04 22:24:00,2026-03-04 23:39:00,T-101,North Depot,S-Field,EQ-1491,Pump,1891.72,Low
EVT-0003110,WO-2026-00364,Parts Received,2026-03-05 01:33:00,2026-03-05 03:51:00,T-101,North Depot,S-Field,EQ-1491,Pump,1784.84,High
EVT-0003111,WO-2026-00364,Repair Started,2026-03-05 13:33:00,2026-03-05 14:25:00,T-101,North Depot,S-Field,EQ-1491,Pump,1878.13,Low
EVT-0003112,WO-2026-00364,Repair Completed,2026-03-05 17:33:00,2026-03-05 19:56:00,T-101,North Depot,S-Field,EQ-1491,Pump,1351.04,Medium
EVT-0003113,WO-2026-00364,Tested,2026-03-05 20:35:00,2026-03-05 21:56:00,T-101,North Depot,S-Field,EQ-1491,Pump,2472.97,Medium
EVT-0003114,WO-2026-00364,Returned to Service,2026-03-05 21:40:00,2026-03-05 22:13:00,T-101,North Depot,S-Field,EQ-1491,Pump,447.34,Medium
EVT-0003115,WO-2026-00365,Fault Reported,2026-05-13 09:12:00,2026-05-13 10:42:00,T-102,North Depot,S-Bay-1,EQ-1494,Valve Assembly,1188.17,Medium
EVT-0003116,WO-2026-00365,Triaged,2026-05-13 12:39:00,2026-05-13 15:14:00,T-102,North Depot,S-Bay-1,EQ-1494,Valve Assembly,852.11,High
,WO-2026-00365,Parts Ordered,2026-05-15 22:39:00,2026-05-16 01:12:00,T-301,South Depot,S-Bay-1,EQ-1494,Valve Assembly,2423.39,High
,WO-2026-00365,Parts Received,2026-05-16 00:00:00,2026-05-16 02:12:00,T-301,South Depot,S-Bay-1,EQ-1494,Valve Assembly,287.52,High
,WO-2026-00365,Repair Started,2026-05-16 03:00:00,2026-05-16 05:01:00,T-301,South Depot,S-Bay-1,EQ-1494,Valve Assembly,,
,WO-2026-00365,Repair Completed,2026-05-16 15:00:00,2026-05-16 15:57:00,T-301,South Depot,S-Bay-1,EQ-1494,Valve Assembly,1555.32,High
,WO-2026-00365,Tested,2026-05-16 15:32:00,2026-05-16 15:49:00,T-301,South Depot,S-Bay-1,EQ-1494,Valve Assembly,,
,WO-2026-00365,Returned to Service,2026-05-16 19:10:00,2026-05-16 21:21:00,T-301,South Depot,S-Bay-1,EQ-1494,Valve Assembly,216.34,Low
EVT-0003123,WO-2026-00366,Fault Reported,2026-04-12 00:12:00,2026-04-12 00:47:00,T-201,Central Depot,N-Bay-1,EQ-1568,Pump,804.09,High
EVT-0003124,WO-2026-00366,Triaged,2026-04-12 04:01:00,2026-04-12 04:44:00,T-302,Central Depot,N-Bay-1,EQ-1568,Pump,598.44,Medium
EVT-0003125,WO-2026-00366,Repair Started,2026-04-12 08:01:00,2026-04-12 10:22:00,T-302,Central Depot,N-Bay-1,EQ-1568,Pump,434.79,Medium
EVT-0003126,WO-2026-00366,Repair Completed,2026-04-12 11:01:00,2026-04-12 13:25:00,T-302,Central Depot,N-Bay-1,EQ-1568,Pump,,
EVT-0003127,WO-2026-00366,Tested,2026-04-12 13:16:00,2026-04-12 16:02:00,T-201,Central Depot,N-Bay-1,EQ-1568,Pump,,Medium
EVT-0003128,WO-2026-00366,Returned to Service,2026-04-12 15:22:00,2026-04-12 18:20:00,T-201,Central Depot,N-Bay-1,EQ-1568,Pump,,Low
EVT-0003129,WO-2026-00367,Fault Reported,2026-01-13 08:39:00,2026-01-13 09:23:00,T-201,Central Depot,N-Field,EQ-1486,Valve Assembly,978.97,Medium
,WO-2026-00367,Triaged,2026-01-13 11:34:00,2026-01-13 11:46:00,T-301,South Depot,N-Field,EQ-1486,Valve Assembly,345.44,High
,WO-2026-00367,Parts Ordered,2026-01-16 01:34:00,2026-01-16 02:39:00,T-301,South Depot,N-Field,EQ-1486,Valve Assembly,222.49,Medium
,WO-2026-00367,Parts Received,2026-01-16 05:07:00,2026-01-16 06:22:00,T-301,South Depot,N-Field,EQ-1486,Valve Assembly,1160.34,
,WO-2026-00367,Repair Started,2026-01-16 14:07:00,2026-01-16 15:02:00,T-301,South Depot,N-Field,EQ-1486,Valve Assembly,,Medium
,WO-2026-00367,Repair Completed,2026-01-16 20:07:00,2026-01-16 20:38:00,T-301,South Depot,N-Field,EQ-1486,Valve Assembly,1348.91,Medium
,WO-2026-00367,Tested,2026-01-16 23:22:00,2026-01-17 01:45:00,T-301,South Depot,N-Field,EQ-1486,Valve Assembly,1432.09,Medium
,WO-2026-00367,Repair Started,2026-01-17 01:22:00,2026-01-17 03:07:00,T-301,South Depot,N-Field,EQ-1486,Valve Assembly,1339.61,Low
,WO-2026-00367,Repair Completed,2026-01-17 10:22:00,2026-01-17 11:51:00,T-301,South Depot,N-Field,EQ-1486,Valve Assembly,418.10,High
EVT-0003138,WO-2026-00367,Tested,2026-01-17 13:12:00,2026-01-17 14:31:00,T-101,North Depot,N-Field,EQ-1486,Valve Assembly,1027.13,
EVT-0003139,WO-2026-00367,Returned to Service,2026-01-17 16:02:00,2026-01-17 17:05:00,T-101,North Depot,N-Field,EQ-1486,Valve Assembly,2409.38,
EVT-0003140,WO-2026-00368,Fault Reported,2026-05-21 07:21:00,2026-05-21 09:44:00,T-302,Central Depot,C-Field,EQ-1798,Valve Assembly,1587.39,Medium
EVT-0003141,WO-2026-00368,Triaged,2026-05-21 10:42:00,2026-05-21 12:10:00,T-302,Central Depot,C-Field,EQ-1798,Valve Assembly,478.07,Medium
,WO-2026-00368,Parts Ordered,2026-05-25 10:42:00,2026-05-25 11:20:00,T-202,South Depot,C-Field,EQ-1798,Valve Assembly,1119.81,High
,WO-2026-00368,Parts Received,2026-05-25 12:49:00,2026-05-25 13:51:00,T-202,South Depot,C-Field,EQ-1798,Valve Assembly,1678.76,Medium
EVT-0003144,WO-2026-00368,Repair Started,2026-05-25 21:49:00,2026-05-25 22:57:00,T-102,North Depot,C-Field,EQ-1798,Valve Assembly,,Medium
EVT-0003145,WO-2026-00368,Repair Completed,2026-05-25 22:49:00,2026-05-26 01:35:00,T-102,North Depot,C-Field,EQ-1798,Valve Assembly,1033.26,Low
EVT-0003146,WO-2026-00368,Tested,2026-05-25 23:35:00,2026-05-26 01:02:00,T-102,North Depot,C-Field,EQ-1798,Valve Assembly,446.35,Medium
EVT-0003147,WO-2026-00368,Returned to Service,2026-05-25 23:51:00,2026-05-26 00:28:00,T-102,North Depot,C-Field,EQ-1798,Valve Assembly,,Low
EVT-0003148,WO-2026-00369,Fault Reported,2026-05-25 18:59:00,2026-05-25 21:42:00,T-102,North Depot,S-Field,EQ-1177,Pump,383.80,
EVT-0003149,WO-2026-00369,Triaged,2026-05-25 21:53:00,2026-05-25 22:10:00,T-102,North Depot,S-Field,EQ-1177,Pump,603.71,Medium
EVT-0003150,WO-2026-00369,Parts Ordered,2026-05-27 10:53:00,2026-05-27 12:01:00,T-102,North Depot,S-Field,EQ-1177,Pump,2031.50,
EVT-0003151,WO-2026-00369,Parts Received,2026-05-27 11:14:00,2026-05-27 12:22:00,T-102,North Depot,S-Field,EQ-1177,Pump,426.14,Medium
EVT-0003152,WO-2026-00369,Repair Started,2026-05-27 19:14:00,2026-05-27 22:09:00,T-102,North Depot,S-Field,EQ-1177,Pump,242.88,Low
EVT-0003153,WO-2026-00369,Repair Completed,2026-05-27 23:14:00,2026-05-27 23:22:00,T-201,Central Depot,S-Field,EQ-1177,Pump,1672.17,Medium
EVT-0003154,WO-2026-00369,Tested,2026-05-28 02:06:00,2026-05-28 04:18:00,T-201,Central Depot,S-Field,EQ-1177,Pump,1824.38,Medium
EVT-0003155,WO-2026-00369,Returned to Service,2026-05-28 03:34:00,2026-05-28 04:29:00,T-201,Central Depot,S-Field,EQ-1177,Pump,1658.35,High
,WO-2026-00370,Fault Reported,2026-01-06 12:59:00,2026-01-06 14:14:00,T-302,South Depot,C-Bay-1,EQ-1887,Generator,1176.96,
,WO-2026-00370,Triaged,2026-01-06 15:57:00,2026-01-06 18:05:00,T-302,South Depot,C-Bay-1,EQ-1887,Generator,1584.71,
,WO-2026-00370,Repair Started,2026-01-07 00:57:00,2026-01-07 03:31:00,T-302,South Depot,C-Bay-1,EQ-1887,Generator,,Low
,WO-2026-00370,Repair Completed,2026-01-07 11:57:00,2026-01-07 12:29:00,T-302,South Depot,C-Bay-1,EQ-1887,Generator,,Low
,WO-2026-00370,Tested,2026-01-07 12:14:00,2026-01-07 12:37:00,T-302,South Depot,C-Bay-1,EQ-1887,Generator,505.95,Low
,WO-2026-00370,Returned to Service,2026-01-07 13:07:00,2026-01-07 13:35:00,T-302,South Depot,C-Bay-1,EQ-1887,Generator,623.97,High
,WO-2026-00371,Fault Reported,2026-01-18 06:17:00,2026-01-18 08:59:00,T-302,South Depot,C-Bay-1,EQ-1751,Generator,2114.06,
,WO-2026-00371,Triaged,2026-01-18 08:57:00,2026-01-18 10:42:00,T-302,South Depot,C-Bay-1,EQ-1751,Generator,,Medium
,WO-2026-00371,Parts Ordered,2026-01-20 23:57:00,2026-01-21 01:29:00,T-302,South Depot,C-Bay-1,EQ-1751,Generator,1211.49,Low
,WO-2026-00371,Parts Received,2026-01-21 02:57:00,2026-01-21 03:44:00,T-302,South Depot,C-Bay-1,EQ-1751,Generator,85.00,
,WO-2026-00371,Repair Started,2026-01-21 11:57:00,2026-01-21 14:42:00,T-302,South Depot,C-Bay-1,EQ-1751,Generator,75.32,
,WO-2026-00371,Repair Completed,2026-01-21 17:57:00,2026-01-21 18:37:00,T-302,South Depot,C-Bay-1,EQ-1751,Generator,1570.05,Medium
,WO-2026-00371,Tested,2026-01-21 21:46:00,2026-01-21 23:20:00,T-302,South Depot,C-Bay-1,EQ-1751,Generator,,Medium
,WO-2026-00371,Returned to Service,2026-01-21 23:03:00,2026-01-21 23:35:00,T-302,South Depot,C-Bay-1,EQ-1751,Generator,,High
,WO-2026-00372,Fault Reported,2026-03-20 20:35:00,2026-03-20 21:04:00,T-202,South Depot,N-Bay-2,EQ-1303,Compressor,1872.69,High
,WO-2026-00372,Triaged,2026-03-20 23:57:00,2026-03-21 02:53:00,T-202,South Depot,N-Bay-2,EQ-1303,Compressor,2521.23,
,WO-2026-00372,Escalated to Specialist,2026-03-21 03:26:00,2026-03-21 03:48:00,T-202,South Depot,N-Bay-2,EQ-1303,Compressor,,Low
,WO-2026-00372,Parts Ordered,2026-03-24 03:26:00,2026-03-24 03:40:00,T-202,South Depot,N-Bay-2,EQ-1303,Compressor,461.82,Low
,WO-2026-00372,Parts Received,2026-03-24 06:28:00,2026-03-24 08:36:00,T-202,South Depot,N-Bay-2,EQ-1303,Compressor,1270.30,Low
EVT-0003175,WO-2026-00372,Repair Started,2026-03-24 16:28:00,2026-03-24 17:10:00,T-201,Central Depot,N-Bay-2,EQ-1303,Compressor,,
EVT-0003176,WO-2026-00372,Repair Completed,2026-03-25 03:28:00,2026-03-25 03:47:00,T-201,Central Depot,N-Bay-2,EQ-1303,Compressor,128.67,
EVT-0003177,WO-2026-00372,Tested,2026-03-25 06:32:00,2026-03-25 08:13:00,T-201,Central Depot,N-Bay-2,EQ-1303,Compressor,,High
EVT-0003178,WO-2026-00372,Returned to Service,2026-03-25 08:36:00,2026-03-25 10:51:00,T-201,Central Depot,N-Bay-2,EQ-1303,Compressor,722.25,Medium
,WO-2026-00373,Fault Reported,2026-02-26 18:44:00,2026-02-26 21:23:00,T-302,South Depot,N-Bay-2,EQ-1622,Compressor,,Low
,WO-2026-00373,Triaged,2026-02-26 18:56:00,2026-02-26 19:20:00,T-302,South Depot,N-Bay-2,EQ-1622,Compressor,601.31,Medium
,WO-2026-00373,Parts Ordered,2026-03-02 11:56:00,2026-03-02 14:17:00,T-302,South Depot,N-Bay-2,EQ-1622,Compressor,2572.70,High
,WO-2026-00373,Parts Received,2026-03-02 15:17:00,2026-03-02 18:06:00,T-302,South Depot,N-Bay-2,EQ-1622,Compressor,2270.72,Low
,WO-2026-00373,Repair Started,2026-03-03 02:17:00,2026-03-03 04:04:00,T-302,South Depot,N-Bay-2,EQ-1622,Compressor,2432.84,High
,WO-2026-00373,Repair Completed,2026-03-03 11:17:00,2026-03-03 12:19:00,T-302,South Depot,N-Bay-2,EQ-1622,Compressor,,
EVT-0003185,WO-2026-00373,Tested,2026-03-03 13:32:00,2026-03-03 14:44:00,T-101,North Depot,N-Bay-2,EQ-1622,Compressor,890.55,Low
EVT-0003186,WO-2026-00373,Returned to Service,2026-03-03 17:10:00,2026-03-03 18:31:00,T-101,North Depot,N-Bay-2,EQ-1622,Compressor,444.34,Medium
EVT-0003187,WO-2026-00374,Fault Reported,2026-04-19 07:47:00,2026-04-19 08:51:00,T-102,North Depot,C-Field,EQ-1778,Valve Assembly,,Medium
EVT-0003188,WO-2026-00374,Triaged,2026-04-19 09:49:00,2026-04-19 12:07:00,T-102,North Depot,C-Field,EQ-1778,Valve Assembly,1268.47,Low
EVT-0003189,WO-2026-00374,Parts Ordered,2026-04-19 09:49:00,2026-04-19 10:38:00,T-102,North Depot,C-Field,EQ-1778,Valve Assembly,42.79,Low
EVT-0003190,WO-2026-00374,Parts Received,2026-04-19 13:44:00,2026-04-19 16:42:00,T-101,North Depot,C-Field,EQ-1778,Valve Assembly,1244.44,
EVT-0003191,WO-2026-00374,Repair Started,2026-04-19 20:44:00,2026-04-19 21:52:00,T-101,North Depot,C-Field,EQ-1778,Valve Assembly,1819.56,High
EVT-0003192,WO-2026-00374,Repair Completed,2026-04-20 04:44:00,2026-04-20 07:01:00,T-101,North Depot,C-Field,EQ-1778,Valve Assembly,790.07,Medium
EVT-0003193,WO-2026-00374,Tested,2026-04-20 05:31:00,2026-04-20 08:14:00,T-201,Central Depot,C-Field,EQ-1778,Valve Assembly,646.48,Medium
EVT-0003194,WO-2026-00374,Returned to Service,2026-04-20 07:36:00,2026-04-20 09:44:00,T-201,Central Depot,C-Field,EQ-1778,Valve Assembly,1343.69,Low
,WO-2026-00375,Fault Reported,2026-04-27 01:04:00,2026-04-27 03:07:00,T-301,South Depot,C-Field,EQ-1098,Pump,1673.56,
,WO-2026-00375,Triaged,2026-04-27 01:46:00,2026-04-27 04:15:00,T-301,South Depot,C-Field,EQ-1098,Pump,,High
,WO-2026-00375,Parts Ordered,2026-04-30 21:46:00,2026-04-30 21:58:00,T-301,South Depot,C-Field,EQ-1098,Pump,2383.21,High
,WO-2026-00375,Parts Received,2026-04-30 23:03:00,2026-05-01 00:48:00,T-301,South Depot,C-Field,EQ-1098,Pump,1791.28,
,WO-2026-00375,Parts Ordered,2026-05-03 07:03:00,2026-05-03 09:35:00,T-301,South Depot,C-Field,EQ-1098,Pump,2174.91,High
,WO-2026-00375,Parts Received,2026-05-03 09:41:00,2026-05-03 12:17:00,T-301,South Depot,C-Field,EQ-1098,Pump,53.95,
,WO-2026-00375,Repair Started,2026-05-03 13:41:00,2026-05-03 14:35:00,T-301,South Depot,C-Field,EQ-1098,Pump,810.99,Medium
,WO-2026-00375,Repair Completed,2026-05-04 00:41:00,2026-05-04 01:00:00,T-301,South Depot,C-Field,EQ-1098,Pump,379.27,Medium
,WO-2026-00375,Tested,2026-05-04 01:28:00,2026-05-04 04:25:00,T-301,South Depot,C-Field,EQ-1098,Pump,2111.07,Low
,WO-2026-00375,Returned to Service,2026-05-04 01:41:00,2026-05-04 03:34:00,T-301,South Depot,C-Field,EQ-1098,Pump,1377.33,Low
,WO-2026-00376,Fault Reported,2026-03-12 09:14:00,2026-03-12 09:35:00,T-302,South Depot,S-Field,EQ-1210,Conveyor,1209.21,High
,WO-2026-00376,Triaged,2026-03-12 11:31:00,2026-03-12 12:23:00,T-302,South Depot,S-Field,EQ-1210,Conveyor,1234.61,High
,WO-2026-00376,Parts Ordered,2026-03-14 01:31:00,2026-03-14 03:01:00,T-302,South Depot,S-Field,EQ-1210,Conveyor,1164.77,
,WO-2026-00376,Parts Received,2026-03-14 02:24:00,2026-03-14 03:36:00,T-302,South Depot,S-Field,EQ-1210,Conveyor,1431.16,High
,WO-2026-00376,Repair Started,2026-03-14 12:24:00,2026-03-14 13:15:00,T-302,South Depot,S-Field,EQ-1210,Conveyor,836.11,Medium
,WO-2026-00376,Repair Completed,2026-03-14 19:24:00,2026-03-14 19:47:00,T-302,South Depot,S-Field,EQ-1210,Conveyor,2159.35,High
,WO-2026-00376,Tested,2026-03-14 21:29:00,2026-03-14 22:20:00,T-302,South Depot,S-Field,EQ-1210,Conveyor,,
,WO-2026-00376,Returned to Service,2026-03-15 01:11:00,2026-03-15 02:20:00,T-302,South Depot,S-Field,EQ-1210,Conveyor,2127.94,
EVT-0003213,WO-2026-00377,Fault Reported,2026-03-02 17:19:00,2026-03-02 17:32:00,T-202,Central Depot,C-Field,EQ-1097,Pump,,High
EVT-0003214,WO-2026-00377,Triaged,2026-03-02 17:46:00,2026-03-02 19:53:00,T-202,Central Depot,C-Field,EQ-1097,Pump,426.71,
EVT-0003215,WO-2026-00377,Parts Ordered,2026-03-03 14:46:00,2026-03-03 16:13:00,T-202,Central Depot,C-Field,EQ-1097,Pump,509.10,High
EVT-0003216,WO-2026-00377,Parts Received,2026-03-03 18:05:00,2026-03-03 19:49:00,T-102,North Depot,C-Field,EQ-1097,Pump,,
EVT-0003217,WO-2026-00377,Repair Started,2026-03-03 19:05:00,2026-03-03 21:16:00,T-201,Central Depot,C-Field,EQ-1097,Pump,,High
EVT-0003218,WO-2026-00377,Repair Completed,2026-03-04 03:05:00,2026-03-04 03:31:00,T-201,Central Depot,C-Field,EQ-1097,Pump,583.34,Medium
EVT-0003219,WO-2026-00377,Tested,2026-03-04 05:43:00,2026-03-04 06:16:00,T-201,Central Depot,C-Field,EQ-1097,Pump,,High
EVT-0003220,WO-2026-00377,Returned to Service,2026-03-04 08:38:00,2026-03-04 11:15:00,T-201,Central Depot,C-Field,EQ-1097,Pump,264.48,
EVT-0003221,WO-2026-00378,Fault Reported,2026-04-02 06:49:00,2026-04-02 09:36:00,T-302,Central Depot,C-Field,EQ-1528,Conveyor,1831.49,Low
EVT-0003222,WO-2026-00378,Triaged,2026-04-02 07:11:00,2026-04-02 09:28:00,T-302,Central Depot,C-Field,EQ-1528,Conveyor,627.42,High
EVT-0003223,WO-2026-00378,Parts Ordered,2026-04-04 20:11:00,2026-04-04 20:33:00,T-302,Central Depot,C-Field,EQ-1528,Conveyor,1877.57,Medium
EVT-0003224,WO-2026-00378,Parts Received,2026-04-04 20:38:00,2026-04-04 23:32:00,T-302,Central Depot,C-Field,EQ-1528,Conveyor,1720.59,Low
,WO-2026-00378,Repair Started,2026-04-05 03:38:00,2026-04-05 06:08:00,T-202,South Depot,C-Field,EQ-1528,Conveyor,1063.30,Low
,WO-2026-00378,Repair Completed,2026-04-05 11:38:00,2026-04-05 13:25:00,T-301,South Depot,C-Field,EQ-1528,Conveyor,766.01,High
,WO-2026-00378,Tested,2026-04-05 13:20:00,2026-04-05 16:04:00,T-301,South Depot,C-Field,EQ-1528,Conveyor,1154.91,Low
,WO-2026-00378,Returned to Service,2026-04-05 15:46:00,2026-04-05 16:06:00,T-301,South Depot,C-Field,EQ-1528,Conveyor,,High
EVT-0003229,WO-2026-00379,Fault Reported,2026-05-19 13:05:00,2026-05-19 15:39:00,T-201,Central Depot,C-Bay-1,EQ-1082,Valve Assembly,162.76,Low
EVT-0003230,WO-2026-00379,Triaged,2026-05-19 16:53:00,2026-05-19 18:32:00,T-201,Central Depot,C-Bay-1,EQ-1082,Valve Assembly,706.32,
EVT-0003231,WO-2026-00379,Parts Ordered,2026-05-20 22:53:00,2026-05-21 00:13:00,T-201,Central Depot,C-Bay-1,EQ-1082,Valve Assembly,829.37,
EVT-0003232,WO-2026-00379,Parts Received,2026-05-21 00:46:00,2026-05-21 01:51:00,T-201,Central Depot,C-Bay-1,EQ-1082,Valve Assembly,1927.98,High
EVT-0003233,WO-2026-00379,Repair Started,2026-05-21 08:46:00,2026-05-21 09:27:00,T-201,Central Depot,C-Bay-1,EQ-1082,Valve Assembly,131.78,Low
EVT-0003234,WO-2026-00379,Repair Completed,2026-05-21 10:46:00,2026-05-21 11:08:00,T-201,Central Depot,C-Bay-1,EQ-1082,Valve Assembly,987.29,Medium
EVT-0003235,WO-2026-00379,Tested,2026-05-21 14:28:00,2026-05-21 15:55:00,T-201,Central Depot,C-Bay-1,EQ-1082,Valve Assembly,97.49,
,WO-2026-00379,Repair Started,2026-05-21 19:28:00,2026-05-21 21:59:00,T-202,South Depot,C-Bay-1,EQ-1082,Valve Assembly,,Low
,WO-2026-00379,Repair Completed,2026-05-22 01:28:00,2026-05-22 01:36:00,T-202,South Depot,C-Bay-1,EQ-1082,Valve Assembly,408.75,Medium
,WO-2026-00379,Tested,2026-05-22 03:58:00,2026-05-22 05:38:00,T-202,South Depot,C-Bay-1,EQ-1082,Valve Assembly,1185.14,
EVT-0003239,WO-2026-00379,Returned to Service,2026-05-22 07:57:00,2026-05-22 10:39:00,T-101,North Depot,C-Bay-1,EQ-1082,Valve Assembly,,High
EVT-0003240,WO-2026-00380,Fault Reported,2026-01-14 13:41:00,2026-01-14 14:45:00,T-102,North Depot,N-Field,EQ-1191,Pump,185.28,Low
EVT-0003241,WO-2026-00380,Triaged,2026-01-14 14:27:00,2026-01-14 16:37:00,T-202,Central Depot,N-Field,EQ-1191,Pump,,Low
EVT-0003242,WO-2026-00380,Parts Ordered,2026-01-18 07:27:00,2026-01-18 08:19:00,T-202,Central Depot,N-Field,EQ-1191,Pump,219.45,Low
EVT-0003243,WO-2026-00380,Parts Received,2026-01-18 08:09:00,2026-01-18 08:16:00,T-202,Central Depot,N-Field,EQ-1191,Pump,,High
EVT-0003244,WO-2026-00380,Repair Started,2026-01-18 19:09:00,2026-01-18 19:14:00,T-202,Central Depot,N-Field,EQ-1191,Pump,685.09,Low
EVT-0003245,WO-2026-00380,Repair Completed,2026-01-19 02:09:00,2026-01-19 03:29:00,T-202,Central Depot,N-Field,EQ-1191,Pump,269.57,High
EVT-0003246,WO-2026-00380,Tested,2026-01-19 05:55:00,2026-01-19 08:28:00,T-202,Central Depot,N-Field,EQ-1191,Pump,,
,WO-2026-00380,Returned to Service,2026-01-19 07:18:00,2026-01-19 09:49:00,T-301,South Depot,N-Field,EQ-1191,Pump,1917.59,Medium
EVT-0003248,WO-2026-00381,Fault Reported,2026-04-02 18:59:00,2026-04-02 19:43:00,T-201,Central Depot,C-Bay-1,EQ-1987,Pump,1488.08,
EVT-0003249,WO-2026-00381,Triaged,2026-04-02 21:36:00,2026-04-03 00:07:00,T-201,Central Depot,C-Bay-1,EQ-1987,Pump,629.59,Medium
EVT-0003250,WO-2026-00381,Parts Ordered,2026-04-06 19:36:00,2026-04-06 22:05:00,T-201,Central Depot,C-Bay-1,EQ-1987,Pump,2033.49,
EVT-0003251,WO-2026-00381,Parts Received,2026-04-06 20:40:00,2026-04-06 22:42:00,T-201,Central Depot,C-Bay-1,EQ-1987,Pump,488.73,Medium
EVT-0003252,WO-2026-00381,Repair Started,2026-04-07 08:40:00,2026-04-07 09:45:00,T-201,Central Depot,C-Bay-1,EQ-1987,Pump,,Medium
EVT-0003253,WO-2026-00381,Repair Completed,2026-04-07 17:40:00,2026-04-07 17:50:00,T-201,Central Depot,C-Bay-1,EQ-1987,Pump,1868.31,High
EVT-0003254,WO-2026-00381,Tested,2026-04-07 20:03:00,2026-04-07 21:34:00,T-201,Central Depot,C-Bay-1,EQ-1987,Pump,2260.69,
EVT-0003255,WO-2026-00381,Returned to Service,2026-04-07 23:27:00,2026-04-08 01:25:00,T-201,Central Depot,C-Bay-1,EQ-1987,Pump,699.34,High
EVT-0003256,WO-2026-00382,Fault Reported,2026-03-13 10:46:00,2026-03-13 13:45:00,T-101,North Depot,S-Bay-1,EQ-1585,Compressor,,Medium
EVT-0003257,WO-2026-00382,Triaged,2026-03-13 12:04:00,2026-03-13 13:38:00,T-101,North Depot,S-Bay-1,EQ-1585,Compressor,1629.99,Low
EVT-0003258,WO-2026-00382,Parts Ordered,2026-03-15 20:04:00,2026-03-15 22:50:00,T-101,North Depot,S-Bay-1,EQ-1585,Compressor,537.22,Low
EVT-0003259,WO-2026-00382,Parts Received,2026-03-15 22:33:00,2026-03-16 01:05:00,T-101,North Depot,S-Bay-1,EQ-1585,Compressor,638.12,
EVT-0003260,WO-2026-00382,Repair Started,2026-03-16 00:33:00,2026-03-16 02:50:00,T-101,North Depot,S-Bay-1,EQ-1585,Compressor,471.39,Medium
EVT-0003261,WO-2026-00382,Repair Completed,2026-03-16 09:33:00,2026-03-16 11:44:00,T-101,North Depot,S-Bay-1,EQ-1585,Compressor,1976.60,
EVT-0003262,WO-2026-00382,Tested,2026-03-16 10:33:00,2026-03-16 12:27:00,T-101,North Depot,S-Bay-1,EQ-1585,Compressor,2123.75,
EVT-0003263,WO-2026-00382,Returned to Service,2026-03-16 13:07:00,2026-03-16 15:24:00,T-101,North Depot,S-Bay-1,EQ-1585,Compressor,,High
EVT-0003264,WO-2026-00383,Fault Reported,2026-01-14 12:10:00,2026-01-14 12:44:00,T-101,North Depot,C-Bay-1,EQ-1707,Conveyor,1247.92,Medium
EVT-0003265,WO-2026-00383,Triaged,2026-01-14 12:28:00,2026-01-14 13:46:00,T-101,North Depot,C-Bay-1,EQ-1707,Conveyor,1538.96,
EVT-0003266,WO-2026-00383,Parts Ordered,2026-01-16 02:28:00,2026-01-16 05:14:00,T-201,Central Depot,C-Bay-1,EQ-1707,Conveyor,2393.39,Low
EVT-0003267,WO-2026-00383,Parts Received,2026-01-16 03:58:00,2026-01-16 04:18:00,T-201,Central Depot,C-Bay-1,EQ-1707,Conveyor,1428.43,Low
EVT-0003268,WO-2026-00383,Repair Started,2026-01-16 06:58:00,2026-01-16 08:08:00,T-201,Central Depot,C-Bay-1,EQ-1707,Conveyor,1653.69,Low
EVT-0003269,WO-2026-00383,Repair Completed,2026-01-16 18:58:00,2026-01-16 20:58:00,T-102,North Depot,C-Bay-1,EQ-1707,Conveyor,1589.74,Medium
EVT-0003270,WO-2026-00383,Tested,2026-01-16 20:10:00,2026-01-16 20:58:00,T-102,North Depot,C-Bay-1,EQ-1707,Conveyor,2292.59,High
EVT-0003271,WO-2026-00383,Returned to Service,2026-01-16 21:00:00,2026-01-16 23:44:00,T-102,North Depot,C-Bay-1,EQ-1707,Conveyor,237.81,
EVT-0003272,WO-2026-00384,Fault Reported,2026-05-29 09:55:00,2026-05-29 11:33:00,T-302,Central Depot,C-Bay-1,EQ-1295,Compressor,2173.51,
,WO-2026-00384,Triaged,2026-05-29 10:37:00,2026-05-29 12:17:00,T-301,South Depot,C-Bay-1,EQ-1295,Compressor,1368.88,Low
,WO-2026-00385,Fault Reported,2026-04-13 20:49:00,2026-04-13 21:14:00,T-301,South Depot,C-Field,EQ-1581,Compressor,945.36,Medium
EVT-0003275,WO-2026-00385,Triaged,2026-04-13 22:18:00,2026-04-14 00:15:00,T-201,Central Depot,C-Field,EQ-1581,Compressor,819.83,Low
EVT-0003276,WO-2026-00385,Parts Ordered,2026-04-17 21:18:00,2026-04-18 00:13:00,T-201,Central Depot,C-Field,EQ-1581,Compressor,54.35,High
EVT-0003277,WO-2026-00385,Parts Received,2026-04-17 23:29:00,2026-04-18 01:09:00,T-201,Central Depot,C-Field,EQ-1581,Compressor,1692.34,High
EVT-0003278,WO-2026-00385,Repair Started,2026-04-18 00:29:00,2026-04-18 00:35:00,T-201,Central Depot,C-Field,EQ-1581,Compressor,1243.41,High
EVT-0003279,WO-2026-00385,Repair Completed,2026-04-18 12:29:00,2026-04-18 13:36:00,T-201,Central Depot,C-Field,EQ-1581,Compressor,839.20,Low
EVT-0003280,WO-2026-00385,Tested,2026-04-18 14:27:00,2026-04-18 16:16:00,T-201,Central Depot,C-Field,EQ-1581,Compressor,1442.77,Medium
,WO-2026-00385,Returned to Service,2026-04-18 14:57:00,2026-04-18 15:11:00,T-301,South Depot,C-Field,EQ-1581,Compressor,1727.01,
EVT-0003282,WO-2026-00386,Fault Reported,2026-03-31 16:06:00,2026-03-31 17:50:00,T-201,Central Depot,C-Field,EQ-1036,Generator,2539.52,High
EVT-0003283,WO-2026-00386,Triaged,2026-03-31 18:58:00,2026-03-31 21:53:00,T-201,Central Depot,C-Field,EQ-1036,Generator,2055.28,Medium
EVT-0003284,WO-2026-00386,Escalated to Specialist,2026-03-31 21:01:00,2026-03-31 22:32:00,T-201,Central Depot,C-Field,EQ-1036,Generator,2584.47,High
EVT-0003285,WO-2026-00386,Parts Ordered,2026-04-02 01:01:00,2026-04-02 02:25:00,T-201,Central Depot,C-Field,EQ-1036,Generator,1983.25,Medium
EVT-0003286,WO-2026-00386,Parts Received,2026-04-02 01:36:00,2026-04-02 02:07:00,T-201,Central Depot,C-Field,EQ-1036,Generator,1943.45,High
EVT-0003287,WO-2026-00386,Repair Started,2026-04-02 09:36:00,2026-04-02 10:11:00,T-201,Central Depot,C-Field,EQ-1036,Generator,2109.43,Low
EVT-0003288,WO-2026-00386,Repair Completed,2026-04-02 18:36:00,2026-04-02 21:20:00,T-201,Central Depot,C-Field,EQ-1036,Generator,418.12,High
EVT-0003289,WO-2026-00386,Tested,2026-04-02 19:35:00,2026-04-02 21:07:00,T-101,North Depot,C-Field,EQ-1036,Generator,,
EVT-0003290,WO-2026-00386,Returned to Service,2026-04-02 20:55:00,2026-04-02 22:26:00,T-101,North Depot,C-Field,EQ-1036,Generator,1446.13,
,WO-2026-00387,Fault Reported,2026-01-14 15:12:00,2026-01-14 16:42:00,T-302,South Depot,S-Field,EQ-1138,Valve Assembly,289.90,Low
,WO-2026-00387,Triaged,2026-01-14 16:51:00,2026-01-14 19:03:00,T-302,South Depot,S-Field,EQ-1138,Valve Assembly,650.90,High
,WO-2026-00387,Repair Started,2026-01-14 17:51:00,2026-01-14 19:07:00,T-302,South Depot,S-Field,EQ-1138,Valve Assembly,917.47,Low
EVT-0003294,WO-2026-00387,Repair Completed,2026-01-14 18:51:00,2026-01-14 21:22:00,T-102,North Depot,S-Field,EQ-1138,Valve Assembly,2432.67,Low
EVT-0003295,WO-2026-00387,Tested,2026-01-14 19:09:00,2026-01-14 19:37:00,T-102,North Depot,S-Field,EQ-1138,Valve Assembly,2283.08,High
,WO-2026-00387,Returned to Service,2026-01-14 20:43:00,2026-01-14 22:55:00,T-301,South Depot,S-Field,EQ-1138,Valve Assembly,1621.95,
EVT-0003297,WO-2026-00388,Fault Reported,2026-02-02 12:09:00,2026-02-02 14:02:00,T-101,North Depot,C-Bay-1,EQ-1669,Pump,,Low
EVT-0003298,WO-2026-00388,Triaged,2026-02-02 13:19:00,2026-02-02 14:18:00,T-101,North Depot,C-Bay-1,EQ-1669,Pump,,High
EVT-0003299,WO-2026-00388,Parts Ordered,2026-02-04 04:19:00,2026-02-04 06:39:00,T-101,North Depot,C-Bay-1,EQ-1669,Pump,1840.22,Low
EVT-0003300,WO-2026-00388,Parts Received,2026-02-04 06:43:00,2026-02-04 08:23:00,T-101,North Depot,C-Bay-1,EQ-1669,Pump,542.99,Medium
EVT-0003301,WO-2026-00388,Repair Started,2026-02-04 08:43:00,2026-02-04 10:06:00,T-101,North Depot,C-Bay-1,EQ-1669,Pump,,
EVT-0003302,WO-2026-00388,Repair Completed,2026-02-04 16:43:00,2026-02-04 17:34:00,T-101,North Depot,C-Bay-1,EQ-1669,Pump,42.07,Low
EVT-0003303,WO-2026-00388,Tested,2026-02-04 18:54:00,2026-02-04 20:10:00,T-101,North Depot,C-Bay-1,EQ-1669,Pump,,Low
EVT-0003304,WO-2026-00388,Repair Started,2026-02-04 22:54:00,2026-02-04 23:10:00,T-101,North Depot,C-Bay-1,EQ-1669,Pump,1310.93,Low
EVT-0003305,WO-2026-00388,Repair Completed,2026-02-05 01:54:00,2026-02-05 02:17:00,T-101,North Depot,C-Bay-1,EQ-1669,Pump,,
EVT-0003306,WO-2026-00388,Tested,2026-02-05 03:45:00,2026-02-05 05:32:00,T-101,North Depot,C-Bay-1,EQ-1669,Pump,2127.30,Low
EVT-0003307,WO-2026-00388,Returned to Service,2026-02-05 03:57:00,2026-02-05 05:17:00,T-101,North Depot,C-Bay-1,EQ-1669,Pump,,Medium
,WO-2026-00389,Fault Reported,2026-04-14 14:37:00,2026-04-14 16:04:00,T-301,South Depot,C-Bay-2,EQ-1453,Pump,858.08,Low
,WO-2026-00389,Triaged,2026-04-14 15:43:00,2026-04-14 16:28:00,T-301,South Depot,C-Bay-2,EQ-1453,Pump,2278.26,
,WO-2026-00389,Parts Ordered,2026-04-18 11:43:00,2026-04-18 14:26:00,T-301,South Depot,C-Bay-2,EQ-1453,Pump,1676.18,Low
,WO-2026-00389,Parts Received,2026-04-18 15:30:00,2026-04-18 16:45:00,T-301,South Depot,C-Bay-2,EQ-1453,Pump,417.53,
,WO-2026-00389,Repair Started,2026-04-18 23:30:00,2026-04-19 01:22:00,T-301,South Depot,C-Bay-2,EQ-1453,Pump,2551.62,
,WO-2026-00389,Repair Completed,2026-04-19 10:30:00,2026-04-19 11:55:00,T-301,South Depot,C-Bay-2,EQ-1453,Pump,406.85,
,WO-2026-00389,Tested,2026-04-19 12:43:00,2026-04-19 14:10:00,T-301,South Depot,C-Bay-2,EQ-1453,Pump,439.39,Low
,WO-2026-00389,Returned to Service,2026-04-19 13:39:00,2026-04-19 16:04:00,T-301,South Depot,C-Bay-2,EQ-1453,Pump,1811.75,High
EVT-0003316,WO-2026-00390,Fault Reported,2026-02-25 04:48:00,2026-02-25 05:36:00,T-101,North Depot,S-Field,EQ-1882,Pump,108.41,Low
EVT-0003317,WO-2026-00390,Triaged,2026-02-25 07:48:00,2026-02-25 10:45:00,T-101,North Depot,S-Field,EQ-1882,Pump,254.14,High
EVT-0003318,WO-2026-00390,Parts Ordered,2026-02-26 23:48:00,2026-02-27 02:05:00,T-101,North Depot,S-Field,EQ-1882,Pump,574.15,High
EVT-0003319,WO-2026-00390,Parts Received,2026-02-27 03:05:00,2026-02-27 03:25:00,T-101,North Depot,S-Field,EQ-1882,Pump,1900.72,
EVT-0003320,WO-2026-00390,Repair Started,2026-02-27 10:05:00,2026-02-27 12:06:00,T-101,North Depot,S-Field,EQ-1882,Pump,,High
EVT-0003321,WO-2026-00390,Repair Completed,2026-02-27 19:05:00,2026-02-27 20:15:00,T-101,North Depot,S-Field,EQ-1882,Pump,2325.20,
EVT-0003322,WO-2026-00390,Tested,2026-02-27 19:49:00,2026-02-27 20:25:00,T-101,North Depot,S-Field,EQ-1882,Pump,413.05,Medium
EVT-0003323,WO-2026-00390,Returned to Service,2026-02-27 23:07:00,2026-02-28 00:17:00,T-101,North Depot,S-Field,EQ-1882,Pump,170.81,High
,WO-2026-00391,Fault Reported,2026-05-22 17:59:00,2026-05-22 18:07:00,T-202,South Depot,N-Field,EQ-1972,Conveyor,1759.13,Low
,WO-2026-00391,Triaged,2026-05-22 21:53:00,2026-05-22 22:51:00,T-202,South Depot,N-Field,EQ-1972,Conveyor,2042.14,Low
,WO-2026-00391,Parts Ordered,2026-05-22 21:53:00,2026-05-22 23:39:00,T-202,South Depot,N-Field,EQ-1972,Conveyor,2505.61,Medium
,WO-2026-00391,Parts Received,2026-05-22 22:41:00,2026-05-23 01:14:00,T-202,South Depot,N-Field,EQ-1972,Conveyor,758.07,
,WO-2026-00391,Repair Started,2026-05-23 08:41:00,2026-05-23 10:16:00,T-202,South Depot,N-Field,EQ-1972,Conveyor,2190.24,Low
,WO-2026-00391,Repair Completed,2026-05-23 12:41:00,2026-05-23 14:00:00,T-202,South Depot,N-Field,EQ-1972,Conveyor,485.64,High
,WO-2026-00391,Tested,2026-05-23 14:18:00,2026-05-23 14:44:00,T-202,South Depot,N-Field,EQ-1972,Conveyor,398.34,Medium
,WO-2026-00391,Returned to Service,2026-05-23 17:21:00,2026-05-23 19:08:00,T-202,South Depot,N-Field,EQ-1972,Conveyor,586.92,Low
EVT-0003332,WO-2026-00392,Fault Reported,2026-01-25 06:29:00,2026-01-25 07:44:00,T-201,Central Depot,S-Field,EQ-1604,Compressor,1269.22,High
EVT-0003333,WO-2026-00392,Triaged,2026-01-25 07:41:00,2026-01-25 10:35:00,T-201,Central Depot,S-Field,EQ-1604,Compressor,635.04,
EVT-0003334,WO-2026-00392,Parts Ordered,2026-01-27 18:41:00,2026-01-27 20:34:00,T-201,Central Depot,S-Field,EQ-1604,Compressor,,Low
EVT-0003335,WO-2026-00392,Parts Received,2026-01-27 20:22:00,2026-01-27 23:13:00,T-201,Central Depot,S-Field,EQ-1604,Compressor,1283.66,Low
,WO-2026-00392,Repair Started,2026-01-28 02:22:00,2026-01-28 03:08:00,T-302,South Depot,S-Field,EQ-1604,Compressor,849.12,Medium
,WO-2026-00392,Repair Completed,2026-01-28 10:22:00,2026-01-28 11:37:00,T-302,South Depot,S-Field,EQ-1604,Compressor,169.58,Low
,WO-2026-00392,Tested,2026-01-28 14:15:00,2026-01-28 15:10:00,T-302,South Depot,S-Field,EQ-1604,Compressor,1094.53,High
,WO-2026-00392,Repair Started,2026-01-28 17:15:00,2026-01-28 20:01:00,T-302,South Depot,S-Field,EQ-1604,Compressor,905.16,
,WO-2026-00392,Repair Completed,2026-01-28 21:15:00,2026-01-28 22:08:00,T-302,South Depot,S-Field,EQ-1604,Compressor,2572.92,Low
,WO-2026-00392,Tested,2026-01-28 21:32:00,2026-01-28 21:40:00,T-302,South Depot,S-Field,EQ-1604,Compressor,,High
,WO-2026-00392,Returned to Service,2026-01-29 01:28:00,2026-01-29 02:30:00,T-302,South Depot,S-Field,EQ-1604,Compressor,,Medium
,WO-2026-00393,Fault Reported,2026-02-12 02:14:00,2026-02-12 04:15:00,T-302,South Depot,N-Bay-2,EQ-1853,Pump,,High
,WO-2026-00393,Triaged,2026-02-12 02:33:00,2026-02-12 03:15:00,T-302,South Depot,N-Bay-2,EQ-1853,Pump,1326.52,High
,WO-2026-00393,Parts Ordered,2026-02-14 11:33:00,2026-02-14 13:37:00,T-302,South Depot,N-Bay-2,EQ-1853,Pump,,Medium
EVT-0003346,WO-2026-00393,Parts Received,2026-02-14 14:39:00,2026-02-14 14:44:00,T-102,North Depot,N-Bay-2,EQ-1853,Pump,1320.12,
EVT-0003347,WO-2026-00393,Repair Started,2026-02-15 02:39:00,2026-02-15 03:18:00,T-102,North Depot,N-Bay-2,EQ-1853,Pump,1121.43,Low
EVT-0003348,WO-2026-00393,Repair Completed,2026-02-15 03:39:00,2026-02-15 05:10:00,T-102,North Depot,N-Bay-2,EQ-1853,Pump,1897.65,High
EVT-0003349,WO-2026-00393,Tested,2026-02-15 05:49:00,2026-02-15 07:40:00,T-102,North Depot,N-Bay-2,EQ-1853,Pump,1234.01,Medium
EVT-0003350,WO-2026-00393,Returned to Service,2026-02-15 09:45:00,2026-02-15 11:29:00,T-102,North Depot,N-Bay-2,EQ-1853,Pump,2162.74,Low
EVT-0003351,WO-2026-00394,Fault Reported,2026-02-08 13:27:00,2026-02-08 14:17:00,T-101,North Depot,N-Bay-1,EQ-1933,Conveyor,1020.36,Low
EVT-0003352,WO-2026-00394,Triaged,2026-02-08 14:57:00,2026-02-08 15:24:00,T-101,North Depot,N-Bay-1,EQ-1933,Conveyor,1342.86,Medium
EVT-0003353,WO-2026-00394,Parts Ordered,2026-02-10 19:57:00,2026-02-10 20:11:00,T-201,Central Depot,N-Bay-1,EQ-1933,Conveyor,1102.47,
EVT-0003354,WO-2026-00394,Parts Received,2026-02-10 20:57:00,2026-02-10 21:10:00,T-201,Central Depot,N-Bay-1,EQ-1933,Conveyor,390.29,Low
EVT-0003355,WO-2026-00394,Parts Ordered,2026-02-14 12:57:00,2026-02-14 14:19:00,T-201,Central Depot,N-Bay-1,EQ-1933,Conveyor,1578.53,
EVT-0003356,WO-2026-00394,Parts Received,2026-02-14 15:40:00,2026-02-14 17:24:00,T-201,Central Depot,N-Bay-1,EQ-1933,Conveyor,2257.28,
EVT-0003357,WO-2026-00394,Repair Started,2026-02-14 18:40:00,2026-02-14 20:06:00,T-201,Central Depot,N-Bay-1,EQ-1933,Conveyor,523.93,Medium
EVT-0003358,WO-2026-00394,Repair Completed,2026-02-15 03:40:00,2026-02-15 04:16:00,T-201,Central Depot,N-Bay-1,EQ-1933,Conveyor,248.61,High
EVT-0003359,WO-2026-00394,Tested,2026-02-15 04:40:00,2026-02-15 06:27:00,T-201,Central Depot,N-Bay-1,EQ-1933,Conveyor,,Low
EVT-0003360,WO-2026-00394,Returned to Service,2026-02-15 05:22:00,2026-02-15 05:29:00,T-201,Central Depot,N-Bay-1,EQ-1933,Conveyor,,Medium
EVT-0003361,WO-2026-00395,Fault Reported,2026-01-20 04:56:00,2026-01-20 05:40:00,T-101,North Depot,N-Bay-1,EQ-1514,Pump,467.16,High
EVT-0003362,WO-2026-00395,Triaged,2026-01-20 07:08:00,2026-01-20 09:45:00,T-101,North Depot,N-Bay-1,EQ-1514,Pump,1972.97,Medium
EVT-0003363,WO-2026-00395,Parts Ordered,2026-01-22 09:08:00,2026-01-22 09:13:00,T-101,North Depot,N-Bay-1,EQ-1514,Pump,1427.83,Medium
EVT-0003364,WO-2026-00395,Parts Received,2026-01-22 12:40:00,2026-01-22 15:21:00,T-101,North Depot,N-Bay-1,EQ-1514,Pump,1026.29,High
EVT-0003365,WO-2026-00395,Repair Started,2026-01-22 19:40:00,2026-01-22 21:28:00,T-101,North Depot,N-Bay-1,EQ-1514,Pump,134.95,Medium
EVT-0003366,WO-2026-00395,Repair Completed,2026-01-23 05:40:00,2026-01-23 05:47:00,T-101,North Depot,N-Bay-1,EQ-1514,Pump,361.48,
EVT-0003367,WO-2026-00395,Tested,2026-01-23 07:02:00,2026-01-23 07:47:00,T-101,North Depot,N-Bay-1,EQ-1514,Pump,1773.19,High
EVT-0003368,WO-2026-00395,Returned to Service,2026-01-23 08:19:00,2026-01-23 08:24:00,T-101,North Depot,N-Bay-1,EQ-1514,Pump,46.07,Low
,WO-2026-00396,Fault Reported,2026-05-15 15:58:00,2026-05-15 16:59:00,T-301,South Depot,S-Field,EQ-1189,Pump,1241.19,High
,WO-2026-00396,Triaged,2026-05-15 19:09:00,2026-05-15 20:18:00,T-301,South Depot,S-Field,EQ-1189,Pump,,
,WO-2026-00396,Parts Ordered,2026-05-17 11:09:00,2026-05-17 12:53:00,T-301,South Depot,S-Field,EQ-1189,Pump,1752.73,Low
,WO-2026-00396,Parts Received,2026-05-17 12:40:00,2026-05-17 15:27:00,T-301,South Depot,S-Field,EQ-1189,Pump,1106.53,Low
,WO-2026-00396,Repair Started,2026-05-17 20:40:00,2026-05-17 21:43:00,T-301,South Depot,S-Field,EQ-1189,Pump,1879.46,
,WO-2026-00396,Repair Completed,2026-05-17 21:40:00,2026-05-17 23:25:00,T-301,South Depot,S-Field,EQ-1189,Pump,998.22,High
,WO-2026-00396,Tested,2026-05-17 23:32:00,2026-05-18 02:07:00,T-301,South Depot,S-Field,EQ-1189,Pump,106.90,Low
EVT-0003376,WO-2026-00396,Returned to Service,2026-05-17 23:44:00,2026-05-17 23:52:00,T-201,Central Depot,S-Field,EQ-1189,Pump,2015.24,Low
,WO-2026-00397,Fault Reported,2026-03-23 07:09:00,2026-03-23 08:46:00,T-301,South Depot,C-Field,EQ-1314,Valve Assembly,1099.48,Low
,WO-2026-00397,Triaged,2026-03-23 09:10:00,2026-03-23 10:52:00,T-301,South Depot,C-Field,EQ-1314,Valve Assembly,1997.61,Medium
,WO-2026-00397,Parts Ordered,2026-03-27 06:10:00,2026-03-27 06:58:00,T-301,South Depot,C-Field,EQ-1314,Valve Assembly,573.60,
,WO-2026-00397,Parts Received,2026-03-27 08:13:00,2026-03-27 09:45:00,T-301,South Depot,C-Field,EQ-1314,Valve Assembly,2162.67,Low
,WO-2026-00397,Repair Started,2026-03-27 15:13:00,2026-03-27 17:15:00,T-301,South Depot,C-Field,EQ-1314,Valve Assembly,272.51,
,WO-2026-00397,Repair Completed,2026-03-27 16:13:00,2026-03-27 18:52:00,T-301,South Depot,C-Field,EQ-1314,Valve Assembly,1356.59,Low
,WO-2026-00397,Tested,2026-03-27 16:47:00,2026-03-27 18:40:00,T-301,South Depot,C-Field,EQ-1314,Valve Assembly,,High
,WO-2026-00397,Returned to Service,2026-03-27 20:23:00,2026-03-27 20:35:00,T-301,South Depot,C-Field,EQ-1314,Valve Assembly,1247.45,High
,WO-2026-00398,Fault Reported,2026-01-31 22:35:00,2026-01-31 22:44:00,T-302,South Depot,N-Bay-2,EQ-1405,Compressor,2414.04,High
,WO-2026-00398,Triaged,2026-02-01 01:17:00,2026-02-01 02:17:00,T-302,South Depot,N-Bay-2,EQ-1405,Compressor,2050.01,High
,WO-2026-00398,Parts Ordered,2026-02-03 14:17:00,2026-02-03 15:45:00,T-302,South Depot,N-Bay-2,EQ-1405,Compressor,2439.36,
,WO-2026-00398,Parts Received,2026-02-03 17:16:00,2026-02-03 19:14:00,T-302,South Depot,N-Bay-2,EQ-1405,Compressor,2463.76,Low
,WO-2026-00398,Parts Ordered,2026-02-06 03:16:00,2026-02-06 06:10:00,T-302,South Depot,N-Bay-2,EQ-1405,Compressor,185.02,Medium
,WO-2026-00398,Parts Received,2026-02-06 06:18:00,2026-02-06 07:25:00,T-302,South Depot,N-Bay-2,EQ-1405,Compressor,,High
,WO-2026-00398,Repair Started,2026-02-06 13:18:00,2026-02-06 14:59:00,T-302,South Depot,N-Bay-2,EQ-1405,Compressor,,High
EVT-0003392,WO-2026-00398,Repair Completed,2026-02-07 01:18:00,2026-02-07 04:07:00,T-102,North Depot,N-Bay-2,EQ-1405,Compressor,1774.37,High
EVT-0003393,WO-2026-00398,Tested,2026-02-07 04:59:00,2026-02-07 05:06:00,T-102,North Depot,N-Bay-2,EQ-1405,Compressor,,High
EVT-0003394,WO-2026-00398,Returned to Service,2026-02-07 08:50:00,2026-02-07 08:59:00,T-102,North Depot,N-Bay-2,EQ-1405,Compressor,1650.11,High
EVT-0003395,WO-2026-00399,Fault Reported,2026-02-26 10:38:00,2026-02-26 12:06:00,T-201,Central Depot,S-Bay-1,EQ-1789,Generator,,High
EVT-0003396,WO-2026-00399,Triaged,2026-02-26 11:17:00,2026-02-26 13:03:00,T-201,Central Depot,S-Bay-1,EQ-1789,Generator,250.38,Low
EVT-0003397,WO-2026-00399,Parts Ordered,2026-02-28 15:17:00,2026-02-28 15:37:00,T-201,Central Depot,S-Bay-1,EQ-1789,Generator,798.72,
,WO-2026-00399,Parts Received,2026-02-28 18:04:00,2026-02-28 19:50:00,T-302,South Depot,S-Bay-1,EQ-1789,Generator,1701.45,High
,WO-2026-00399,Repair Started,2026-03-01 03:04:00,2026-03-01 04:09:00,T-302,South Depot,S-Bay-1,EQ-1789,Generator,1117.01,High
,WO-2026-00399,Repair Completed,2026-03-01 06:04:00,2026-03-01 08:23:00,T-302,South Depot,S-Bay-1,EQ-1789,Generator,1724.60,High
,WO-2026-00399,Tested,2026-03-01 07:07:00,2026-03-01 07:25:00,T-302,South Depot,S-Bay-1,EQ-1789,Generator,,
,WO-2026-00399,Returned to Service,2026-03-01 08:10:00,2026-03-01 08:38:00,T-302,South Depot,S-Bay-1,EQ-1789,Generator,2168.37,High
EVT-0003403,WO-2026-00400,Fault Reported,2026-01-31 00:26:00,2026-01-31 03:20:00,T-201,Central Depot,N-Bay-2,EQ-1148,Valve Assembly,1724.84,Low
EVT-0003404,WO-2026-00400,Triaged,2026-01-31 02:10:00,2026-01-31 05:01:00,T-201,Central Depot,N-Bay-2,EQ-1148,Valve Assembly,672.48,Medium
EVT-0003405,WO-2026-00400,Triaged,2026-01-31 04:55:00,2026-01-31 06:31:00,T-201,Central Depot,N-Bay-2,EQ-1148,Valve Assembly,1582.51,
EVT-0003406,WO-2026-00400,Parts Ordered,2026-02-04 04:55:00,2026-02-04 05:54:00,T-201,Central Depot,N-Bay-2,EQ-1148,Valve Assembly,509.75,Low
EVT-0003407,WO-2026-00400,Parts Received,2026-02-04 08:26:00,2026-02-04 09:59:00,T-202,Central Depot,N-Bay-2,EQ-1148,Valve Assembly,,Medium
EVT-0003408,WO-2026-00400,Repair Started,2026-02-04 11:26:00,2026-02-04 13:48:00,T-202,Central Depot,N-Bay-2,EQ-1148,Valve Assembly,1352.79,
EVT-0003409,WO-2026-00400,Repair Completed,2026-02-04 19:26:00,2026-02-04 20:28:00,T-202,Central Depot,N-Bay-2,EQ-1148,Valve Assembly,2229.36,Medium
EVT-0003410,WO-2026-00400,Tested,2026-02-04 20:36:00,2026-02-04 23:04:00,T-202,Central Depot,N-Bay-2,EQ-1148,Valve Assembly,2499.48,
EVT-0003411,WO-2026-00400,Returned to Service,2026-02-04 22:45:00,2026-02-05 00:34:00,T-202,Central Depot,N-Bay-2,EQ-1148,Valve Assembly,1788.61,
